pid,label,publication,location,full_date,month_day,volume-notes,year,thumb,full,pepper's pages,pepper's links,index_terms,toc,manifest_all,manifest_indiv
obj1,"Thanksgiving. A Sermon delivered on Thanksgiving Day, November 27th 1851, by the Rev. S. Morais, Minister of the Congregation Mikveh Israel, Philadelphia.",The Asmonean,New York,"December 12, 1851",12-Dec,,1851,"https://iiif-images.library.upenn.edu/iiif/2/d90dbb65-ac53-4b92-a39f-eaf30c569bf8/full/!200,200/0/default.jpg","https://iiif-images.library.upenn.edu/iiif/2/d90dbb65-ac53-4b92-a39f-eaf30c569bf8/full/3500,/0/default.jpg",2,https://iiif-images.library.upenn.edu/iiif/3/d90dbb65-ac53-4b92-a39f-eaf30c569bf8/info.json,Asmonean|Literary associations|Republicanism|Spain|Thanksgiving|War of Independence (American),15,https://digitalrepository.library.upenn.edu/iiif/2/items/dc71c7fc-63d6-40e0-908e-ba8930064eba/manifest,https://iiif-images.library.upenn.edu/iiif/2/d90dbb65-ac53-4b92-a39f-eaf30c569bf8
obj2,"Thanksgiving Discourse. An Address. Delivered by a member of the order on the 24th of November, it being the Thanksgiving Day appointed by the Governor of the State of Pennsylvania.",The Masonic Mirror and Keystone,Philadelphia,"December 7, 1853",7-Dec,,1853,"https://iiif-images.library.upenn.edu/iiif/2/25af7bba-53de-490a-b553-271cd39abbc6/full/!200,200/0/default.jpg","https://iiif-images.library.upenn.edu/iiif/2/25af7bba-53de-490a-b553-271cd39abbc6/full/3500,/0/default.jpg",3b，3c,"https://iiif-images.library.upenn.edu/iiif/3/25af7bba-53de-490a-b553-271cd39abbc6/info.json , https://iiif-images.library.upenn.edu/iiif/3/730c41ac-7948-4e1e-b479-2a45bdea0ad9/info.json","Disasters, natural & man-made|Philadelphia|Public school|Republicanism|Thanksgiving",16,https://digitalrepository.library.upenn.edu/iiif/2/items/dc71c7fc-63d6-40e0-908e-ba8930064eba/manifest,https://iiif-images.library.upenn.edu/iiif/2/25af7bba-53de-490a-b553-271cd39abbc6|https://iiif-images.library.upenn.edu/iiif/2/730c41ac-7948-4e1e-b479-2a45bdea0ad9
obj3,"The History of the Jewish Nation, by Dr. Wise. [Letter] To Robert Lyon, Esq., Editor of The Asmonean, Philadelphia, January 9, 1854.",The Asmonean,New York,"January 20, 1854",20-Jan,,1854,"https://iiif-images.library.upenn.edu/iiif/2/e818fb1b-2f6c-419f-afbe-226014f84976/full/!200,200/0/default.jpg","https://iiif-images.library.upenn.edu/iiif/2/e818fb1b-2f6c-419f-afbe-226014f84976/full/3500,/0/default.jpg",4,https://iiif-images.library.upenn.edu/iiif/3/e818fb1b-2f6c-419f-afbe-226014f84976/info.json,"Abarbanel, Isaac ben Judah|Asmonean|Higher biblical criticism|Ibn Ezra, Abraham|Luzzatto, S.D. Prof.|Niebhur, Carstens|Wise, I. M.|History of the Jewish Nation",17,https://digitalrepository.library.upenn.edu/iiif/2/items/dc71c7fc-63d6-40e0-908e-ba8930064eba/manifest,https://iiif-images.library.upenn.edu/iiif/2/e818fb1b-2f6c-419f-afbe-226014f84976
obj4,"Dr. Wise's History. [Letter] To Robert Lyon, Esq., Editor of the ""Asmonean"", Philadelphia, 12th February, 1854.",The Asmonean,New York,"February 17, 1854",17-Feb,,1854,"https://iiif-images.library.upenn.edu/iiif/2/77a846ca-63e1-4767-91c1-3454fd49a114/full/!200,200/0/default.jpg","https://iiif-images.library.upenn.edu/iiif/2/77a846ca-63e1-4767-91c1-3454fd49a114/full/3500,/0/default.jpg",5,https://iiif-images.library.upenn.edu/iiif/3/77a846ca-63e1-4767-91c1-3454fd49a114/info.json,"Asmonean|Higher biblical criticism|Rapoport, S.L.|Wise, I. M.",18,https://digitalrepository.library.upenn.edu/iiif/2/items/dc71c7fc-63d6-40e0-908e-ba8930064eba/manifest,https://iiif-images.library.upenn.edu/iiif/2/77a846ca-63e1-4767-91c1-3454fd49a114
obj5,"The History of the Israelitish Nation by Dr. Wise. [Letter] To Robert Lyon, Esq., Editor of The Asmonean, Philadelphia, 9th March, 1854.",The Asmonean,New York,"March 17, 1854",17-Mar,,1854,"https://iiif-images.library.upenn.edu/iiif/2/41221baa-3827-4dbe-855c-b7da676d9a64/full/!200,200/0/default.jpg","https://iiif-images.library.upenn.edu/iiif/2/41221baa-3827-4dbe-855c-b7da676d9a64/full/3500,/0/default.jpg",6,https://iiif-images.library.upenn.edu/iiif/3/41221baa-3827-4dbe-855c-b7da676d9a64/info.json,"Asmonean|Ibn Ezra, Abraham|Wise, I. M.",19,https://digitalrepository.library.upenn.edu/iiif/2/items/dc71c7fc-63d6-40e0-908e-ba8930064eba/manifest,https://iiif-images.library.upenn.edu/iiif/2/41221baa-3827-4dbe-855c-b7da676d9a64
obj6,"Dr. Wise's History. Philadelphia, 6th April, 1854. [Letter to] Robert Lyon, Esq., Editor of The Asmonean.",The Asmonean,New York,"April 14, 1854",14-Apr,,1854,"https://iiif-images.library.upenn.edu/iiif/2/d2617ce6-7508-49b1-8ea0-08d6cc73550a/full/!200,200/0/default.jpg","https://iiif-images.library.upenn.edu/iiif/2/d2617ce6-7508-49b1-8ea0-08d6cc73550a/full/3500,/0/default.jpg",7,https://iiif-images.library.upenn.edu/iiif/3/d2617ce6-7508-49b1-8ea0-08d6cc73550a/info.json,"Asmonean|Ibn Ezra, Abraham|Wise, I. M.",20,https://digitalrepository.library.upenn.edu/iiif/2/items/dc71c7fc-63d6-40e0-908e-ba8930064eba/manifest,https://iiif-images.library.upenn.edu/iiif/2/d2617ce6-7508-49b1-8ea0-08d6cc73550a
obj7,"The Watchfulness of Providence over Nations. A Thanksgiving Address delivered by the Rev. S. Morais, Minister of the Portuguese Synagogue, of Philadelphia, on the 20th November, 1856.",The Asmonean,New York,"November 28, 1856",28-Nov,,1856,"https://iiif-images.library.upenn.edu/iiif/2/a912a25d-4aed-429d-858a-dcd48fdfbeee/full/!200,200/0/default.jpg","https://iiif-images.library.upenn.edu/iiif/2/a912a25d-4aed-429d-858a-dcd48fdfbeee/full/3500,/0/default.jpg",8,https://iiif-images.library.upenn.edu/iiif/3/a912a25d-4aed-429d-858a-dcd48fdfbeee/info.json,"Asmonean|Constitution, American|English antagonism|Knownothingism|Labour, condition of|Pennsylvania, Governor of|Prosperous|City of Fidelity|City of Love|City of Righteousness|Providence|Thanksgiving",21,https://digitalrepository.library.upenn.edu/iiif/2/items/dc71c7fc-63d6-40e0-908e-ba8930064eba/manifest,https://iiif-images.library.upenn.edu/iiif/2/a912a25d-4aed-429d-858a-dcd48fdfbeee
obj8,"Prayer and Address of the Rev. Morais, before the Jewish Foster Home Society, February 10, 1857.",The Asmonean,New York,"February 20, 1857",20-Feb,,1857,"https://iiif-images.library.upenn.edu/iiif/2/6b375eeb-7ebc-4f76-9155-ef1a2ad052d4/full/!200,200/0/default.jpg","https://iiif-images.library.upenn.edu/iiif/2/6b375eeb-7ebc-4f76-9155-ef1a2ad052d4/full/3500,/0/default.jpg",9,https://iiif-images.library.upenn.edu/iiif/3/6b375eeb-7ebc-4f76-9155-ef1a2ad052d4/info.json,"Asmonean|Charity|Gans, Daniel|Jewish Foster Home Society, Philadelphia|Jewish Foster Home and Orphan Asylum, Philadelphia|Domestic|Pauperism",22,https://digitalrepository.library.upenn.edu/iiif/2/items/dc71c7fc-63d6-40e0-908e-ba8930064eba/manifest,https://iiif-images.library.upenn.edu/iiif/2/6b375eeb-7ebc-4f76-9155-ef1a2ad052d4
obj9,A Protestant Jewish Church. Letter to the Editors of The Sunday Dispatch.,The Sunday Dispatch.,Philadelphia,"February 6, 1859",6-Feb,,1859,"https://iiif-images.library.upenn.edu/iiif/2/5c72fe00-a114-468a-aee1-12c78bfcc186/full/!200,200/0/default.jpg","https://iiif-images.library.upenn.edu/iiif/2/5c72fe00-a114-468a-aee1-12c78bfcc186/full/3500,/0/default.jpg",10,https://iiif-images.library.upenn.edu/iiif/3/5c72fe00-a114-468a-aee1-12c78bfcc186/info.json,"Holdheim, I.|Jerusalem|Rapoport, S.L.|Reform Judaism, (also ""Neology""/""Gentilism"")|Religion and Philosophy|Creeds and Opinions|Sachs, Dr.|Sunday Dispatch, The|Zunz, Leopold",23,https://digitalrepository.library.upenn.edu/iiif/2/items/dc71c7fc-63d6-40e0-908e-ba8930064eba/manifest,https://iiif-images.library.upenn.edu/iiif/2/5c72fe00-a114-468a-aee1-12c78bfcc186
obj10,Jewish Protestantism. [Letter] To the Editors of The Sunday Dispatch.,The Sunday Dispatch,Philadelphia,"February 20, 1859",20-Feb,,1859,"https://iiif-images.library.upenn.edu/iiif/2/5c72fe00-a114-468a-aee1-12c78bfcc186/full/!200,200/0/default.jpg","https://iiif-images.library.upenn.edu/iiif/2/5c72fe00-a114-468a-aee1-12c78bfcc186/full/3500,/0/default.jpg",10,https://iiif-images.library.upenn.edu/iiif/3/5c72fe00-a114-468a-aee1-12c78bfcc186/info.json,"Frederic the Great|Joseph II, H. R. E.|Luzzatto, S.D. Prof.|Rapoport, S.L.|Reform Judaism, (also ""Neology""/""Gentilism"")|Sunday Dispatch, The|Wessely, Hertz",24,https://digitalrepository.library.upenn.edu/iiif/2/items/dc71c7fc-63d6-40e0-908e-ba8930064eba/manifest,https://iiif-images.library.upenn.edu/iiif/2/5c72fe00-a114-468a-aee1-12c78bfcc186
obj11,A Discourse on the Resurrection of the Dead. By Maimonides. Translated for The Jewish Messenger by S. Morais.,The Jewish Messenger,New York,"September 16, 1859",16-Sep,,1859,"https://iiif-images.library.upenn.edu/iiif/2/9ddacd8b-a9d0-4bf7-b8fb-eab6bbbe8ccb/full/!200,200/0/default.jpg","https://iiif-images.library.upenn.edu/iiif/2/9ddacd8b-a9d0-4bf7-b8fb-eab6bbbe8ccb/full/3500,/0/default.jpg",11,https://iiif-images.library.upenn.edu/iiif/3/9ddacd8b-a9d0-4bf7-b8fb-eab6bbbe8ccb/info.json,Jewish Messenger|Discourse on the Resurrection of the Dead,25,https://digitalrepository.library.upenn.edu/iiif/2/items/dc71c7fc-63d6-40e0-908e-ba8930064eba/manifest,https://iiif-images.library.upenn.edu/iiif/2/9ddacd8b-a9d0-4bf7-b8fb-eab6bbbe8ccb
obj12,A Discourse on the Resurrection of the Dead. By Maimonides. Translated for The Jewish Messenger by S. Morais.,The Jewish Messenger,New York,"September 23, 1859",23-Sep,,1859,"https://iiif-images.library.upenn.edu/iiif/2/bac5329e-5fed-48f5-8975-a92e2ff12898/full/!200,200/0/default.jpg","https://iiif-images.library.upenn.edu/iiif/2/bac5329e-5fed-48f5-8975-a92e2ff12898/full/3500,/0/default.jpg",12,https://iiif-images.library.upenn.edu/iiif/3/bac5329e-5fed-48f5-8975-a92e2ff12898/info.json,Jewish Messenger|Discourse on the Resurrection of the Dead,26,https://digitalrepository.library.upenn.edu/iiif/2/items/dc71c7fc-63d6-40e0-908e-ba8930064eba/manifest,https://iiif-images.library.upenn.edu/iiif/2/bac5329e-5fed-48f5-8975-a92e2ff12898
obj13,A Discourse on the Resurrection of the Dead. By Maimonides. Translated for The Jewish Messenger by S. Morais.,The Jewish Messenger,New York,"September 27, 1859",27-Sep,,1859,"https://iiif-images.library.upenn.edu/iiif/2/29e89c7c-cb9f-4652-988a-942af458441b/full/!200,200/0/default.jpg","https://iiif-images.library.upenn.edu/iiif/2/29e89c7c-cb9f-4652-988a-942af458441b/full/3500,/0/default.jpg",13,https://iiif-images.library.upenn.edu/iiif/3/29e89c7c-cb9f-4652-988a-942af458441b/info.json,Jewish Messenger|Discourse on the Resurrection of the Dead,27,https://digitalrepository.library.upenn.edu/iiif/2/items/dc71c7fc-63d6-40e0-908e-ba8930064eba/manifest,https://iiif-images.library.upenn.edu/iiif/2/29e89c7c-cb9f-4652-988a-942af458441b
obj14,A Discourse on the Resurrection of the Dead. By Maimonides. Translated for The Jewish Messenger by S. Morais.,The Jewish Messenger,New York,"October 7, 1859",7-Oct,,1859,"https://iiif-images.library.upenn.edu/iiif/2/3ec5de6a-0a3c-4b57-968e-ce57ceb45433/full/!200,200/0/default.jpg","https://iiif-images.library.upenn.edu/iiif/2/3ec5de6a-0a3c-4b57-968e-ce57ceb45433/full/3500,/0/default.jpg",14,https://iiif-images.library.upenn.edu/iiif/3/3ec5de6a-0a3c-4b57-968e-ce57ceb45433/info.json,"Jewish Messenger|Discourse on the Resurrection of the Dead|Reggio, Isaac Samuel",28,https://digitalrepository.library.upenn.edu/iiif/2/items/dc71c7fc-63d6-40e0-908e-ba8930064eba/manifest,https://iiif-images.library.upenn.edu/iiif/2/3ec5de6a-0a3c-4b57-968e-ce57ceb45433
obj15,A Discourse on the Resurrection of the Dead. By Maimonides. Translated for The Jewish Messenger by S. Morais.,The Jewish Messenger,New York,"October 12, 1859",12-Oct,,1859,"https://iiif-images.library.upenn.edu/iiif/2/1da0720f-7f58-4cf6-a46d-5e5675ab9322/full/!200,200/0/default.jpg","https://iiif-images.library.upenn.edu/iiif/2/1da0720f-7f58-4cf6-a46d-5e5675ab9322/full/3500,/0/default.jpg",15,https://iiif-images.library.upenn.edu/iiif/3/1da0720f-7f58-4cf6-a46d-5e5675ab9322/info.json,"Jewish Messenger|Discourse on the Resurrection of the Dead|Rubinstein, Isaac",29,https://digitalrepository.library.upenn.edu/iiif/2/items/dc71c7fc-63d6-40e0-908e-ba8930064eba/manifest,https://iiif-images.library.upenn.edu/iiif/2/1da0720f-7f58-4cf6-a46d-5e5675ab9322
obj16,"Letter from Rev. S. Morais. Philadelphia, 18th January, 5620. To Rev. S.M. Isaacs & Son.",The Jewish Messenger,New York,"January 27, 1860",27-Jan,,1860,"https://iiif-images.library.upenn.edu/iiif/2/533c65fc-ee4c-4c42-ab14-e847c65b8ddb/full/!200,200/0/default.jpg","https://iiif-images.library.upenn.edu/iiif/2/533c65fc-ee4c-4c42-ab14-e847c65b8ddb/full/3500,/0/default.jpg",16,https://iiif-images.library.upenn.edu/iiif/3/533c65fc-ee4c-4c42-ab14-e847c65b8ddb/info.json,"Higher biblical criticism|Jewish Messenger|Luzzatto, S.D. Prof.",30,https://digitalrepository.library.upenn.edu/iiif/2/items/dc71c7fc-63d6-40e0-908e-ba8930064eba/manifest,https://iiif-images.library.upenn.edu/iiif/2/533c65fc-ee4c-4c42-ab14-e847c65b8ddb
obj17,"[Account of...] the consecration ceremony of the new Synagogue of the congregation Mikveh Israel... [Excerpted...] from The Philadelphia Inquirer, of May 25th.",The Jewish Messenger,New York,"June 1, 1860",1-Jun,,1860,"https://iiif-images.library.upenn.edu/iiif/2/bb92a4d5-4aae-4ee5-9d03-3d56fc5f0e85/full/!200,200/0/default.jpg","https://iiif-images.library.upenn.edu/iiif/2/bb92a4d5-4aae-4ee5-9d03-3d56fc5f0e85/full/3500,/0/default.jpg","17b,17c","https://iiif-images.library.upenn.edu/iiif/3/bb92a4d5-4aae-4ee5-9d03-3d56fc5f0e85/info.json,https://iiif-images.library.upenn.edu/iiif/3/35f0b30e-fe15-44d3-ad78-7171fe9d9e2f/info.json","Breidenbach, Rev. J.|Crown Street|Julianna Street|Leghorn|Etting, Ruben|Franks, Levi|Gratz, Michael|Gratz, Rebecca|Gratz, Simeon|Hassler, Mark|Higher biblical criticism|Isaacs, S. Meyer Rev|Jewish Messenger|Leeser, Rev I.|Madison, James|Mikveh Israel|Morris, Robert|Pape, Rev. G.|Jews move west in|Sabbath School|Solomon, Hayim|Architecture, see|Vadaver, H.|Washington, George",31,https://digitalrepository.library.upenn.edu/iiif/2/items/dc71c7fc-63d6-40e0-908e-ba8930064eba/manifest,https://iiif-images.library.upenn.edu/iiif/2/bb92a4d5-4aae-4ee5-9d03-3d56fc5f0e85|https://iiif-images.library.upenn.edu/iiif/2/35f0b30e-fe15-44d3-ad78-7171fe9d9e2f
obj18,"Correspondence. The Chalizah Question. [Letter to] Rev. S. M. Isaacs & Son, Editors of The Jewish Messenger.",The Jewish Messenger,New York,"September 14, 1860",14-Sep,,1860,"https://iiif-images.library.upenn.edu/iiif/2/7ae3d2e4-811d-49d0-a159-2162e40412b6/full/!200,200/0/default.jpg","https://iiif-images.library.upenn.edu/iiif/2/7ae3d2e4-811d-49d0-a159-2162e40412b6/full/3500,/0/default.jpg",18,https://iiif-images.library.upenn.edu/iiif/3/7ae3d2e4-811d-49d0-a159-2162e40412b6/info.json,"Chalizah|Shaarei Shamayim (London)|Jewish Messenger|Kalisch, Dr. Isidor",32,https://digitalrepository.library.upenn.edu/iiif/2/items/dc71c7fc-63d6-40e0-908e-ba8930064eba/manifest,https://iiif-images.library.upenn.edu/iiif/2/7ae3d2e4-811d-49d0-a159-2162e40412b6
obj19,"Correspondence. A refutation by S. Morais of ""A Polemic Essay,"" by Rev. Jacob M. de Solla of Montego Bay, in which he permits Mamzerim to marry indiscriminately among Israelites.",The Jewish Messenger,New York,"August 9, 1861",9-Aug,,1861,"https://iiif-images.library.upenn.edu/iiif/2/7ae3d2e4-811d-49d0-a159-2162e40412b6/full/!200,200/0/default.jpg","https://iiif-images.library.upenn.edu/iiif/2/7ae3d2e4-811d-49d0-a159-2162e40412b6/full/3500,/0/default.jpg",18,https://iiif-images.library.upenn.edu/iiif/3/7ae3d2e4-811d-49d0-a159-2162e40412b6/info.json,"Chalmers, Dr. Mamzer, law of the|Jewish Messenger|Solla (of Montego Bay), Jacob M. de",33,https://digitalrepository.library.upenn.edu/iiif/2/items/dc71c7fc-63d6-40e0-908e-ba8930064eba/manifest,https://iiif-images.library.upenn.edu/iiif/2/7ae3d2e4-811d-49d0-a159-2162e40412b6
obj20,"A Refutation. By S. Morais of ""A Polemic Essay"" by Rev. Jacob M. de Solla of Montego Bay [...].",The Jewish Messenger,New York,"August 23, 1861",23-Aug,,1861,"https://iiif-images.library.upenn.edu/iiif/2/cbc98053-625c-441e-981d-14decd363d6c/full/!200,200/0/default.jpg","https://iiif-images.library.upenn.edu/iiif/2/cbc98053-625c-441e-981d-14decd363d6c/full/3500,/0/default.jpg",19,https://iiif-images.library.upenn.edu/iiif/3/cbc98053-625c-441e-981d-14decd363d6c/info.json,"Chalmers, Dr. Mamzer, law of the|Jewish Messenger|Solla (of Montego Bay), Jacob M. de",34,https://digitalrepository.library.upenn.edu/iiif/2/items/dc71c7fc-63d6-40e0-908e-ba8930064eba/manifest,https://iiif-images.library.upenn.edu/iiif/2/cbc98053-625c-441e-981d-14decd363d6c
obj21,"A Refutation. By S. Morais of ""A Polemic Essay"" by Rev. Jacob M. de Solla of Montego Bay [...].",The Jewish Messenger,New York,"September 4, 1861",4-Sep,,1861,"https://iiif-images.library.upenn.edu/iiif/2/245852e3-7e96-49ff-8b59-741c081a4998/full/!200,200/0/default.jpg","https://iiif-images.library.upenn.edu/iiif/2/245852e3-7e96-49ff-8b59-741c081a4998/full/3500,/0/default.jpg",20,https://iiif-images.library.upenn.edu/iiif/3/245852e3-7e96-49ff-8b59-741c081a4998/info.json,"Chalmers, Dr.|Chalmers, Dr. Mamzer, law of the|Jewish Messenger|Solla (of Montego Bay), Jacob M. de",35,https://digitalrepository.library.upenn.edu/iiif/2/items/dc71c7fc-63d6-40e0-908e-ba8930064eba/manifest,https://iiif-images.library.upenn.edu/iiif/2/245852e3-7e96-49ff-8b59-741c081a4998
obj22,"Address. Delivered by the Rev. S. Morais, Minister of the Congregation Mikveh Israel, Philadelphia, on the National ""Fast Day.""",The Jewish Messenger,New York,"October 4, 1861",4-Oct,,1861,"https://iiif-images.library.upenn.edu/iiif/2/ecec179b-cdf2-4bb0-ab74-f505cce839ee/full/!200,200/0/default.jpg","https://iiif-images.library.upenn.edu/iiif/2/ecec179b-cdf2-4bb0-ab74-f505cce839ee/full/3500,/0/default.jpg",21,https://iiif-images.library.upenn.edu/iiif/3/ecec179b-cdf2-4bb0-ab74-f505cce839ee/info.json,"Civil War|Jewish Messenger|Lincoln, Abraham",36,https://digitalrepository.library.upenn.edu/iiif/2/items/dc71c7fc-63d6-40e0-908e-ba8930064eba/manifest,https://iiif-images.library.upenn.edu/iiif/2/ecec179b-cdf2-4bb0-ab74-f505cce839ee
obj23,"[Thanksgiving Day Address delivered at] the Synagogue of the Portuguese Jews, in Seventh Street, above Arch [...].",The Jewish Messenger,New York,"November 28, 1861",28-Nov,,1861,"https://iiif-images.library.upenn.edu/iiif/2/0d739c03-c0bb-4e24-8e6c-4f84f96c1d8a/full/!200,200/0/default.jpg","https://iiif-images.library.upenn.edu/iiif/2/0d739c03-c0bb-4e24-8e6c-4f84f96c1d8a/full/3500,/0/default.jpg",22,https://iiif-images.library.upenn.edu/iiif/3/0d739c03-c0bb-4e24-8e6c-4f84f96c1d8a/info.json,"Civil War|Jewish Messenger|Michael, H. I.|Keystone State|Thanksgiving",37,https://digitalrepository.library.upenn.edu/iiif/2/items/dc71c7fc-63d6-40e0-908e-ba8930064eba/manifest,https://iiif-images.library.upenn.edu/iiif/2/0d739c03-c0bb-4e24-8e6c-4f84f96c1d8a
obj24,"An Address. Delivered in accordance with the late proclamation of the President of the United States. By the Rev. S. Morais, minister of the Hebrew Congregation ""Mikveh Israel,"" on the first day of Passover, at the synagogue, Seventh Street, above Arch.",The Philadelphia Inquirer,Philadelphia,"April 23, 1862",23-Apr,,1862,"https://iiif-images.library.upenn.edu/iiif/2/0d739c03-c0bb-4e24-8e6c-4f84f96c1d8a/full/!200,200/0/default.jpg","https://iiif-images.library.upenn.edu/iiif/2/0d739c03-c0bb-4e24-8e6c-4f84f96c1d8a/full/3500,/0/default.jpg",22,https://iiif-images.library.upenn.edu/iiif/3/0d739c03-c0bb-4e24-8e6c-4f84f96c1d8a/info.json,"Civil War|Lincoln, Abraham",38,https://digitalrepository.library.upenn.edu/iiif/2/items/dc71c7fc-63d6-40e0-908e-ba8930064eba/manifest,https://iiif-images.library.upenn.edu/iiif/2/0d739c03-c0bb-4e24-8e6c-4f84f96c1d8a
obj25,"Address. Delivered by the Rev. S. Morais, at the Synagogue of the congregation ""Mikveh Israel,"" Philadelphia, on the Sabbath, July 4th, in response to the request of the ""Philadelphia Union League.""",The Jewish Messenger,New York,"July 10, 1863",10-Jul,,1863,"https://iiif-images.library.upenn.edu/iiif/2/0d739c03-c0bb-4e24-8e6c-4f84f96c1d8a/full/!200,200/0/default.jpg","https://iiif-images.library.upenn.edu/iiif/2/0d739c03-c0bb-4e24-8e6c-4f84f96c1d8a/full/3500,/0/default.jpg",22,https://iiif-images.library.upenn.edu/iiif/3/0d739c03-c0bb-4e24-8e6c-4f84f96c1d8a/info.json,Civil War|Jewish Messenger|Union League (of Philadelphia),39,https://digitalrepository.library.upenn.edu/iiif/2/items/dc71c7fc-63d6-40e0-908e-ba8930064eba/manifest,https://iiif-images.library.upenn.edu/iiif/2/0d739c03-c0bb-4e24-8e6c-4f84f96c1d8a
obj26,"A Sermon. Delivered in accordance with the Proclamation of the President of the United States, at the Synagogue in Seventh Street, above Arch, on the National Fast-day, by the Rev. S. Morais, Minister of the Congregation.",The Philadelphia Inquirer,Philadelphia,"May 2, 1863",2-May,,1863,"https://iiif-images.library.upenn.edu/iiif/2/94607ad4-8ca8-455a-96f0-3a6dac12c1ba/full/!200,200/0/default.jpg","https://iiif-images.library.upenn.edu/iiif/2/94607ad4-8ca8-455a-96f0-3a6dac12c1ba/full/3500,/0/default.jpg",23,https://iiif-images.library.upenn.edu/iiif/3/94607ad4-8ca8-455a-96f0-3a6dac12c1ba/info.json,Bandiera brothers|Civil War|Dante Alighieri|Italy|Petrarch,40,https://digitalrepository.library.upenn.edu/iiif/2/items/dc71c7fc-63d6-40e0-908e-ba8930064eba/manifest,https://iiif-images.library.upenn.edu/iiif/2/94607ad4-8ca8-455a-96f0-3a6dac12c1ba
obj27,Obituary [of Sara H. Hart].,The Jewish Messenger,New York,"June 5, 1863",5-Jun,,1863,"https://iiif-images.library.upenn.edu/iiif/2/94607ad4-8ca8-455a-96f0-3a6dac12c1ba/full/!200,200/0/default.jpg","https://iiif-images.library.upenn.edu/iiif/2/94607ad4-8ca8-455a-96f0-3a6dac12c1ba/full/3500,/0/default.jpg",23,https://iiif-images.library.upenn.edu/iiif/3/94607ad4-8ca8-455a-96f0-3a6dac12c1ba/info.json,"Hart, Sara H.|Jewish Messenger",41,https://digitalrepository.library.upenn.edu/iiif/2/items/dc71c7fc-63d6-40e0-908e-ba8930064eba/manifest,https://iiif-images.library.upenn.edu/iiif/2/94607ad4-8ca8-455a-96f0-3a6dac12c1ba
obj28,Hebrew. Discourse by Rev. S. Morais. Synagogue in Seventh Street.,The Philadelphia Inquirer,Philadelphia,"November 25, 1864",25-Nov,,1864,"https://iiif-images.library.upenn.edu/iiif/2/94607ad4-8ca8-455a-96f0-3a6dac12c1ba/full/!200,200/0/default.jpg","https://iiif-images.library.upenn.edu/iiif/2/94607ad4-8ca8-455a-96f0-3a6dac12c1ba/full/3500,/0/default.jpg",23,https://iiif-images.library.upenn.edu/iiif/3/94607ad4-8ca8-455a-96f0-3a6dac12c1ba/info.json,Atlanta|Civil War|Copperheads|Maryland|Slavery|Vicksburg,42,https://digitalrepository.library.upenn.edu/iiif/2/items/dc71c7fc-63d6-40e0-908e-ba8930064eba/manifest,https://iiif-images.library.upenn.edu/iiif/2/94607ad4-8ca8-455a-96f0-3a6dac12c1ba
obj29,"Hebrew. Address of Rev. S. Morais, at the Second Street Synagogue.",The Philadelphia Inquirer,Philadelphia,"April 20, 1865",20-Apr,,1865,"https://iiif-images.library.upenn.edu/iiif/2/3db32411-80ec-4bb3-95b3-bf814e5e40c1/full/!200,200/0/default.jpg","https://iiif-images.library.upenn.edu/iiif/2/3db32411-80ec-4bb3-95b3-bf814e5e40c1/full/3500,/0/default.jpg",24,https://iiif-images.library.upenn.edu/iiif/3/3db32411-80ec-4bb3-95b3-bf814e5e40c1/info.json,"Abolitionism|Confederacy, The|Everett|Lincoln, Abraham|Palestine|Quebec|Slavery",43,https://digitalrepository.library.upenn.edu/iiif/2/items/dc71c7fc-63d6-40e0-908e-ba8930064eba/manifest,https://iiif-images.library.upenn.edu/iiif/2/3db32411-80ec-4bb3-95b3-bf814e5e40c1
obj30,"Hebrew. Address by Rev. S. Morais, at the Seventh Street Synagogue.",The Philadelphia Inquirer,Philadelphia,"December 8, 1865",8-Dec,,1865,"https://iiif-images.library.upenn.edu/iiif/2/3db32411-80ec-4bb3-95b3-bf814e5e40c1/full/!200,200/0/default.jpg","https://iiif-images.library.upenn.edu/iiif/2/3db32411-80ec-4bb3-95b3-bf814e5e40c1/full/3500,/0/default.jpg",24,https://iiif-images.library.upenn.edu/iiif/3/3db32411-80ec-4bb3-95b3-bf814e5e40c1/info.json,"Capital punishment|Johnson, Andrew",44,https://digitalrepository.library.upenn.edu/iiif/2/items/dc71c7fc-63d6-40e0-908e-ba8930064eba/manifest,https://iiif-images.library.upenn.edu/iiif/2/3db32411-80ec-4bb3-95b3-bf814e5e40c1
obj31,Hebrew. Seventh Street Synagogue ? Sermon by Rev. S. Morais.,The Philadelphia Inquirer,Philadelphia,"November 5, 1866",5-Nov,,1866,"https://iiif-images.library.upenn.edu/iiif/2/a83d9a00-b783-428a-8da9-2ac56c209bdd/full/!200,200/0/default.jpg","https://iiif-images.library.upenn.edu/iiif/2/a83d9a00-b783-428a-8da9-2ac56c209bdd/full/3500,/0/default.jpg",25,https://iiif-images.library.upenn.edu/iiif/3/a83d9a00-b783-428a-8da9-2ac56c209bdd/info.json,"Disasters, natural & man-made|As advance troops of Universal Emancipation|Public school|Thanksgiving",45,https://digitalrepository.library.upenn.edu/iiif/2/items/dc71c7fc-63d6-40e0-908e-ba8930064eba/manifest,https://iiif-images.library.upenn.edu/iiif/2/a83d9a00-b783-428a-8da9-2ac56c209bdd
obj32,[The Hebrew Ritual]*,The Jewish Messenger,New York,"February 1, 1867",1-Feb,,1867,"https://iiif-images.library.upenn.edu/iiif/2/46b37a85-1e3a-4630-969e-afbd98ca8446/full/!200,200/0/default.jpg","https://iiif-images.library.upenn.edu/iiif/2/46b37a85-1e3a-4630-969e-afbd98ca8446/full/3500,/0/default.jpg",26,https://iiif-images.library.upenn.edu/iiif/3/46b37a85-1e3a-4630-969e-afbd98ca8446/info.json,"Jewish Messenger|Creating a unified American Rite|Occident, The",46,https://digitalrepository.library.upenn.edu/iiif/2/items/dc71c7fc-63d6-40e0-908e-ba8930064eba/manifest,https://iiif-images.library.upenn.edu/iiif/2/46b37a85-1e3a-4630-969e-afbd98ca8446
obj33,"The Character of a Jew. A Discourse Delivered on Sabbath [Yithro] by Rev. S. Morais, of Philadelphia.",The Jewish Messenger,New York,"February 15, 1867",15-Feb,,1867,"https://iiif-images.library.upenn.edu/iiif/2/171cedb1-0f03-46b2-9e7d-72eaa3295afc/full/!200,200/0/default.jpg","https://iiif-images.library.upenn.edu/iiif/2/171cedb1-0f03-46b2-9e7d-72eaa3295afc/full/3500,/0/default.jpg",27,https://iiif-images.library.upenn.edu/iiif/3/171cedb1-0f03-46b2-9e7d-72eaa3295afc/info.json,"Jewish Messenger|Maimonides, Moses",47,https://digitalrepository.library.upenn.edu/iiif/2/items/dc71c7fc-63d6-40e0-908e-ba8930064eba/manifest,https://iiif-images.library.upenn.edu/iiif/2/171cedb1-0f03-46b2-9e7d-72eaa3295afc
obj34,The Hebrew Ritual.,The Jewish Messenger,New York,"March 8, 1867",8-Mar,,1867,"https://iiif-images.library.upenn.edu/iiif/2/de00e75a-c6f6-4a0f-9455-026ff41ac5ef/full/!200,200/0/default.jpg","https://iiif-images.library.upenn.edu/iiif/2/de00e75a-c6f6-4a0f-9455-026ff41ac5ef/full/3500,/0/default.jpg",28,https://iiif-images.library.upenn.edu/iiif/3/de00e75a-c6f6-4a0f-9455-026ff41ac5ef/info.json,Jewish Messenger|Creating a unified American Rite|and social virtue,48,https://digitalrepository.library.upenn.edu/iiif/2/items/dc71c7fc-63d6-40e0-908e-ba8930064eba/manifest,https://iiif-images.library.upenn.edu/iiif/2/de00e75a-c6f6-4a0f-9455-026ff41ac5ef
obj35,"Charity. A sermon delivered in aid of the ?Hebrew Relief Association,? by the Rev. S. Morais, on the evening of the 12th inst., at Philadelphia, Pennsylvania.",The Jewish Messenger,New York,"March 22, 1867",22-Mar,,1867,"https://iiif-images.library.upenn.edu/iiif/2/e1101e4d-f0c1-487e-a2fd-02d91344ccc5/full/!200,200/0/default.jpg","https://iiif-images.library.upenn.edu/iiif/2/e1101e4d-f0c1-487e-a2fd-02d91344ccc5/full/3500,/0/default.jpg","29b,29c","https://iiif-images.library.upenn.edu/iiif/3/e1101e4d-f0c1-487e-a2fd-02d91344ccc5/info.json, https://iiif-images.library.upenn.edu/iiif/3/9dde4153-c45a-40f5-9e6f-6e61b3a3648b/info.json","Charity|Hebrew Relief Association|Jewish Messenger|Leeser, Rev I.|Peabody, George|United Hebrew Charities",49,https://digitalrepository.library.upenn.edu/iiif/2/items/dc71c7fc-63d6-40e0-908e-ba8930064eba/manifest,https://iiif-images.library.upenn.edu/iiif/2/e1101e4d-f0c1-487e-a2fd-02d91344ccc5|https://iiif-images.library.upenn.edu/iiif/2/9dde4153-c45a-40f5-9e6f-6e61b3a3648b
obj36,The Hebrew Ritual.,The Jewish Messenger,New York,"April 12, 1867",12-Apr,,1867,"https://iiif-images.library.upenn.edu/iiif/2/728f1449-e8ee-45ed-ba81-33dc2ed72206/full/!200,200/0/default.jpg","https://iiif-images.library.upenn.edu/iiif/2/728f1449-e8ee-45ed-ba81-33dc2ed72206/full/3500,/0/default.jpg",30,https://iiif-images.library.upenn.edu/iiif/3/728f1449-e8ee-45ed-ba81-33dc2ed72206/info.json,"Chorin, Aaron|Dukes family|Endelmann family|Jewish Messenger|Creating a unified American Rite|Rapoport, S.L.",50,https://digitalrepository.library.upenn.edu/iiif/2/items/dc71c7fc-63d6-40e0-908e-ba8930064eba/manifest,https://iiif-images.library.upenn.edu/iiif/2/728f1449-e8ee-45ed-ba81-33dc2ed72206
obj37,"An Address by Rev. S. Morais. An Address delivered by the Rev. S. Morais, at the Synagogue in Seventh Street, above Arch, against a bishop's proclamation to seek the conversion of Jews.",The Press,Philadelphia,"April 29, 1867",29-Apr,,1867,"https://iiif-images.library.upenn.edu/iiif/2/bc487c80-dbf9-461f-9bff-b725ca3183b7/full/!200,200/0/default.jpg","https://iiif-images.library.upenn.edu/iiif/2/bc487c80-dbf9-461f-9bff-b725ca3183b7/full/3500,/0/default.jpg",31,https://iiif-images.library.upenn.edu/iiif/3/bc487c80-dbf9-461f-9bff-b725ca3183b7/info.json,Christian evangelism|Touros,51,https://digitalrepository.library.upenn.edu/iiif/2/items/dc71c7fc-63d6-40e0-908e-ba8930064eba/manifest,https://iiif-images.library.upenn.edu/iiif/2/bc487c80-dbf9-461f-9bff-b725ca3183b7
obj38,Sin Begets Suffering. A discourse for the Sabbath before Passover. Delivered in Philadelphia by the Rev. S. Morais.,The Jewish Messenger,New York,"May 3, 1867",3-May,,1867,"https://iiif-images.library.upenn.edu/iiif/2/ed21405e-7a61-4297-bdfd-1c7704be1bfd/full/!200,200/0/default.jpg","https://iiif-images.library.upenn.edu/iiif/2/ed21405e-7a61-4297-bdfd-1c7704be1bfd/full/3500,/0/default.jpg",32,https://iiif-images.library.upenn.edu/iiif/3/ed21405e-7a61-4297-bdfd-1c7704be1bfd/info.json,Anti-Semitism and its good effect|Christian evangelism|Fraud charge|Jewish Messenger,52,https://digitalrepository.library.upenn.edu/iiif/2/items/dc71c7fc-63d6-40e0-908e-ba8930064eba/manifest,https://iiif-images.library.upenn.edu/iiif/2/ed21405e-7a61-4297-bdfd-1c7704be1bfd
obj39,Letters From The People. A Correction. [Letter] To the Editors of The Press.,The Press,Philadelphia,"May 10, 1867",10-May,,1867,"https://iiif-images.library.upenn.edu/iiif/2/ed21405e-7a61-4297-bdfd-1c7704be1bfd/full/!200,200/0/default.jpg","https://iiif-images.library.upenn.edu/iiif/2/ed21405e-7a61-4297-bdfd-1c7704be1bfd/full/3500,/0/default.jpg",32,https://iiif-images.library.upenn.edu/iiif/3/ed21405e-7a61-4297-bdfd-1c7704be1bfd/info.json,"Artom, Isaac|Cavalieri, E.: Cavour, C.|Delitzch, Franz|Ewald, H.|Hallevi|Lavater, Johan Casper|Mendelssohn, Moses|Meyerbeer, G.|Protestant Episcopal Association",53,https://digitalrepository.library.upenn.edu/iiif/2/items/dc71c7fc-63d6-40e0-908e-ba8930064eba/manifest,https://iiif-images.library.upenn.edu/iiif/2/ed21405e-7a61-4297-bdfd-1c7704be1bfd
obj40,An Open Letter.,The Jewish Messenger,New York,"August 30, 1867",30-Aug,,1867,"https://iiif-images.library.upenn.edu/iiif/2/0cf91675-c11b-455b-af8d-e8b1212a0d17/full/!200,200/0/default.jpg","https://iiif-images.library.upenn.edu/iiif/2/0cf91675-c11b-455b-af8d-e8b1212a0d17/full/3500,/0/default.jpg",33,https://iiif-images.library.upenn.edu/iiif/3/0cf91675-c11b-455b-af8d-e8b1212a0d17/info.json,"Abolitionism|Archivolti|Gesenius, H.|Ibn Ezra, Abraham|Ibn Ganach, Jonah|Israelite, The|Jewish Messenger|Luzzatto, S.D. Prof.|Maimonides College|Salvador, J.|History of the Jewish Nation",54,https://digitalrepository.library.upenn.edu/iiif/2/items/dc71c7fc-63d6-40e0-908e-ba8930064eba/manifest,https://iiif-images.library.upenn.edu/iiif/2/0cf91675-c11b-455b-af8d-e8b1212a0d17
obj41,A Penitential Sermon. By Rev. S. Morais of Philadelphia.,The Jewish Messenger,New York,"October 25, 1867",25-Oct,,1867,"https://iiif-images.library.upenn.edu/iiif/2/50dd72a0-8206-4f70-8999-a8004d08d4ce/full/!200,200/0/default.jpg","https://iiif-images.library.upenn.edu/iiif/2/50dd72a0-8206-4f70-8999-a8004d08d4ce/full/3500,/0/default.jpg",34,https://iiif-images.library.upenn.edu/iiif/3/50dd72a0-8206-4f70-8999-a8004d08d4ce/info.json,"Jewish Messenger|Reform Judaism, (also ""Neology""/""Gentilism"")",55,https://digitalrepository.library.upenn.edu/iiif/2/items/dc71c7fc-63d6-40e0-908e-ba8930064eba/manifest,https://iiif-images.library.upenn.edu/iiif/2/50dd72a0-8206-4f70-8999-a8004d08d4ce
obj42,"Hebrew. Address by Rev. S. Morais, at the Synagogue, Seventh Street, above Arch.",The Philadelphia Inquirer,Philadelphia,"November 29, 1867",29-Nov,,1867,"https://iiif-images.library.upenn.edu/iiif/2/eb0953dd-0075-4fab-8768-5bf53675d5c3/full/!200,200/0/default.jpg","https://iiif-images.library.upenn.edu/iiif/2/eb0953dd-0075-4fab-8768-5bf53675d5c3/full/3500,/0/default.jpg",35,https://iiif-images.library.upenn.edu/iiif/3/eb0953dd-0075-4fab-8768-5bf53675d5c3/info.json,"Disasters, natural & man-made|Italy|Pennsylvania, Governor of|Pulpit & politics|Thanksgiving",56,https://digitalrepository.library.upenn.edu/iiif/2/items/dc71c7fc-63d6-40e0-908e-ba8930064eba/manifest,https://iiif-images.library.upenn.edu/iiif/2/eb0953dd-0075-4fab-8768-5bf53675d5c3
obj43,"In Memoriam. A Eulogy on the Late Rev. Isaac Leeser, Delivered at the Synagogue, Seventh Street, above Arch, on February 8, by the Rev. S. Morais, Minister of the Congregation.",The Philadelphia Inquirer,Philadelphia,"February 13, 1867",13-Feb,,1867,"https://iiif-images.library.upenn.edu/iiif/2/eb0953dd-0075-4fab-8768-5bf53675d5c3/full/!200,200/0/default.jpg","https://iiif-images.library.upenn.edu/iiif/2/eb0953dd-0075-4fab-8768-5bf53675d5c3/full/3500,/0/default.jpg",35,https://iiif-images.library.upenn.edu/iiif/3/eb0953dd-0075-4fab-8768-5bf53675d5c3/info.json,"Leeser, Rev I.|Luzzatto, S.D. Prof.|Munk, S.|Rapoport, S.L.",57,https://digitalrepository.library.upenn.edu/iiif/2/items/dc71c7fc-63d6-40e0-908e-ba8930064eba/manifest,https://iiif-images.library.upenn.edu/iiif/2/eb0953dd-0075-4fab-8768-5bf53675d5c3
obj44,"Hebrew. Sermon delivered by the Rev. S. Morais at the Synagogue, in Seventh Street, below Arch.",The Philadelphia Inquirer,Philadelphia,"November 27, 1868",27-Nov,,1868,"https://iiif-images.library.upenn.edu/iiif/2/2a349371-21fe-47e4-9eaa-9b0c33fa1f0d/full/!200,200/0/default.jpg","https://iiif-images.library.upenn.edu/iiif/2/2a349371-21fe-47e4-9eaa-9b0c33fa1f0d/full/3500,/0/default.jpg",36,https://iiif-images.library.upenn.edu/iiif/3/2a349371-21fe-47e4-9eaa-9b0c33fa1f0d/info.json,"Disasters, natural & man-made|Pennsylvania, Governor of|Spain",58,https://digitalrepository.library.upenn.edu/iiif/2/items/dc71c7fc-63d6-40e0-908e-ba8930064eba/manifest,https://iiif-images.library.upenn.edu/iiif/2/2a349371-21fe-47e4-9eaa-9b0c33fa1f0d
obj45,"An Address Suggested by Learning of the Workings of ""The Society for the Prevention of Cruelty to Animals."" Delivered on Saturday, January 30, by S. Morais, Minister of the Congregation.",The Philadelphia North American and United States Gazette,Philadelphia,"February 6, 1869",6-Feb,,1869,"https://iiif-images.library.upenn.edu/iiif/2/f8e4f016-418b-401c-89fe-83aa6a79a2ea/full/!200,200/0/default.jpg","https://iiif-images.library.upenn.edu/iiif/2/f8e4f016-418b-401c-89fe-83aa6a79a2ea/full/3500,/0/default.jpg",37,https://iiif-images.library.upenn.edu/iiif/3/f8e4f016-418b-401c-89fe-83aa6a79a2ea/info.json,"Adler, Dr. Nathan M. (Chief Rabbi of Great Britain)|Bergh, Henry|and Ritual Slaughter|Kayserling, Dr. M.|Porter, Judge|Slaughtering Techniques|Society for the Prevention of Cruelty to Animals",59,https://digitalrepository.library.upenn.edu/iiif/2/items/dc71c7fc-63d6-40e0-908e-ba8930064eba/manifest,https://iiif-images.library.upenn.edu/iiif/2/f8e4f016-418b-401c-89fe-83aa6a79a2ea
obj46,Modern Hebrew Poetry [Letter to the Editors].,The Jewish Messenger,New York,"June 4, 1869",4-Jun,,1869,"https://iiif-images.library.upenn.edu/iiif/2/f8e4f016-418b-401c-89fe-83aa6a79a2ea/full/!200,200/0/default.jpg","https://iiif-images.library.upenn.edu/iiif/2/f8e4f016-418b-401c-89fe-83aa6a79a2ea/full/3500,/0/default.jpg",37,https://iiif-images.library.upenn.edu/iiif/3/f8e4f016-418b-401c-89fe-83aa6a79a2ea/info.json,"Modern|Jewish Messenger|Letteris, Mayer M.|Luzzatto, S.D. Prof.|Reggio, Isaac Samuel|Vidaver, Dr. Henry",60,https://digitalrepository.library.upenn.edu/iiif/2/items/dc71c7fc-63d6-40e0-908e-ba8930064eba/manifest,https://iiif-images.library.upenn.edu/iiif/2/f8e4f016-418b-401c-89fe-83aa6a79a2ea
obj47,"Sectarianism and the Constitution. ""Whenever sectarianism becomes a part of the Constitution of the United States, the doom of the American Republic is sealed,"" The Sunday Dispatch, June 13, 1869. [Letter] To the Editors of The Sunday Dispatch.",The Sunday Dispatch,Philadelphia,"June 20, 1869",20-Jun,,1869,"https://iiif-images.library.upenn.edu/iiif/2/f796fa68-1637-454a-a33d-3b6773d99d3e/full/!200,200/0/default.jpg","https://iiif-images.library.upenn.edu/iiif/2/f796fa68-1637-454a-a33d-3b6773d99d3e/full/3500,/0/default.jpg",38,https://iiif-images.library.upenn.edu/iiif/3/f796fa68-1637-454a-a33d-3b6773d99d3e/info.json,"Constitution, American|Constitution, American: Christianizing|Sunday Dispatch, The",61,https://digitalrepository.library.upenn.edu/iiif/2/items/dc71c7fc-63d6-40e0-908e-ba8930064eba/manifest,https://iiif-images.library.upenn.edu/iiif/2/f796fa68-1637-454a-a33d-3b6773d99d3e
obj48,Modern Hebrew Poetry.,The Jewish Messenger,New York,"June 25, 1869",25-Jun,,1869,"https://iiif-images.library.upenn.edu/iiif/2/f796fa68-1637-454a-a33d-3b6773d99d3e/full/!200,200/0/default.jpg","https://iiif-images.library.upenn.edu/iiif/2/f796fa68-1637-454a-a33d-3b6773d99d3e/full/3500,/0/default.jpg",38,https://iiif-images.library.upenn.edu/iiif/3/f796fa68-1637-454a-a33d-3b6773d99d3e/info.json,"Ha-Maggid|Modern|Jeitelles, Judah|Jewish Messenger|Letteris, Mayer M.|Luzzatto, S.D. Prof.|Meassephim|Metastasio",62,https://digitalrepository.library.upenn.edu/iiif/2/items/dc71c7fc-63d6-40e0-908e-ba8930064eba/manifest,https://iiif-images.library.upenn.edu/iiif/2/f796fa68-1637-454a-a33d-3b6773d99d3e
obj49,The Soldier and the Sage.,The Jewish Messenger,New York,"July 2, 1869",2-Jul,,1869,"https://iiif-images.library.upenn.edu/iiif/2/8c44032d-9520-4538-bf96-0855c03d1511/full/!200,200/0/default.jpg","https://iiif-images.library.upenn.edu/iiif/2/8c44032d-9520-4538-bf96-0855c03d1511/full/3500,/0/default.jpg",39,https://iiif-images.library.upenn.edu/iiif/3/8c44032d-9520-4538-bf96-0855c03d1511/info.json,"Archives Isra?lites de France|Bayle, Pierre|Galicia|Jellinek, Dr. Adolph|Jewish Messenger|Lemberg|Military draft|Anshe Hashem",63,https://digitalrepository.library.upenn.edu/iiif/2/items/dc71c7fc-63d6-40e0-908e-ba8930064eba/manifest,https://iiif-images.library.upenn.edu/iiif/2/8c44032d-9520-4538-bf96-0855c03d1511
obj50,"Rapoport Encyclopedia. The author's ""introduction"" ? translated for The Jewish Messenger by [...] S. Morais.",The Jewish Messenger,New York,"November 12, 1869",12-Nov,,1869,"https://iiif-images.library.upenn.edu/iiif/2/8c44032d-9520-4538-bf96-0855c03d1511/full/!200,200/0/default.jpg","https://iiif-images.library.upenn.edu/iiif/2/8c44032d-9520-4538-bf96-0855c03d1511/full/3500,/0/default.jpg",39,https://iiif-images.library.upenn.edu/iiif/3/8c44032d-9520-4538-bf96-0855c03d1511/info.json,Jewish Messenger|Encyclopedia,64,https://digitalrepository.library.upenn.edu/iiif/2/items/dc71c7fc-63d6-40e0-908e-ba8930064eba/manifest,https://iiif-images.library.upenn.edu/iiif/2/8c44032d-9520-4538-bf96-0855c03d1511
obj51,"Hebrew. Sermon by the Rev. S. Morais of the Congregation ""Mikveh Israel."" Seventh Street and Arch.",The Philadelphia Inquirer,Philadelphia,"November 19, 1869",19-Nov,,1869,"https://iiif-images.library.upenn.edu/iiif/2/af7827d7-3f68-43ca-9142-b9f342d801bd/full/!200,200/0/default.jpg","https://iiif-images.library.upenn.edu/iiif/2/af7827d7-3f68-43ca-9142-b9f342d801bd/full/3500,/0/default.jpg",40,https://iiif-images.library.upenn.edu/iiif/3/af7827d7-3f68-43ca-9142-b9f342d801bd/info.json,"Peabody, George|Thanksgiving",65,https://digitalrepository.library.upenn.edu/iiif/2/items/dc71c7fc-63d6-40e0-908e-ba8930064eba/manifest,https://iiif-images.library.upenn.edu/iiif/2/af7827d7-3f68-43ca-9142-b9f342d801bd
obj52,The Late Conference. Rev. S. Morais writes as follows to The Philadelphia Age: [...].,The Jewish Messenger,New York,"November 19, 1869",19-Nov,,1869,"https://iiif-images.library.upenn.edu/iiif/2/af7827d7-3f68-43ca-9142-b9f342d801bd/full/!200,200/0/default.jpg","https://iiif-images.library.upenn.edu/iiif/2/af7827d7-3f68-43ca-9142-b9f342d801bd/full/3500,/0/default.jpg",40,https://iiif-images.library.upenn.edu/iiif/3/af7827d7-3f68-43ca-9142-b9f342d801bd/info.json,"Hirsch, Samuel|Jewish Messenger|Rabbinical Conference",66,https://digitalrepository.library.upenn.edu/iiif/2/items/dc71c7fc-63d6-40e0-908e-ba8930064eba/manifest,https://iiif-images.library.upenn.edu/iiif/2/af7827d7-3f68-43ca-9142-b9f342d801bd
obj53,"Rapoport Encyclopedia. The author's ""Introduction"" ? translated for The Jewish Messenger by the Rev. S. Morais.",The Jewish Messenger,New York,"November 26, 1869",26-Nov,,1869,"https://iiif-images.library.upenn.edu/iiif/2/72b34c24-4e37-421e-a18c-3c01df07d06c/full/!200,200/0/default.jpg","https://iiif-images.library.upenn.edu/iiif/2/72b34c24-4e37-421e-a18c-3c01df07d06c/full/3500,/0/default.jpg",41,https://iiif-images.library.upenn.edu/iiif/3/72b34c24-4e37-421e-a18c-3c01df07d06c/info.json,Jewish Messenger|Encyclopedia,67,https://digitalrepository.library.upenn.edu/iiif/2/items/dc71c7fc-63d6-40e0-908e-ba8930064eba/manifest,https://iiif-images.library.upenn.edu/iiif/2/72b34c24-4e37-421e-a18c-3c01df07d06c
obj54,"Rapoport Encyclopedia. The author's ""Introduction"" ? translated for The Jewish Messenger by the Rev. S. Morais.",The Jewish Messenger,New York,"December 17, 1869",17-Dec,,1869,"https://iiif-images.library.upenn.edu/iiif/2/76717f79-7f38-4405-a124-eb5e8533904b/full/!200,200/0/default.jpg","https://iiif-images.library.upenn.edu/iiif/2/76717f79-7f38-4405-a124-eb5e8533904b/full/3500,/0/default.jpg",42,https://iiif-images.library.upenn.edu/iiif/3/76717f79-7f38-4405-a124-eb5e8533904b/info.json,Jewish Messenger|Encyclopedia,68,https://digitalrepository.library.upenn.edu/iiif/2/items/dc71c7fc-63d6-40e0-908e-ba8930064eba/manifest,https://iiif-images.library.upenn.edu/iiif/2/76717f79-7f38-4405-a124-eb5e8533904b
obj55,Capital Punishment.,Sunday Dispatch,Philadelphia,"February 27, 1870",27-Feb,,1870,"https://iiif-images.library.upenn.edu/iiif/2/11944aa4-edce-483b-9076-48a22eacb776/full/!200,200/0/default.jpg","https://iiif-images.library.upenn.edu/iiif/2/11944aa4-edce-483b-9076-48a22eacb776/full/3500,/0/default.jpg",43,https://iiif-images.library.upenn.edu/iiif/3/11944aa4-edce-483b-9076-48a22eacb776/info.json,"Capital punishment|Sunday Dispatch, The",69,https://digitalrepository.library.upenn.edu/iiif/2/items/dc71c7fc-63d6-40e0-908e-ba8930064eba/manifest,https://iiif-images.library.upenn.edu/iiif/2/11944aa4-edce-483b-9076-48a22eacb776
obj56,"Our City. The Pulpit. We present this morning the following sermon on, ""The Devil and the Supposed Existence of Evil Spirits,"" delivered by the Rev. S. Morais, in the synagogue in Seventh Street, above Arch.",The Day,Philadelphia,"March 28, 1870",28-Mar,,1870,"https://iiif-images.library.upenn.edu/iiif/2/d81f89c4-fb42-4743-811e-21400e0f6413/full/!200,200/0/default.jpg","https://iiif-images.library.upenn.edu/iiif/2/d81f89c4-fb42-4743-811e-21400e0f6413/full/3500,/0/default.jpg",44,https://iiif-images.library.upenn.edu/iiif/3/d81f89c4-fb42-4743-811e-21400e0f6413/info.json,and the Occult|Occult,70,https://digitalrepository.library.upenn.edu/iiif/2/items/dc71c7fc-63d6-40e0-908e-ba8930064eba/manifest,https://iiif-images.library.upenn.edu/iiif/2/d81f89c4-fb42-4743-811e-21400e0f6413
obj57,"Address by the Rev. S. Morais, at the Seventh Street Synagogue.",The Philadelphia Inquirer,Philadelphia,"November 25, 1870",25-Nov,,1870,"https://iiif-images.library.upenn.edu/iiif/2/d81f89c4-fb42-4743-811e-21400e0f6413/full/!200,200/0/default.jpg","https://iiif-images.library.upenn.edu/iiif/2/d81f89c4-fb42-4743-811e-21400e0f6413/full/3500,/0/default.jpg",44,https://iiif-images.library.upenn.edu/iiif/3/d81f89c4-fb42-4743-811e-21400e0f6413/info.json,"Franco-Prussian War|Garibaldi, Guiseppe|Lafayette, General de|Paris|Thanksgiving",71,https://digitalrepository.library.upenn.edu/iiif/2/items/dc71c7fc-63d6-40e0-908e-ba8930064eba/manifest,https://iiif-images.library.upenn.edu/iiif/2/d81f89c4-fb42-4743-811e-21400e0f6413
obj58,Strictures on the Convention Held to Christianize the Constitution of the United States. [Letter] To the Editor of The Press.,The Press,Philadelphia,"January 26, 1871",26-Jan,,1871,"https://iiif-images.library.upenn.edu/iiif/2/b2c78fd5-d4fb-4347-8cfa-bada482c7829/full/!200,200/0/default.jpg","https://iiif-images.library.upenn.edu/iiif/2/b2c78fd5-d4fb-4347-8cfa-bada482c7829/full/3500,/0/default.jpg",45,https://iiif-images.library.upenn.edu/iiif/3/b2c78fd5-d4fb-4347-8cfa-bada482c7829/info.json,"Constitution, American|Constitution, American: Christianizing|Seperation of Church and State",72,https://digitalrepository.library.upenn.edu/iiif/2/items/dc71c7fc-63d6-40e0-908e-ba8930064eba/manifest,https://iiif-images.library.upenn.edu/iiif/2/b2c78fd5-d4fb-4347-8cfa-bada482c7829
obj59,The P[rotestant] E[piscopal] Association. Letter to the Editors].,The Age,Philadelphia,"January 28, 1871",28-Jan,,1871,"https://iiif-images.library.upenn.edu/iiif/2/b2c78fd5-d4fb-4347-8cfa-bada482c7829/full/!200,200/0/default.jpg","https://iiif-images.library.upenn.edu/iiif/2/b2c78fd5-d4fb-4347-8cfa-bada482c7829/full/3500,/0/default.jpg",45,https://iiif-images.library.upenn.edu/iiif/3/b2c78fd5-d4fb-4347-8cfa-bada482c7829/info.json,Christian evangelism|Protestant Episcopal Association,73,https://digitalrepository.library.upenn.edu/iiif/2/items/dc71c7fc-63d6-40e0-908e-ba8930064eba/manifest,https://iiif-images.library.upenn.edu/iiif/2/b2c78fd5-d4fb-4347-8cfa-bada482c7829
obj60,"The Unity of God. A Discourse for Sabbath Itro, by the Rev. S. Morais, of Philadelphia.",The Jewish Messenger,New York,"February 24, 1871",24-Feb,,1871,"https://iiif-images.library.upenn.edu/iiif/2/c2c66a88-c9ed-4a5a-9ec6-ed4ed1a2533f/full/!200,200/0/default.jpg","https://iiif-images.library.upenn.edu/iiif/2/c2c66a88-c9ed-4a5a-9ec6-ed4ed1a2533f/full/3500,/0/default.jpg",46,https://iiif-images.library.upenn.edu/iiif/3/c2c66a88-c9ed-4a5a-9ec6-ed4ed1a2533f/info.json,Jewish Messenger,74,https://digitalrepository.library.upenn.edu/iiif/2/items/dc71c7fc-63d6-40e0-908e-ba8930064eba/manifest,https://iiif-images.library.upenn.edu/iiif/2/c2c66a88-c9ed-4a5a-9ec6-ed4ed1a2533f
obj61,Sermon by Rev. S. Morais.,The Philadelphia Inquirer,Philadelphia,"December 1, 1871",1-Dec,,1871,"https://iiif-images.library.upenn.edu/iiif/2/130a0419-afb6-48ff-948a-d32514093a64/full/!200,200/0/default.jpg","https://iiif-images.library.upenn.edu/iiif/2/130a0419-afb6-48ff-948a-d32514093a64/full/3500,/0/default.jpg",47,https://iiif-images.library.upenn.edu/iiif/3/130a0419-afb6-48ff-948a-d32514093a64/info.json,"Bandiera brothers|Bonaparte, Napoleon|Cobden, William|D?Harcourt, Duke|Disasters, natural & man-made|Entente cordiale|Franco-Prussian War|Italy|Mortara, Edgar|Pellico, Silvio|Ricci|Thanksgiving|Thiers|Treaty of Washington|Victor Emmanuel II (King of Italy)",75,https://digitalrepository.library.upenn.edu/iiif/2/items/dc71c7fc-63d6-40e0-908e-ba8930064eba/manifest,https://iiif-images.library.upenn.edu/iiif/2/130a0419-afb6-48ff-948a-d32514093a64
obj62,The Organ Question [Letter to the Editors].,The Jewish Messenger,New York,"January 12, 1872",12-Jan,,1872,"https://iiif-images.library.upenn.edu/iiif/2/130a0419-afb6-48ff-948a-d32514093a64/full/!200,200/0/default.jpg","https://iiif-images.library.upenn.edu/iiif/2/130a0419-afb6-48ff-948a-d32514093a64/full/3500,/0/default.jpg",47,https://iiif-images.library.upenn.edu/iiif/3/130a0419-afb6-48ff-948a-d32514093a64/info.json,"Chorin, Aaron|Hamburg|Jewish Messenger|and Synagogue Music|Leghorn, Chief Rabbi of|Modena, Leon de|Recanti of Verona|Shem Tob Samson|Solomon of Malach, (Chief Rabbi of Leghorn)|Organ music in",76,https://digitalrepository.library.upenn.edu/iiif/2/items/dc71c7fc-63d6-40e0-908e-ba8930064eba/manifest,https://iiif-images.library.upenn.edu/iiif/2/130a0419-afb6-48ff-948a-d32514093a64
obj63,The New Year.,The Jewish Index,Philadelphia,"October 2, 1872",2-Oct,no. 1,1872,"https://iiif-images.library.upenn.edu/iiif/2/c06dd22d-732c-4263-911d-4c4635bfa8a3/full/!200,200/0/default.jpg","https://iiif-images.library.upenn.edu/iiif/2/c06dd22d-732c-4263-911d-4c4635bfa8a3/full/3500,/0/default.jpg",48,https://iiif-images.library.upenn.edu/iiif/3/c06dd22d-732c-4263-911d-4c4635bfa8a3/info.json,"Hebrew Calendar|Jewish Hospital of Cincinnati|Jewish Index, The|Rosh Hashanah",77,https://digitalrepository.library.upenn.edu/iiif/2/items/dc71c7fc-63d6-40e0-908e-ba8930064eba/manifest,https://iiif-images.library.upenn.edu/iiif/2/c06dd22d-732c-4263-911d-4c4635bfa8a3
obj64,Rabbinical Teachings.,The Jewish Index,Philadelphia,"October 2, 1872",2-Oct,no. 1,1872,"https://iiif-images.library.upenn.edu/iiif/2/c06dd22d-732c-4263-911d-4c4635bfa8a3/full/!200,200/0/default.jpg","https://iiif-images.library.upenn.edu/iiif/2/c06dd22d-732c-4263-911d-4c4635bfa8a3/full/3500,/0/default.jpg",48,https://iiif-images.library.upenn.edu/iiif/3/c06dd22d-732c-4263-911d-4c4635bfa8a3/info.json,"Jewish Hospital of Cincinnati|Jewish Index, The|Rabbinical Teachings",78,https://digitalrepository.library.upenn.edu/iiif/2/items/dc71c7fc-63d6-40e0-908e-ba8930064eba/manifest,https://iiif-images.library.upenn.edu/iiif/2/c06dd22d-732c-4263-911d-4c4635bfa8a3
obj65,Lessons in Moral Theology by Samuel David Luzzatto of Trieste [...] Translated from the Italian for The Jewish Index by Rev. S. Morais.,The Jewish Index,Philadelphia,"October 2, 1872",2-Oct,no. 1,1872,"https://iiif-images.library.upenn.edu/iiif/2/c06dd22d-732c-4263-911d-4c4635bfa8a3/full/!200,200/0/default.jpg","https://iiif-images.library.upenn.edu/iiif/2/c06dd22d-732c-4263-911d-4c4635bfa8a3/full/3500,/0/default.jpg",48,https://iiif-images.library.upenn.edu/iiif/3/c06dd22d-732c-4263-911d-4c4635bfa8a3/info.json,"Israelitish Review|Jewish Hospital of Cincinnati|Jewish Index, The|Lessons in Moral Theology",79,https://digitalrepository.library.upenn.edu/iiif/2/items/dc71c7fc-63d6-40e0-908e-ba8930064eba/manifest,https://iiif-images.library.upenn.edu/iiif/2/c06dd22d-732c-4263-911d-4c4635bfa8a3
obj66,The Feast of Succoth.,The Jewish Index,,,,,,"https://iiif-images.library.upenn.edu/iiif/2/da68b9db-656f-4ce0-ae59-82accae24177/full/!200,200/0/default.jpg","https://iiif-images.library.upenn.edu/iiif/2/da68b9db-656f-4ce0-ae59-82accae24177/full/3500,/0/default.jpg",49,https://iiif-images.library.upenn.edu/iiif/3/da68b9db-656f-4ce0-ae59-82accae24177/info.json,"Jewish Hospital of Cincinnati|Jewish Index, The|Succoth",80,https://digitalrepository.library.upenn.edu/iiif/2/items/dc71c7fc-63d6-40e0-908e-ba8930064eba/manifest,https://iiif-images.library.upenn.edu/iiif/2/da68b9db-656f-4ce0-ae59-82accae24177
obj67,Rabbinical Teachings.,The Jewish Index,Philadelphia,"October 16, 1872",16-Oct,no. 2,1872,"https://iiif-images.library.upenn.edu/iiif/2/da68b9db-656f-4ce0-ae59-82accae24177/full/!200,200/0/default.jpg","https://iiif-images.library.upenn.edu/iiif/2/da68b9db-656f-4ce0-ae59-82accae24177/full/3500,/0/default.jpg",49,https://iiif-images.library.upenn.edu/iiif/3/da68b9db-656f-4ce0-ae59-82accae24177/info.json,"Jewish Hospital of Cincinnati|Jewish Index, The|Rabbinical Teachings",81,https://digitalrepository.library.upenn.edu/iiif/2/items/dc71c7fc-63d6-40e0-908e-ba8930064eba/manifest,https://iiif-images.library.upenn.edu/iiif/2/da68b9db-656f-4ce0-ae59-82accae24177
obj68,Lessons in Jewish Moral Theology By Samuel David Luzzatto [...] Translated from the Italian for The Jewish Index by Rev. S. Morais.,The Jewish Index,Philadelphia,"October 16, 1872",16-Oct,no. 2,1872,"https://iiif-images.library.upenn.edu/iiif/2/da68b9db-656f-4ce0-ae59-82accae24177/full/!200,200/0/default.jpg","https://iiif-images.library.upenn.edu/iiif/2/da68b9db-656f-4ce0-ae59-82accae24177/full/3500,/0/default.jpg",49,https://iiif-images.library.upenn.edu/iiif/3/da68b9db-656f-4ce0-ae59-82accae24177/info.json,"Jewish Hospital of Cincinnati|Jewish Index, The|Lessons in Moral Theology",82,https://digitalrepository.library.upenn.edu/iiif/2/items/dc71c7fc-63d6-40e0-908e-ba8930064eba/manifest,https://iiif-images.library.upenn.edu/iiif/2/da68b9db-656f-4ce0-ae59-82accae24177
obj69,Rabbinical Teachings.,The Jewish Index,Philadelphia,"October 30, 1872",30-Oct,no. 3,1872,"https://iiif-images.library.upenn.edu/iiif/2/8650a212-d1f2-49ac-b1f6-63da1b1df78b/full/!200,200/0/default.jpg","https://iiif-images.library.upenn.edu/iiif/2/8650a212-d1f2-49ac-b1f6-63da1b1df78b/full/3500,/0/default.jpg",50,https://iiif-images.library.upenn.edu/iiif/3/8650a212-d1f2-49ac-b1f6-63da1b1df78b/info.json,"Jewish Hospital of Cincinnati|Jewish Index, The|Rabbinical Teachings",83,https://digitalrepository.library.upenn.edu/iiif/2/items/dc71c7fc-63d6-40e0-908e-ba8930064eba/manifest,https://iiif-images.library.upenn.edu/iiif/2/8650a212-d1f2-49ac-b1f6-63da1b1df78b
obj70,Lessons in Jewish Moral Theology. By Samuel David Luzzatto [...] Translated from the Italian for The Jewish Index by Rev. S. Morais.,The Jewish Index,Philadelphia,"October 30, 1872",30-Oct,no. 3,1872,"https://iiif-images.library.upenn.edu/iiif/2/8650a212-d1f2-49ac-b1f6-63da1b1df78b/full/!200,200/0/default.jpg","https://iiif-images.library.upenn.edu/iiif/2/8650a212-d1f2-49ac-b1f6-63da1b1df78b/full/3500,/0/default.jpg",50,https://iiif-images.library.upenn.edu/iiif/3/8650a212-d1f2-49ac-b1f6-63da1b1df78b/info.json,"Jewish Hospital of Cincinnati|Jewish Index, The|Lessons in Moral Theology",84,https://digitalrepository.library.upenn.edu/iiif/2/items/dc71c7fc-63d6-40e0-908e-ba8930064eba/manifest,https://iiif-images.library.upenn.edu/iiif/2/8650a212-d1f2-49ac-b1f6-63da1b1df78b
obj71,An Interesting Ceremony.,The Jewish Index,Philadelphia,"October 30, 1872",30-Oct,no. 3,1872,"https://iiif-images.library.upenn.edu/iiif/2/8650a212-d1f2-49ac-b1f6-63da1b1df78b/full/!200,200/0/default.jpg","https://iiif-images.library.upenn.edu/iiif/2/8650a212-d1f2-49ac-b1f6-63da1b1df78b/full/3500,/0/default.jpg",50,https://iiif-images.library.upenn.edu/iiif/3/8650a212-d1f2-49ac-b1f6-63da1b1df78b/info.json,"Adas Israel|Elkin, Dr. M.|Fox, Daniel M.|Hirsch, Samuel|Jacobs, George (Rev.)|Jastrow, Morris|Jewish Hospital of Cincinnati|Jewish Index, The",85,https://digitalrepository.library.upenn.edu/iiif/2/items/dc71c7fc-63d6-40e0-908e-ba8930064eba/manifest,https://iiif-images.library.upenn.edu/iiif/2/8650a212-d1f2-49ac-b1f6-63da1b1df78b
obj72,Har Sinai.,The Jewish Index,Philadelphia,"November 6, 1872",6-Nov,no. 4,1872,"https://iiif-images.library.upenn.edu/iiif/2/8b6c8d23-2bb3-45a7-8a82-86002c0b31b6/full/!200,200/0/default.jpg","https://iiif-images.library.upenn.edu/iiif/2/8b6c8d23-2bb3-45a7-8a82-86002c0b31b6/full/3500,/0/default.jpg",51,https://iiif-images.library.upenn.edu/iiif/3/8b6c8d23-2bb3-45a7-8a82-86002c0b31b6/info.json,"Jewish Hospital of Cincinnati|Jewish Index, The|Mount Sinai|Palmer, Captain H. S.",86,https://digitalrepository.library.upenn.edu/iiif/2/items/dc71c7fc-63d6-40e0-908e-ba8930064eba/manifest,https://iiif-images.library.upenn.edu/iiif/2/8b6c8d23-2bb3-45a7-8a82-86002c0b31b6
obj73,Lessons in Jewish Moral Theology. By Samuel David Luzzatto [...] Translated from the Italian for The Jewish Index by Rev. S. Morais.,The Jewish Index,Philadelphia,"November 6, 1872",6-Nov,no. 4,1872,"https://iiif-images.library.upenn.edu/iiif/2/8b6c8d23-2bb3-45a7-8a82-86002c0b31b6/full/!200,200/0/default.jpg","https://iiif-images.library.upenn.edu/iiif/2/8b6c8d23-2bb3-45a7-8a82-86002c0b31b6/full/3500,/0/default.jpg",51,https://iiif-images.library.upenn.edu/iiif/3/8b6c8d23-2bb3-45a7-8a82-86002c0b31b6/info.json,"Jewish Hospital of Cincinnati|Jewish Index, The|Lessons in Moral Theology",87,https://digitalrepository.library.upenn.edu/iiif/2/items/dc71c7fc-63d6-40e0-908e-ba8930064eba/manifest,https://iiif-images.library.upenn.edu/iiif/2/8b6c8d23-2bb3-45a7-8a82-86002c0b31b6
obj74,The Boston Conflagration.,The Jewish Index,Philadelphia,"November 13, 1872",13-Nov,no. 5,1872,"https://iiif-images.library.upenn.edu/iiif/2/296abb4f-68f5-411c-8937-8b0ba3c4640f/full/!200,200/0/default.jpg","https://iiif-images.library.upenn.edu/iiif/2/296abb4f-68f5-411c-8937-8b0ba3c4640f/full/3500,/0/default.jpg",52,https://iiif-images.library.upenn.edu/iiif/3/296abb4f-68f5-411c-8937-8b0ba3c4640f/info.json,"Boston|Disasters, natural & man-made|Jewish Hospital of Cincinnati|Jewish Index, The",88,https://digitalrepository.library.upenn.edu/iiif/2/items/dc71c7fc-63d6-40e0-908e-ba8930064eba/manifest,https://iiif-images.library.upenn.edu/iiif/2/296abb4f-68f5-411c-8937-8b0ba3c4640f
obj75,[Regarding relief to victims of the Boston fire].,The Jewish Index,Philadelphia,"November 13, 1872",13-Nov,no. 5,1872,"https://iiif-images.library.upenn.edu/iiif/2/296abb4f-68f5-411c-8937-8b0ba3c4640f/full/!200,200/0/default.jpg","https://iiif-images.library.upenn.edu/iiif/2/296abb4f-68f5-411c-8937-8b0ba3c4640f/full/3500,/0/default.jpg",52,https://iiif-images.library.upenn.edu/iiif/3/296abb4f-68f5-411c-8937-8b0ba3c4640f/info.json,"Boston|Disasters, natural & man-made|Jewish Hospital of Cincinnati|Jewish Index, The",89,https://digitalrepository.library.upenn.edu/iiif/2/items/dc71c7fc-63d6-40e0-908e-ba8930064eba/manifest,https://iiif-images.library.upenn.edu/iiif/2/296abb4f-68f5-411c-8937-8b0ba3c4640f
obj76,The Interment of General Meade.,The Jewish Index,Philadelphia,"November 13, 1872",13-Nov,no. 5,1872,"https://iiif-images.library.upenn.edu/iiif/2/296abb4f-68f5-411c-8937-8b0ba3c4640f/full/!200,200/0/default.jpg","https://iiif-images.library.upenn.edu/iiif/2/296abb4f-68f5-411c-8937-8b0ba3c4640f/full/3500,/0/default.jpg",52,https://iiif-images.library.upenn.edu/iiif/3/296abb4f-68f5-411c-8937-8b0ba3c4640f/info.json,"Jewish Hospital of Cincinnati|Jewish Index, The|Meade, General",90,https://digitalrepository.library.upenn.edu/iiif/2/items/dc71c7fc-63d6-40e0-908e-ba8930064eba/manifest,https://iiif-images.library.upenn.edu/iiif/2/296abb4f-68f5-411c-8937-8b0ba3c4640f
obj77,The Hebrew Education Society School.,The Jewish Index,Philadelphia,"November 13, 1872",13-Nov,no. 5,1872,"https://iiif-images.library.upenn.edu/iiif/2/296abb4f-68f5-411c-8937-8b0ba3c4640f/full/!200,200/0/default.jpg","https://iiif-images.library.upenn.edu/iiif/2/296abb4f-68f5-411c-8937-8b0ba3c4640f/full/3500,/0/default.jpg",52,https://iiif-images.library.upenn.edu/iiif/3/296abb4f-68f5-411c-8937-8b0ba3c4640f/info.json,"Hebrew Education Society School|Jewish Hospital of Cincinnati|Jewish Index, The|Leeser, Rev I.",91,https://digitalrepository.library.upenn.edu/iiif/2/items/dc71c7fc-63d6-40e0-908e-ba8930064eba/manifest,https://iiif-images.library.upenn.edu/iiif/2/296abb4f-68f5-411c-8937-8b0ba3c4640f
obj78,"Lessons In Jewish Moral Theology. By Samuel David Luzzatto [...] Translated from the Italian for The Jewish Index, by Rev. S. Morais.",The Jewish Index,Philadelphia,"November 13, 1872",13-Nov,no. 5,1872,"https://iiif-images.library.upenn.edu/iiif/2/296abb4f-68f5-411c-8937-8b0ba3c4640f/full/!200,200/0/default.jpg","https://iiif-images.library.upenn.edu/iiif/2/296abb4f-68f5-411c-8937-8b0ba3c4640f/full/3500,/0/default.jpg",52,https://iiif-images.library.upenn.edu/iiif/3/296abb4f-68f5-411c-8937-8b0ba3c4640f/info.json,"Jewish Hospital of Cincinnati|Jewish Index, The|Lessons in Moral Theology",92,https://digitalrepository.library.upenn.edu/iiif/2/items/dc71c7fc-63d6-40e0-908e-ba8930064eba/manifest,https://iiif-images.library.upenn.edu/iiif/2/296abb4f-68f5-411c-8937-8b0ba3c4640f
obj79,Rabbinical Teachings.,The Jewish Index,Philadelphia,"November 13, 1872",13-Nov,no. 5,1872,"https://iiif-images.library.upenn.edu/iiif/2/296abb4f-68f5-411c-8937-8b0ba3c4640f/full/!200,200/0/default.jpg","https://iiif-images.library.upenn.edu/iiif/2/296abb4f-68f5-411c-8937-8b0ba3c4640f/full/3500,/0/default.jpg",52,https://iiif-images.library.upenn.edu/iiif/3/296abb4f-68f5-411c-8937-8b0ba3c4640f/info.json,"Jewish Hospital of Cincinnati|Jewish Index, The|Rabbinical Teachings",93,https://digitalrepository.library.upenn.edu/iiif/2/items/dc71c7fc-63d6-40e0-908e-ba8930064eba/manifest,https://iiif-images.library.upenn.edu/iiif/2/296abb4f-68f5-411c-8937-8b0ba3c4640f
obj80,The Synagogue.,The Jewish Index,Philadelphia,"November 20, 1872",20-Nov,no. 6,1872,"https://iiif-images.library.upenn.edu/iiif/2/307b8297-d2ff-4061-b8f6-bcee5f45ec6a/full/!200,200/0/default.jpg","https://iiif-images.library.upenn.edu/iiif/2/307b8297-d2ff-4061-b8f6-bcee5f45ec6a/full/3500,/0/default.jpg",53,https://iiif-images.library.upenn.edu/iiif/3/307b8297-d2ff-4061-b8f6-bcee5f45ec6a/info.json,"Jewish Hospital of Cincinnati|Jewish Index, The|Synagogue, The|Unity",94,https://digitalrepository.library.upenn.edu/iiif/2/items/dc71c7fc-63d6-40e0-908e-ba8930064eba/manifest,https://iiif-images.library.upenn.edu/iiif/2/307b8297-d2ff-4061-b8f6-bcee5f45ec6a
obj81,Public Education.,The Jewish Index,Philadelphia,"November 20, 1872",20-Nov,no. 6,1872,"https://iiif-images.library.upenn.edu/iiif/2/307b8297-d2ff-4061-b8f6-bcee5f45ec6a/full/!200,200/0/default.jpg","https://iiif-images.library.upenn.edu/iiif/2/307b8297-d2ff-4061-b8f6-bcee5f45ec6a/full/3500,/0/default.jpg",53,https://iiif-images.library.upenn.edu/iiif/3/307b8297-d2ff-4061-b8f6-bcee5f45ec6a/info.json,"Jewish Hospital of Cincinnati|Jewish Index, The|Jewish Women|Morais, Nina|Teachers",95,https://digitalrepository.library.upenn.edu/iiif/2/items/dc71c7fc-63d6-40e0-908e-ba8930064eba/manifest,https://iiif-images.library.upenn.edu/iiif/2/307b8297-d2ff-4061-b8f6-bcee5f45ec6a
obj82,Rabbinical Teachings.,The Jewish Index,Philadelphia,"November 20, 1872",20-Nov,no. 6,1872,"https://iiif-images.library.upenn.edu/iiif/2/307b8297-d2ff-4061-b8f6-bcee5f45ec6a/full/!200,200/0/default.jpg","https://iiif-images.library.upenn.edu/iiif/2/307b8297-d2ff-4061-b8f6-bcee5f45ec6a/full/3500,/0/default.jpg",53,https://iiif-images.library.upenn.edu/iiif/3/307b8297-d2ff-4061-b8f6-bcee5f45ec6a/info.json,"Jewish Hospital of Cincinnati|Jewish Index, The|Rabbinical Teachings",96,https://digitalrepository.library.upenn.edu/iiif/2/items/dc71c7fc-63d6-40e0-908e-ba8930064eba/manifest,https://iiif-images.library.upenn.edu/iiif/2/307b8297-d2ff-4061-b8f6-bcee5f45ec6a
obj83,"Lessons in Jewish Moral Theology. By Samuel David Luzzatto [...] Translated from the Italian for The Jewish Index, by Rev. S. Morais.",The Jewish Index,Philadelphia,"November 20, 1872",20-Nov,no. 6,1872,"https://iiif-images.library.upenn.edu/iiif/2/307b8297-d2ff-4061-b8f6-bcee5f45ec6a/full/!200,200/0/default.jpg","https://iiif-images.library.upenn.edu/iiif/2/307b8297-d2ff-4061-b8f6-bcee5f45ec6a/full/3500,/0/default.jpg",53,https://iiif-images.library.upenn.edu/iiif/3/307b8297-d2ff-4061-b8f6-bcee5f45ec6a/info.json,"Jewish Hospital of Cincinnati|Jewish Index, The|Lessons in Moral Theology",97,https://digitalrepository.library.upenn.edu/iiif/2/items/dc71c7fc-63d6-40e0-908e-ba8930064eba/manifest,https://iiif-images.library.upenn.edu/iiif/2/307b8297-d2ff-4061-b8f6-bcee5f45ec6a
obj84,The Synagogue. Article II.,The Jewish Index,Philadelphia,"November 27, 1872",27-Nov,no. 7,1872,"https://iiif-images.library.upenn.edu/iiif/2/0a96b92a-25fe-4f6c-82fd-613cf6d70b32/full/!200,200/0/default.jpg","https://iiif-images.library.upenn.edu/iiif/2/0a96b92a-25fe-4f6c-82fd-613cf6d70b32/full/3500,/0/default.jpg",54,https://iiif-images.library.upenn.edu/iiif/3/0a96b92a-25fe-4f6c-82fd-613cf6d70b32/info.json,"Jewish Hospital of Cincinnati|Jewish Index, The|Synagogue, The|Minhag and Prayer|Prayer and",98,https://digitalrepository.library.upenn.edu/iiif/2/items/dc71c7fc-63d6-40e0-908e-ba8930064eba/manifest,https://iiif-images.library.upenn.edu/iiif/2/0a96b92a-25fe-4f6c-82fd-613cf6d70b32
obj85,Rabbinical Teachings.,The Jewish Index,Philadelphia,"November 27, 1872",27-Nov,no. 7,1872,"https://iiif-images.library.upenn.edu/iiif/2/0a96b92a-25fe-4f6c-82fd-613cf6d70b32/full/!200,200/0/default.jpg","https://iiif-images.library.upenn.edu/iiif/2/0a96b92a-25fe-4f6c-82fd-613cf6d70b32/full/3500,/0/default.jpg",54,https://iiif-images.library.upenn.edu/iiif/3/0a96b92a-25fe-4f6c-82fd-613cf6d70b32/info.json,"Friedenwald, A.|Jewish Hospital of Cincinnati|Jewish Index, The",99,https://digitalrepository.library.upenn.edu/iiif/2/items/dc71c7fc-63d6-40e0-908e-ba8930064eba/manifest,https://iiif-images.library.upenn.edu/iiif/2/0a96b92a-25fe-4f6c-82fd-613cf6d70b32
obj86,"Lessons in Jewish Moral Theology. By Samuel David Luzzatto [...] Translated from the Italian for The Jewish Index, by Rev. S. Morais.",The Jewish Index,Philadelphia,"November 27, 1872",27-Nov,no. 7,1872,"https://iiif-images.library.upenn.edu/iiif/2/0a96b92a-25fe-4f6c-82fd-613cf6d70b32/full/!200,200/0/default.jpg","https://iiif-images.library.upenn.edu/iiif/2/0a96b92a-25fe-4f6c-82fd-613cf6d70b32/full/3500,/0/default.jpg",54,https://iiif-images.library.upenn.edu/iiif/3/0a96b92a-25fe-4f6c-82fd-613cf6d70b32/info.json,"Jewish Hospital of Cincinnati|Jewish Index, The|Lessons in Moral Theology",100,https://digitalrepository.library.upenn.edu/iiif/2/items/dc71c7fc-63d6-40e0-908e-ba8930064eba/manifest,https://iiif-images.library.upenn.edu/iiif/2/0a96b92a-25fe-4f6c-82fd-613cf6d70b32
obj87,The Synagogue. Article III.,The Jewish Index,Philadelphia,"December 4, 1872",4-Dec,no. 8,1872,"https://iiif-images.library.upenn.edu/iiif/2/047e5cb3-4df1-441c-b5b0-34da18bba134/full/!200,200/0/default.jpg","https://iiif-images.library.upenn.edu/iiif/2/047e5cb3-4df1-441c-b5b0-34da18bba134/full/3500,/0/default.jpg",55,https://iiif-images.library.upenn.edu/iiif/3/047e5cb3-4df1-441c-b5b0-34da18bba134/info.json,"Jewish Hospital of Cincinnati|Jewish Index, The|Modernity|Prayer and|and Modernising",101,https://digitalrepository.library.upenn.edu/iiif/2/items/dc71c7fc-63d6-40e0-908e-ba8930064eba/manifest,https://iiif-images.library.upenn.edu/iiif/2/047e5cb3-4df1-441c-b5b0-34da18bba134
obj88,Rabbinical T[e]achings.,The Jewish Index,Philadelphia,"December 4, 1872",4-Dec,no. 8,1872,"https://iiif-images.library.upenn.edu/iiif/2/047e5cb3-4df1-441c-b5b0-34da18bba134/full/!200,200/0/default.jpg","https://iiif-images.library.upenn.edu/iiif/2/047e5cb3-4df1-441c-b5b0-34da18bba134/full/3500,/0/default.jpg",55,https://iiif-images.library.upenn.edu/iiif/3/047e5cb3-4df1-441c-b5b0-34da18bba134/info.json,"Jewish Hospital of Cincinnati|Jewish Index, The|Rabbinical Teachings",102,https://digitalrepository.library.upenn.edu/iiif/2/items/dc71c7fc-63d6-40e0-908e-ba8930064eba/manifest,https://iiif-images.library.upenn.edu/iiif/2/047e5cb3-4df1-441c-b5b0-34da18bba134
obj89,[...] announcement of the death of Horace Greely.,The Jewish Index,Philadelphia,"December 4, 1872",4-Dec,no. 8,1872,"https://iiif-images.library.upenn.edu/iiif/2/047e5cb3-4df1-441c-b5b0-34da18bba134/full/!200,200/0/default.jpg","https://iiif-images.library.upenn.edu/iiif/2/047e5cb3-4df1-441c-b5b0-34da18bba134/full/3500,/0/default.jpg",55,https://iiif-images.library.upenn.edu/iiif/3/047e5cb3-4df1-441c-b5b0-34da18bba134/info.json,"Greely, Horace|Jewish Hospital of Cincinnati|Jewish Index, The",103,https://digitalrepository.library.upenn.edu/iiif/2/items/dc71c7fc-63d6-40e0-908e-ba8930064eba/manifest,https://iiif-images.library.upenn.edu/iiif/2/047e5cb3-4df1-441c-b5b0-34da18bba134
obj90,Local Index. Thanksgiving Day in the Synagogue [...] Hebrew Education Society School.,The Jewish Index,Philadelphia,"December 4, 1872",4-Dec,no. 8,1872,"https://iiif-images.library.upenn.edu/iiif/2/047e5cb3-4df1-441c-b5b0-34da18bba134/full/!200,200/0/default.jpg","https://iiif-images.library.upenn.edu/iiif/2/047e5cb3-4df1-441c-b5b0-34da18bba134/full/3500,/0/default.jpg",55,https://iiif-images.library.upenn.edu/iiif/3/047e5cb3-4df1-441c-b5b0-34da18bba134/info.json,"Elkin, Dr. M.|Hebrew Education Society School|Jacobs, George (Rev.)|Jacobs, Henry S.|Jastrow, Morris|Jewish Hospital of Cincinnati|Jewish Index, The|Unity|Thanksgiving",104,https://digitalrepository.library.upenn.edu/iiif/2/items/dc71c7fc-63d6-40e0-908e-ba8930064eba/manifest,https://iiif-images.library.upenn.edu/iiif/2/047e5cb3-4df1-441c-b5b0-34da18bba134
obj91,"Lessons in Jewish Moral Theology. By Samuel David Luzzatto [...] Translated from the Italian for The Jewish Index, by Rev. S. Morais.",The Jewish Index,Philadelphia,"December 4, 1872",4-Dec,no. 8,1872,"https://iiif-images.library.upenn.edu/iiif/2/047e5cb3-4df1-441c-b5b0-34da18bba134/full/!200,200/0/default.jpg","https://iiif-images.library.upenn.edu/iiif/2/047e5cb3-4df1-441c-b5b0-34da18bba134/full/3500,/0/default.jpg",55,https://iiif-images.library.upenn.edu/iiif/3/047e5cb3-4df1-441c-b5b0-34da18bba134/info.json,"Jewish Hospital of Cincinnati|Jewish Index, The|Lessons in Moral Theology",105,https://digitalrepository.library.upenn.edu/iiif/2/items/dc71c7fc-63d6-40e0-908e-ba8930064eba/manifest,https://iiif-images.library.upenn.edu/iiif/2/047e5cb3-4df1-441c-b5b0-34da18bba134
obj92,"A Needed Explanation. [...] The following is a correspondence from one of our eminent divines, who accuses us of entertaining false notions [...].",The Jewish Index,Philadelphia,"December 11, 1872",11-Dec,no. 9,1872,"https://iiif-images.library.upenn.edu/iiif/2/d863c470-565d-4968-ae61-63512b89bc87/full/!200,200/0/default.jpg","https://iiif-images.library.upenn.edu/iiif/2/d863c470-565d-4968-ae61-63512b89bc87/full/3500,/0/default.jpg",56,https://iiif-images.library.upenn.edu/iiif/3/d863c470-565d-4968-ae61-63512b89bc87/info.json,"Castner|Jewish Hospital of Cincinnati|Jewish Index, The|Unity",106,https://digitalrepository.library.upenn.edu/iiif/2/items/dc71c7fc-63d6-40e0-908e-ba8930064eba/manifest,https://iiif-images.library.upenn.edu/iiif/2/d863c470-565d-4968-ae61-63512b89bc87
obj93,Rabbinical Teachings.,The Jewish Index,Philadelphia,"December 11, 1872",11-Dec,no. 9,1872,"https://iiif-images.library.upenn.edu/iiif/2/d863c470-565d-4968-ae61-63512b89bc87/full/!200,200/0/default.jpg","https://iiif-images.library.upenn.edu/iiif/2/d863c470-565d-4968-ae61-63512b89bc87/full/3500,/0/default.jpg",56,https://iiif-images.library.upenn.edu/iiif/3/d863c470-565d-4968-ae61-63512b89bc87/info.json,"Jewish Hospital of Cincinnati|Jewish Index, The|Rabbinical Teachings",107,https://digitalrepository.library.upenn.edu/iiif/2/items/dc71c7fc-63d6-40e0-908e-ba8930064eba/manifest,https://iiif-images.library.upenn.edu/iiif/2/d863c470-565d-4968-ae61-63512b89bc87
obj94,Russia.,The Jewish Index,Philadelphia,"December 11, 1872",11-Dec,no. 9,1872,"https://iiif-images.library.upenn.edu/iiif/2/d863c470-565d-4968-ae61-63512b89bc87/full/!200,200/0/default.jpg","https://iiif-images.library.upenn.edu/iiif/2/d863c470-565d-4968-ae61-63512b89bc87/full/3500,/0/default.jpg",56,https://iiif-images.library.upenn.edu/iiif/3/d863c470-565d-4968-ae61-63512b89bc87/info.json,"Ha-Maggid|Jewish Hospital of Cincinnati|Jewish Index, The|Warsaw",108,https://digitalrepository.library.upenn.edu/iiif/2/items/dc71c7fc-63d6-40e0-908e-ba8930064eba/manifest,https://iiif-images.library.upenn.edu/iiif/2/d863c470-565d-4968-ae61-63512b89bc87
obj95,"Lessons in Jewish Moral Theology. By Samuel David Luzzatto [...] Translated from the Italian for The Jewish Index, by Rev. S. Morais.",The Jewish Index,Philadelphia,"December 11, 1872",11-Dec,no. 9,1872,"https://iiif-images.library.upenn.edu/iiif/2/d863c470-565d-4968-ae61-63512b89bc87/full/!200,200/0/default.jpg","https://iiif-images.library.upenn.edu/iiif/2/d863c470-565d-4968-ae61-63512b89bc87/full/3500,/0/default.jpg",56,https://iiif-images.library.upenn.edu/iiif/3/d863c470-565d-4968-ae61-63512b89bc87/info.json,"Jewish Hospital of Cincinnati|Jewish Index, The|Lessons in Moral Theology",109,https://digitalrepository.library.upenn.edu/iiif/2/items/dc71c7fc-63d6-40e0-908e-ba8930064eba/manifest,https://iiif-images.library.upenn.edu/iiif/2/d863c470-565d-4968-ae61-63512b89bc87
obj96,A Rejoinder. Dear Index [...].,The Jewish Index,Philadelphia,"December 18, 1872",18-Dec,no. 10,1872,"https://iiif-images.library.upenn.edu/iiif/2/1841e75a-e3a5-42a5-8299-21e2cdf61ab0/full/!200,200/0/default.jpg","https://iiif-images.library.upenn.edu/iiif/2/1841e75a-e3a5-42a5-8299-21e2cdf61ab0/full/3500,/0/default.jpg",57,https://iiif-images.library.upenn.edu/iiif/3/1841e75a-e3a5-42a5-8299-21e2cdf61ab0/info.json,"Jewish Hospital of Cincinnati|Jewish Index, The|and Ritual ""innovation""",110,https://digitalrepository.library.upenn.edu/iiif/2/items/dc71c7fc-63d6-40e0-908e-ba8930064eba/manifest,https://iiif-images.library.upenn.edu/iiif/2/1841e75a-e3a5-42a5-8299-21e2cdf61ab0
obj97,Rabbinical Teachings.,The Jewish Index,Philadelphia,"December 18, 1872",18-Dec,no. 10,1872,"https://iiif-images.library.upenn.edu/iiif/2/1841e75a-e3a5-42a5-8299-21e2cdf61ab0/full/!200,200/0/default.jpg","https://iiif-images.library.upenn.edu/iiif/2/1841e75a-e3a5-42a5-8299-21e2cdf61ab0/full/3500,/0/default.jpg",57,https://iiif-images.library.upenn.edu/iiif/3/1841e75a-e3a5-42a5-8299-21e2cdf61ab0/info.json,"Jewish Hospital of Cincinnati|Jewish Index, The|Rabbinical Teachings",111,https://digitalrepository.library.upenn.edu/iiif/2/items/dc71c7fc-63d6-40e0-908e-ba8930064eba/manifest,https://iiif-images.library.upenn.edu/iiif/2/1841e75a-e3a5-42a5-8299-21e2cdf61ab0
obj98,"Lessons in Jewish Moral Theology. By Samuel David Luzzatto [...] Translated from the Italian for The Jewish Index, by Rev. S. Morais.",The Jewish Index,Philadelphia,"December 18, 1872",18-Dec,no. 10,1872,"https://iiif-images.library.upenn.edu/iiif/2/1841e75a-e3a5-42a5-8299-21e2cdf61ab0/full/!200,200/0/default.jpg","https://iiif-images.library.upenn.edu/iiif/2/1841e75a-e3a5-42a5-8299-21e2cdf61ab0/full/3500,/0/default.jpg",57,https://iiif-images.library.upenn.edu/iiif/3/1841e75a-e3a5-42a5-8299-21e2cdf61ab0/info.json,"Jewish Hospital of Cincinnati|Jewish Index, The|Lessons in Moral Theology",112,https://digitalrepository.library.upenn.edu/iiif/2/items/dc71c7fc-63d6-40e0-908e-ba8930064eba/manifest,https://iiif-images.library.upenn.edu/iiif/2/1841e75a-e3a5-42a5-8299-21e2cdf61ab0
obj99,Hanuccah.,The Jewish Index,Philadelphia,"January 1, 1873",1-Jan,no. 11,1873,"https://iiif-images.library.upenn.edu/iiif/2/3335ef3e-bc2f-4d6e-9eaf-bb08ee14d0a6/full/!200,200/0/default.jpg","https://iiif-images.library.upenn.edu/iiif/2/3335ef3e-bc2f-4d6e-9eaf-bb08ee14d0a6/full/3500,/0/default.jpg",58,https://iiif-images.library.upenn.edu/iiif/3/3335ef3e-bc2f-4d6e-9eaf-bb08ee14d0a6/info.json,"Hanuccah|Jewish Hospital of Cincinnati|Jewish Index, The",113,https://digitalrepository.library.upenn.edu/iiif/2/items/dc71c7fc-63d6-40e0-908e-ba8930064eba/manifest,https://iiif-images.library.upenn.edu/iiif/2/3335ef3e-bc2f-4d6e-9eaf-bb08ee14d0a6
obj100,Rabbinical Teachings.,The Jewish Index,Philadelphia,"January 1, 1873",1-Jan,no. 11,1873,"https://iiif-images.library.upenn.edu/iiif/2/3335ef3e-bc2f-4d6e-9eaf-bb08ee14d0a6/full/!200,200/0/default.jpg","https://iiif-images.library.upenn.edu/iiif/2/3335ef3e-bc2f-4d6e-9eaf-bb08ee14d0a6/full/3500,/0/default.jpg",58,https://iiif-images.library.upenn.edu/iiif/3/3335ef3e-bc2f-4d6e-9eaf-bb08ee14d0a6/info.json,"Jewish Hospital of Cincinnati|Jewish Index, The|Rabbinical Teachings",114,https://digitalrepository.library.upenn.edu/iiif/2/items/dc71c7fc-63d6-40e0-908e-ba8930064eba/manifest,https://iiif-images.library.upenn.edu/iiif/2/3335ef3e-bc2f-4d6e-9eaf-bb08ee14d0a6
obj101,"Lessons in Jewish Moral Theology. By Samuel David Luzzatto [...] Translated from the Italian for The Jewish Index, by Rev. S. Morais.",The Jewish Index,Philadelphia,"January 1, 1873",1-Jan,no. 11,1873,"https://iiif-images.library.upenn.edu/iiif/2/3335ef3e-bc2f-4d6e-9eaf-bb08ee14d0a6/full/!200,200/0/default.jpg","https://iiif-images.library.upenn.edu/iiif/2/3335ef3e-bc2f-4d6e-9eaf-bb08ee14d0a6/full/3500,/0/default.jpg",58,https://iiif-images.library.upenn.edu/iiif/3/3335ef3e-bc2f-4d6e-9eaf-bb08ee14d0a6/info.json,"Jewish Hospital of Cincinnati|Jewish Index, The|Lessons in Moral Theology",115,https://digitalrepository.library.upenn.edu/iiif/2/items/dc71c7fc-63d6-40e0-908e-ba8930064eba/manifest,https://iiif-images.library.upenn.edu/iiif/2/3335ef3e-bc2f-4d6e-9eaf-bb08ee14d0a6
obj102,Austria.,The Jewish Index,Philadelphia,"January 1, 1873",1-Jan,no. 11,1873,"https://iiif-images.library.upenn.edu/iiif/2/3335ef3e-bc2f-4d6e-9eaf-bb08ee14d0a6/full/!200,200/0/default.jpg","https://iiif-images.library.upenn.edu/iiif/2/3335ef3e-bc2f-4d6e-9eaf-bb08ee14d0a6/full/3500,/0/default.jpg",58,https://iiif-images.library.upenn.edu/iiif/3/3335ef3e-bc2f-4d6e-9eaf-bb08ee14d0a6/info.json,"Jewish Hospital of Cincinnati|Jewish Index, The|Tedesco, Baron Herman|Vienna, Jewish Community of",116,https://digitalrepository.library.upenn.edu/iiif/2/items/dc71c7fc-63d6-40e0-908e-ba8930064eba/manifest,https://iiif-images.library.upenn.edu/iiif/2/3335ef3e-bc2f-4d6e-9eaf-bb08ee14d0a6
obj103,England.,The Jewish Index,Philadelphia,"January 1, 1873",1-Jan,no. 11,1873,"https://iiif-images.library.upenn.edu/iiif/2/3335ef3e-bc2f-4d6e-9eaf-bb08ee14d0a6/full/!200,200/0/default.jpg","https://iiif-images.library.upenn.edu/iiif/2/3335ef3e-bc2f-4d6e-9eaf-bb08ee14d0a6/full/3500,/0/default.jpg",58,https://iiif-images.library.upenn.edu/iiif/3/3335ef3e-bc2f-4d6e-9eaf-bb08ee14d0a6/info.json,"Ascher, Rev. Simon|Boulogne|Green, Rev. A. L.|Jewish Chronicle, The (London)|Jewish Hospital of Cincinnati|Jewish Index, The|Levi, David (of Turin)|Mendelssohn, Samuel|Zadoc, Dr.",117,https://digitalrepository.library.upenn.edu/iiif/2/items/dc71c7fc-63d6-40e0-908e-ba8930064eba/manifest,https://iiif-images.library.upenn.edu/iiif/2/3335ef3e-bc2f-4d6e-9eaf-bb08ee14d0a6
obj104,Sermon by Rev. S. Morais.,The Philadelphia Inquirer,Philadelphia,29-Nov,29-Nov,,,"https://iiif-images.library.upenn.edu/iiif/2/cdbc392f-1a74-4ed0-b7d4-2b6e54486cc3/full/!200,200/0/default.jpg","https://iiif-images.library.upenn.edu/iiif/2/cdbc392f-1a74-4ed0-b7d4-2b6e54486cc3/full/3500,/0/default.jpg",59,https://iiif-images.library.upenn.edu/iiif/3/cdbc392f-1a74-4ed0-b7d4-2b6e54486cc3/info.json,"Jewish Hospital of Cincinnati|Jewish Index, The|Thanksgiving",118,https://digitalrepository.library.upenn.edu/iiif/2/items/dc71c7fc-63d6-40e0-908e-ba8930064eba/manifest,https://iiif-images.library.upenn.edu/iiif/2/cdbc392f-1a74-4ed0-b7d4-2b6e54486cc3
obj105,"[Letter] To the Editor of the Israelite [dated] Philadelphia, August 11th, 1873.",The Israelite,Cincinnati,29-Aug,29-Aug,,,"https://iiif-images.library.upenn.edu/iiif/2/cdbc392f-1a74-4ed0-b7d4-2b6e54486cc3/full/!200,200/0/default.jpg","https://iiif-images.library.upenn.edu/iiif/2/cdbc392f-1a74-4ed0-b7d4-2b6e54486cc3/full/3500,/0/default.jpg",59,https://iiif-images.library.upenn.edu/iiif/3/cdbc392f-1a74-4ed0-b7d4-2b6e54486cc3/info.json,"Alliance IsraA?lite Universelle|Benamozegh, Elias (of Leghorn)|Nizachon|Luzzatto, S.D. Prof.|Modena, Leon de|Milchamoth Chobah|Rossi, Azariah de|Jesus Christ et sa Doctrine|Chizzuk Emunah",119,https://digitalrepository.library.upenn.edu/iiif/2/items/dc71c7fc-63d6-40e0-908e-ba8930064eba/manifest,https://iiif-images.library.upenn.edu/iiif/2/cdbc392f-1a74-4ed0-b7d4-2b6e54486cc3
obj106,Dedication of the new Jewish altar.,The Age,Philadelphia,15-Sep,15-Sep,,,"https://iiif-images.library.upenn.edu/iiif/2/ea54d2cc-82d6-4437-ace9-fe638d5bc68c/full/!200,200/0/default.jpg","https://iiif-images.library.upenn.edu/iiif/2/ea54d2cc-82d6-4437-ace9-fe638d5bc68c/full/3500,/0/default.jpg",60,https://iiif-images.library.upenn.edu/iiif/3/ea54d2cc-82d6-4437-ace9-fe638d5bc68c/info.json,"Jewish Hospital and Home of the Aged, Philadelphia",120,https://digitalrepository.library.upenn.edu/iiif/2/items/dc71c7fc-63d6-40e0-908e-ba8930064eba/manifest,https://iiif-images.library.upenn.edu/iiif/2/ea54d2cc-82d6-4437-ace9-fe638d5bc68c
obj107,"The Judaism of the Present. A Discourse delivered by Rev. S. Morais, before the Cong. ""Mikveh Israel,"" Philadelphia, November 1st, 1873",The Jewish Messenger,New York,7-Nov,7-Nov,,,"https://iiif-images.library.upenn.edu/iiif/2/ea54d2cc-82d6-4437-ace9-fe638d5bc68c/full/!200,200/0/default.jpg","https://iiif-images.library.upenn.edu/iiif/2/ea54d2cc-82d6-4437-ace9-fe638d5bc68c/full/3500,/0/default.jpg",60,https://iiif-images.library.upenn.edu/iiif/3/ea54d2cc-82d6-4437-ace9-fe638d5bc68c/info.json,"Jewish Messenger|Mendelssohn, Moses|Jerusalem|Reform Judaism, (also ""Neology""/""Gentilism"")",121,https://digitalrepository.library.upenn.edu/iiif/2/items/dc71c7fc-63d6-40e0-908e-ba8930064eba/manifest,https://iiif-images.library.upenn.edu/iiif/2/ea54d2cc-82d6-4437-ace9-fe638d5bc68c
obj108,"The Lessons of Thanksgiving. An Address delivered by Rev. S. Morais, at the Seventh Street Synagogue, Philadelphia, on November 27th",The Jewish Messenger,New York,5-Dec,5-Dec,,,"https://iiif-images.library.upenn.edu/iiif/2/4d63e910-412c-4518-8905-a9762ce8f085/full/!200,200/0/default.jpg","https://iiif-images.library.upenn.edu/iiif/2/4d63e910-412c-4518-8905-a9762ce8f085/full/3500,/0/default.jpg",61,https://iiif-images.library.upenn.edu/iiif/3/4d63e910-412c-4518-8905-a9762ce8f085/info.json,"Castelar, Emilio|Cuba|Jewish Messenger|Mikveh Israel|Keystone State|Thanksgiving",122,https://digitalrepository.library.upenn.edu/iiif/2/items/dc71c7fc-63d6-40e0-908e-ba8930064eba/manifest,https://iiif-images.library.upenn.edu/iiif/2/4d63e910-412c-4518-8905-a9762ce8f085
obj109,"The Study of Hebrew. A Sermon delivered before the Congregation ""Mikveh Israel."" Philadelphia, April 18, 1874, by Rev. S. Morais.",The Jewish Messenger,New York,24-Apr,24-Apr,,,"https://iiif-images.library.upenn.edu/iiif/2/d96807df-9f15-450d-8f41-b2f6b8db89f6/full/!200,200/0/default.jpg","https://iiif-images.library.upenn.edu/iiif/2/d96807df-9f15-450d-8f41-b2f6b8db89f6/full/3500,/0/default.jpg",62,https://iiif-images.library.upenn.edu/iiif/3/d96807df-9f15-450d-8f41-b2f6b8db89f6/info.json,Hebrew|Hebrew Education Society School|as language of prayer|Jewish Messenger,123,https://digitalrepository.library.upenn.edu/iiif/2/items/dc71c7fc-63d6-40e0-908e-ba8930064eba/manifest,https://iiif-images.library.upenn.edu/iiif/2/d96807df-9f15-450d-8f41-b2f6b8db89f6
obj110,Cremation. Incompatible with Jewish Practices.,Evening Telegraph,[Philadelphia],4-May,4-May,,,"https://iiif-images.library.upenn.edu/iiif/2/d96807df-9f15-450d-8f41-b2f6b8db89f6/full/!200,200/0/default.jpg","https://iiif-images.library.upenn.edu/iiif/2/d96807df-9f15-450d-8f41-b2f6b8db89f6/full/3500,/0/default.jpg",62,https://iiif-images.library.upenn.edu/iiif/3/d96807df-9f15-450d-8f41-b2f6b8db89f6/info.json,Cremation,124,https://digitalrepository.library.upenn.edu/iiif/2/items/dc71c7fc-63d6-40e0-908e-ba8930064eba/manifest,https://iiif-images.library.upenn.edu/iiif/2/d96807df-9f15-450d-8f41-b2f6b8db89f6
obj111,Italian Hebrew Literature. By Rev. S. Morais.,The Jewish Messenger,New York,1-Jan,1-Jan,,,"https://iiif-images.library.upenn.edu/iiif/2/24a4c7ad-b169-4460-aed7-05254af41e3d/full/!200,200/0/default.jpg","https://iiif-images.library.upenn.edu/iiif/2/24a4c7ad-b169-4460-aed7-05254af41e3d/full/3500,/0/default.jpg",63,https://iiif-images.library.upenn.edu/iiif/3/24a4c7ad-b169-4460-aed7-05254af41e3d/info.json,"Castellar: Castelli, David|Donnolo, Sabbatei|Donolo, I.|Italian|Jewish Messenger|Sepher Yetzirah|Tachkemoni",125,https://digitalrepository.library.upenn.edu/iiif/2/items/dc71c7fc-63d6-40e0-908e-ba8930064eba/manifest,https://iiif-images.library.upenn.edu/iiif/2/24a4c7ad-b169-4460-aed7-05254af41e3d
obj112,Italian Hebrew Literature. By Rev. S. Morais.,The Jewish Messenger,New York,1-Jan,1-Jan,,,"https://iiif-images.library.upenn.edu/iiif/2/24a4c7ad-b169-4460-aed7-05254af41e3d/full/!200,200/0/default.jpg","https://iiif-images.library.upenn.edu/iiif/2/24a4c7ad-b169-4460-aed7-05254af41e3d/full/3500,/0/default.jpg",63,https://iiif-images.library.upenn.edu/iiif/3/24a4c7ad-b169-4460-aed7-05254af41e3d/info.json,"Italian|Jewish Messenger|Kalir, Eleazar|Occident, The|Sulzberger, Mayer",126,https://digitalrepository.library.upenn.edu/iiif/2/items/dc71c7fc-63d6-40e0-908e-ba8930064eba/manifest,https://iiif-images.library.upenn.edu/iiif/2/24a4c7ad-b169-4460-aed7-05254af41e3d
obj113,Italian Hebrew Literature. By Rev. S. Morais.,The Jewish Messenger,New York,8-Jan,8-Jan,,,"https://iiif-images.library.upenn.edu/iiif/2/24a4c7ad-b169-4460-aed7-05254af41e3d/full/!200,200/0/default.jpg","https://iiif-images.library.upenn.edu/iiif/2/24a4c7ad-b169-4460-aed7-05254af41e3d/full/3500,/0/default.jpg",63,https://iiif-images.library.upenn.edu/iiif/3/24a4c7ad-b169-4460-aed7-05254af41e3d/info.json,"Aruch Completum|Italian|Jewish Messenger|Kohut, Dr. Alexander|Nathan the Lexicographer",127,https://digitalrepository.library.upenn.edu/iiif/2/items/dc71c7fc-63d6-40e0-908e-ba8930064eba/manifest,https://iiif-images.library.upenn.edu/iiif/2/24a4c7ad-b169-4460-aed7-05254af41e3d
obj114,Italian Hebrew Literature. By Rev. S. Morais.,The Jewish Messenger,New York,15-Jan,15-Jan,,,"https://iiif-images.library.upenn.edu/iiif/2/eaa36fb5-17c7-439e-84a8-94b0ccdc3a13/full/!200,200/0/default.jpg","https://iiif-images.library.upenn.edu/iiif/2/eaa36fb5-17c7-439e-84a8-94b0ccdc3a13/full/3500,/0/default.jpg",64,https://iiif-images.library.upenn.edu/iiif/3/eaa36fb5-17c7-439e-84a8-94b0ccdc3a13/info.json,"Italian|Immanuel of Rome|Jewish Messenger|Perreau, Pietro",128,https://digitalrepository.library.upenn.edu/iiif/2/items/dc71c7fc-63d6-40e0-908e-ba8930064eba/manifest,https://iiif-images.library.upenn.edu/iiif/2/eaa36fb5-17c7-439e-84a8-94b0ccdc3a13
obj115,Italian Hebrew Literature. By Rev. S. Morais.,The Jewish Messenger,New York,22-Jan,22-Jan,,,"https://iiif-images.library.upenn.edu/iiif/2/c5a4d9e1-f2e7-41d4-848d-d04bbc571539/full/!200,200/0/default.jpg","https://iiif-images.library.upenn.edu/iiif/2/c5a4d9e1-f2e7-41d4-848d-d04bbc571539/full/3500,/0/default.jpg",65,https://iiif-images.library.upenn.edu/iiif/3/c5a4d9e1-f2e7-41d4-848d-d04bbc571539/info.json,Italian|Immanuel of Rome|Jewish Messenger,129,https://digitalrepository.library.upenn.edu/iiif/2/items/dc71c7fc-63d6-40e0-908e-ba8930064eba/manifest,https://iiif-images.library.upenn.edu/iiif/2/c5a4d9e1-f2e7-41d4-848d-d04bbc571539
obj116,Italian Hebrew Literature. By Rev. S. Morais.,The Jewish Messenger,New York,29-Jan,29-Jan,,,"https://iiif-images.library.upenn.edu/iiif/2/c5a4d9e1-f2e7-41d4-848d-d04bbc571539/full/!200,200/0/default.jpg","https://iiif-images.library.upenn.edu/iiif/2/c5a4d9e1-f2e7-41d4-848d-d04bbc571539/full/3500,/0/default.jpg",65,https://iiif-images.library.upenn.edu/iiif/3/c5a4d9e1-f2e7-41d4-848d-d04bbc571539/info.json,Italian|Immanuel of Rome|Jewish Messenger,130,https://digitalrepository.library.upenn.edu/iiif/2/items/dc71c7fc-63d6-40e0-908e-ba8930064eba/manifest,https://iiif-images.library.upenn.edu/iiif/2/c5a4d9e1-f2e7-41d4-848d-d04bbc571539
obj117,Italian Hebrew Literature. By Rev. S. Morais.,The Jewish Messenger,New York,5-Feb,5-Feb,,,"https://iiif-images.library.upenn.edu/iiif/2/5bb6ab7c-20bc-493a-ae73-289f49dff048/full/!200,200/0/default.jpg","https://iiif-images.library.upenn.edu/iiif/2/5bb6ab7c-20bc-493a-ae73-289f49dff048/full/3500,/0/default.jpg",66,https://iiif-images.library.upenn.edu/iiif/3/5bb6ab7c-20bc-493a-ae73-289f49dff048/info.json,Italian|Immanuel of Rome|Jewish Messenger,131,https://digitalrepository.library.upenn.edu/iiif/2/items/dc71c7fc-63d6-40e0-908e-ba8930064eba/manifest,https://iiif-images.library.upenn.edu/iiif/2/5bb6ab7c-20bc-493a-ae73-289f49dff048
obj118,Italian Hebrew Literature. By Rev. S. Morais.,The Jewish Messenger,New York,16-Feb,16-Feb,,,"https://iiif-images.library.upenn.edu/iiif/2/f0ba4fe1-92e3-4969-b4b7-be5269930292/full/!200,200/0/default.jpg","https://iiif-images.library.upenn.edu/iiif/2/f0ba4fe1-92e3-4969-b4b7-be5269930292/full/3500,/0/default.jpg",67,https://iiif-images.library.upenn.edu/iiif/3/f0ba4fe1-92e3-4969-b4b7-be5269930292/info.json,"Graetz, Dr. Heinrich|Italian|Immanuel of Rome|Jewish Messenger",132,https://digitalrepository.library.upenn.edu/iiif/2/items/dc71c7fc-63d6-40e0-908e-ba8930064eba/manifest,https://iiif-images.library.upenn.edu/iiif/2/f0ba4fe1-92e3-4969-b4b7-be5269930292
obj119,Italian Hebrew Literature. By Rev. S. Morais.,The Jewish Messenger,New York,19-Feb,19-Feb,,,"https://iiif-images.library.upenn.edu/iiif/2/7a5f1569-8e99-4ff6-946d-7198cc4a9d09/full/!200,200/0/default.jpg","https://iiif-images.library.upenn.edu/iiif/2/7a5f1569-8e99-4ff6-946d-7198cc4a9d09/full/3500,/0/default.jpg",68,https://iiif-images.library.upenn.edu/iiif/3/7a5f1569-8e99-4ff6-946d-7198cc4a9d09/info.json,Italian|Immanuel of Rome|Jewish Messenger,133,https://digitalrepository.library.upenn.edu/iiif/2/items/dc71c7fc-63d6-40e0-908e-ba8930064eba/manifest,https://iiif-images.library.upenn.edu/iiif/2/7a5f1569-8e99-4ff6-946d-7198cc4a9d09
obj120,Italian Hebrew Literature. By Rev. S. Morais.,The Jewish Messenger,New York,26-Feb,26-Feb,,,"https://iiif-images.library.upenn.edu/iiif/2/d003e66e-7b1c-41cc-8e95-03ad57f07bdc/full/!200,200/0/default.jpg","https://iiif-images.library.upenn.edu/iiif/2/d003e66e-7b1c-41cc-8e95-03ad57f07bdc/full/3500,/0/default.jpg",69,https://iiif-images.library.upenn.edu/iiif/3/d003e66e-7b1c-41cc-8e95-03ad57f07bdc/info.json,Italian|Immanuel of Rome|Jewish Messenger,134,https://digitalrepository.library.upenn.edu/iiif/2/items/dc71c7fc-63d6-40e0-908e-ba8930064eba/manifest,https://iiif-images.library.upenn.edu/iiif/2/d003e66e-7b1c-41cc-8e95-03ad57f07bdc
obj121,Italian Hebrew Literature. By Rev. S. Morais.,The Jewish Messenger,New York,5-Mar,5-Mar,,,"https://iiif-images.library.upenn.edu/iiif/2/0e961886-36c5-49a8-b7f0-f32408a74e7e/full/!200,200/0/default.jpg","https://iiif-images.library.upenn.edu/iiif/2/0e961886-36c5-49a8-b7f0-f32408a74e7e/full/3500,/0/default.jpg",70,https://iiif-images.library.upenn.edu/iiif/3/0e961886-36c5-49a8-b7f0-f32408a74e7e/info.json,Italian|Immanuel of Rome|Jewish Messenger,135,https://digitalrepository.library.upenn.edu/iiif/2/items/dc71c7fc-63d6-40e0-908e-ba8930064eba/manifest,https://iiif-images.library.upenn.edu/iiif/2/0e961886-36c5-49a8-b7f0-f32408a74e7e
obj122,Italian Hebrew Literature. By Rev. S. Morais.,The Jewish Messenger,New York,12-Mar,12-Mar,,,"https://iiif-images.library.upenn.edu/iiif/2/5c632f13-691f-46c7-864a-cc00579c29bd/full/!200,200/0/default.jpg","https://iiif-images.library.upenn.edu/iiif/2/5c632f13-691f-46c7-864a-cc00579c29bd/full/3500,/0/default.jpg",71,https://iiif-images.library.upenn.edu/iiif/3/5c632f13-691f-46c7-864a-cc00579c29bd/info.json,"Italian|Jewish Messenger|Medigo, Elias Del|Reggio, Isaac Samuel",136,https://digitalrepository.library.upenn.edu/iiif/2/items/dc71c7fc-63d6-40e0-908e-ba8930064eba/manifest,https://iiif-images.library.upenn.edu/iiif/2/5c632f13-691f-46c7-864a-cc00579c29bd
obj123,Italian Hebrew Literature. By Rev. S. Morais.,The Jewish Messenger,New York,19-Mar,19-Mar,,,"https://iiif-images.library.upenn.edu/iiif/2/5c632f13-691f-46c7-864a-cc00579c29bd/full/!200,200/0/default.jpg","https://iiif-images.library.upenn.edu/iiif/2/5c632f13-691f-46c7-864a-cc00579c29bd/full/3500,/0/default.jpg",71,https://iiif-images.library.upenn.edu/iiif/3/5c632f13-691f-46c7-864a-cc00579c29bd/info.json,"Italian|Jewish Messenger|Rossi, Azariah de|Zunz, Leopold",137,https://digitalrepository.library.upenn.edu/iiif/2/items/dc71c7fc-63d6-40e0-908e-ba8930064eba/manifest,https://iiif-images.library.upenn.edu/iiif/2/5c632f13-691f-46c7-864a-cc00579c29bd
obj124,Italian Hebrew Literature. By Rev. S. Morais.,The Jewish Messenger,New York,26-Mar,26-Mar,,,"https://iiif-images.library.upenn.edu/iiif/2/ed66be2e-7725-472a-94f2-a8cb2f371878/full/!200,200/0/default.jpg","https://iiif-images.library.upenn.edu/iiif/2/ed66be2e-7725-472a-94f2-a8cb2f371878/full/3500,/0/default.jpg",72,https://iiif-images.library.upenn.edu/iiif/3/ed66be2e-7725-472a-94f2-a8cb2f371878/info.json,"Italian|Jewish Messenger|Rossi, Azariah de",138,https://digitalrepository.library.upenn.edu/iiif/2/items/dc71c7fc-63d6-40e0-908e-ba8930064eba/manifest,https://iiif-images.library.upenn.edu/iiif/2/ed66be2e-7725-472a-94f2-a8cb2f371878
obj125,Italian Hebrew Literature. By Rev. S. Morais.,The Jewish Messenger,New York,2-Apr,2-Apr,,,"https://iiif-images.library.upenn.edu/iiif/2/96581a28-33af-4eab-9161-b5283ec0ebfe/full/!200,200/0/default.jpg","https://iiif-images.library.upenn.edu/iiif/2/96581a28-33af-4eab-9161-b5283ec0ebfe/full/3500,/0/default.jpg",73,https://iiif-images.library.upenn.edu/iiif/3/96581a28-33af-4eab-9161-b5283ec0ebfe/info.json,"Italian|Jewish Messenger|Nieto, David",139,https://digitalrepository.library.upenn.edu/iiif/2/items/dc71c7fc-63d6-40e0-908e-ba8930064eba/manifest,https://iiif-images.library.upenn.edu/iiif/2/96581a28-33af-4eab-9161-b5283ec0ebfe
obj126,Italian Hebrew Literature. By Rev. S. Morais.,The Jewish Messenger,New York,9-Apr,9-Apr,,,"https://iiif-images.library.upenn.edu/iiif/2/96581a28-33af-4eab-9161-b5283ec0ebfe/full/!200,200/0/default.jpg","https://iiif-images.library.upenn.edu/iiif/2/96581a28-33af-4eab-9161-b5283ec0ebfe/full/3500,/0/default.jpg",73,https://iiif-images.library.upenn.edu/iiif/3/96581a28-33af-4eab-9161-b5283ec0ebfe/info.json,"Italian|Jewish Messenger|Nieto, David",140,https://digitalrepository.library.upenn.edu/iiif/2/items/dc71c7fc-63d6-40e0-908e-ba8930064eba/manifest,https://iiif-images.library.upenn.edu/iiif/2/96581a28-33af-4eab-9161-b5283ec0ebfe
obj127,Italian Hebrew Literature. By Rev. S. Morais.,The Jewish Messenger,New York,16-Apr,16-Apr,,,"https://iiif-images.library.upenn.edu/iiif/2/5b41f393-2ec6-4aa6-b433-17d26555e810/full/!200,200/0/default.jpg","https://iiif-images.library.upenn.edu/iiif/2/5b41f393-2ec6-4aa6-b433-17d26555e810/full/3500,/0/default.jpg",74,https://iiif-images.library.upenn.edu/iiif/3/5b41f393-2ec6-4aa6-b433-17d26555e810/info.json,"Almansi|Balmesi|Benedetti, Salvatore de|Italian|Jewish Messenger|Lampronti, Isaac|Luzzatto family|Sforno",141,https://digitalrepository.library.upenn.edu/iiif/2/items/dc71c7fc-63d6-40e0-908e-ba8930064eba/manifest,https://iiif-images.library.upenn.edu/iiif/2/5b41f393-2ec6-4aa6-b433-17d26555e810
obj128,Israel and America. Substance of a Discourse by the Rev. S. Morais. Delivered the first day of Passover.,The Jewish Messenger,New York,7-May,7-May,,,"https://iiif-images.library.upenn.edu/iiif/2/7a0b447f-d972-4ec9-98f6-6151aca3f543/full/!200,200/0/default.jpg","https://iiif-images.library.upenn.edu/iiif/2/7a0b447f-d972-4ec9-98f6-6151aca3f543/full/3500,/0/default.jpg",75a,https://iiif-images.library.upenn.edu/iiif/3/7a0b447f-d972-4ec9-98f6-6151aca3f543/info.json,"Adams, John|Jewish Messenger|War of Independence",142,https://digitalrepository.library.upenn.edu/iiif/2/items/dc71c7fc-63d6-40e0-908e-ba8930064eba/manifest,https://iiif-images.library.upenn.edu/iiif/2/7a0b447f-d972-4ec9-98f6-6151aca3f543
obj129,"An Open Letter. Philadelphia, PA, August 17, 1875. To the Editor of the American Israelite: [...].",American Israelite,"Cincinnati, Ohio",27-Aug,27-Aug,,,"https://iiif-images.library.upenn.edu/iiif/2/7a0b447f-d972-4ec9-98f6-6151aca3f543/full/!200,200/0/default.jpg","https://iiif-images.library.upenn.edu/iiif/2/7a0b447f-d972-4ec9-98f6-6151aca3f543/full/3500,/0/default.jpg",75a,https://iiif-images.library.upenn.edu/iiif/3/7a0b447f-d972-4ec9-98f6-6151aca3f543/info.json,"American Israelite|Reform Judaism, (also ""Neology""/""Gentilism"")|Wise, I. M.",143,https://digitalrepository.library.upenn.edu/iiif/2/items/dc71c7fc-63d6-40e0-908e-ba8930064eba/manifest,https://iiif-images.library.upenn.edu/iiif/2/7a0b447f-d972-4ec9-98f6-6151aca3f543
obj130,"A Rejoinder to a Reply to an Open Letter. By Rev. S. Morais. Philadelphia, PA., Sept. 15, 1875. To the Editor of the American Israelite: [...].",American Israelite,"Cincinnati, Ohio",27-Aug,27-Aug,,,"https://iiif-images.library.upenn.edu/iiif/2/3d898852-cfa7-4bc7-8c23-0f76bbad28e6/full/!200,200/0/default.jpg","https://iiif-images.library.upenn.edu/iiif/2/3d898852-cfa7-4bc7-8c23-0f76bbad28e6/full/3500,/0/default.jpg",75b，75c,"https://iiif-images.library.upenn.edu/iiif/3/3d898852-cfa7-4bc7-8c23-0f76bbad28e6/info.json , https://iiif-images.library.upenn.edu/iiif/3/d32042aa-6d70-4603-a283-ff345c61dbac/info.json","American Israelite|Creating a unified American Rite|and Ritual ""innovation""",144,https://digitalrepository.library.upenn.edu/iiif/2/items/dc71c7fc-63d6-40e0-908e-ba8930064eba/manifest,https://iiif-images.library.upenn.edu/iiif/2/3d898852-cfa7-4bc7-8c23-0f76bbad28e6|https://iiif-images.library.upenn.edu/iiif/2/d32042aa-6d70-4603-a283-ff345c61dbac
obj131,[Letter to the] Editor Jewish Record:,The Jewish Record,Philadelphia,5-Nov,5-Nov,,,"https://iiif-images.library.upenn.edu/iiif/2/cbc6261f-1d14-4ef8-8a01-7777bc6e6ec9/full/!200,200/0/default.jpg","https://iiif-images.library.upenn.edu/iiif/2/cbc6261f-1d14-4ef8-8a01-7777bc6e6ec9/full/3500,/0/default.jpg",76,https://iiif-images.library.upenn.edu/iiif/3/cbc6261f-1d14-4ef8-8a01-7777bc6e6ec9/info.json,"American Israelite|Jewish Record, The|and Ritual ""innovation""|Young Israel of America",145,https://digitalrepository.library.upenn.edu/iiif/2/items/dc71c7fc-63d6-40e0-908e-ba8930064eba/manifest,https://iiif-images.library.upenn.edu/iiif/2/cbc6261f-1d14-4ef8-8a01-7777bc6e6ec9
obj132,No. 2.,The Jewish Record,Philadelphia,12-Nov,12-Nov,,,"https://iiif-images.library.upenn.edu/iiif/2/cbc6261f-1d14-4ef8-8a01-7777bc6e6ec9/full/!200,200/0/default.jpg","https://iiif-images.library.upenn.edu/iiif/2/cbc6261f-1d14-4ef8-8a01-7777bc6e6ec9/full/3500,/0/default.jpg",76,https://iiif-images.library.upenn.edu/iiif/3/cbc6261f-1d14-4ef8-8a01-7777bc6e6ec9/info.json,"American Israelite|Jewish Record, The|and Ritual ""innovation""",146,https://digitalrepository.library.upenn.edu/iiif/2/items/dc71c7fc-63d6-40e0-908e-ba8930064eba/manifest,https://iiif-images.library.upenn.edu/iiif/2/cbc6261f-1d14-4ef8-8a01-7777bc6e6ec9
obj133,Sectarianism in Schools. The following communication was presented to the Board of Education at their meeting on the 9th inst [...].,The Jewish Record,Philadelphia,12-Nov,12-Nov,,,"https://iiif-images.library.upenn.edu/iiif/2/cbc6261f-1d14-4ef8-8a01-7777bc6e6ec9/full/!200,200/0/default.jpg","https://iiif-images.library.upenn.edu/iiif/2/cbc6261f-1d14-4ef8-8a01-7777bc6e6ec9/full/3500,/0/default.jpg",76,https://iiif-images.library.upenn.edu/iiif/3/cbc6261f-1d14-4ef8-8a01-7777bc6e6ec9/info.json,"Board of Education, Philadelphia|Board of Hebrew Ministers, Philadelphia|Jewish Record, The|School Sectarianism",147,https://digitalrepository.library.upenn.edu/iiif/2/items/dc71c7fc-63d6-40e0-908e-ba8930064eba/manifest,https://iiif-images.library.upenn.edu/iiif/2/cbc6261f-1d14-4ef8-8a01-7777bc6e6ec9
obj134,Thoughts on the Character of Judaism. Largely extracted from a Lecture. By Rev. S. Morais.,The Jewish Record,Philadelphia,19-Nov,19-Nov,,,"https://iiif-images.library.upenn.edu/iiif/2/5e72dd85-ab3c-4f65-bd8d-f6fc4c590fa2/full/!200,200/0/default.jpg","https://iiif-images.library.upenn.edu/iiif/2/5e72dd85-ab3c-4f65-bd8d-f6fc4c590fa2/full/3500,/0/default.jpg",77,https://iiif-images.library.upenn.edu/iiif/3/5e72dd85-ab3c-4f65-bd8d-f6fc4c590fa2/info.json,"Jewish Record, The|Character of",148,https://digitalrepository.library.upenn.edu/iiif/2/items/dc71c7fc-63d6-40e0-908e-ba8930064eba/manifest,https://iiif-images.library.upenn.edu/iiif/2/5e72dd85-ab3c-4f65-bd8d-f6fc4c590fa2
obj135,Communications. No. 3.,The Jewish Record,Philadelphia,19-Nov,19-Nov,,,"https://iiif-images.library.upenn.edu/iiif/2/5e72dd85-ab3c-4f65-bd8d-f6fc4c590fa2/full/!200,200/0/default.jpg","https://iiif-images.library.upenn.edu/iiif/2/5e72dd85-ab3c-4f65-bd8d-f6fc4c590fa2/full/3500,/0/default.jpg",77,https://iiif-images.library.upenn.edu/iiif/3/5e72dd85-ab3c-4f65-bd8d-f6fc4c590fa2/info.json,"American Israelite|as language of prayer|Jewish Messenger|Jewish Record, The|and Ritual ""innovation""",149,https://digitalrepository.library.upenn.edu/iiif/2/items/dc71c7fc-63d6-40e0-908e-ba8930064eba/manifest,https://iiif-images.library.upenn.edu/iiif/2/5e72dd85-ab3c-4f65-bd8d-f6fc4c590fa2
obj136,The Ritual Question. No. 4.,The Jewish Record,Philadelphia,26-Nov,26-Nov,,,"https://iiif-images.library.upenn.edu/iiif/2/19cf92be-75fb-4765-bf89-a3766e7ecb33/full/!200,200/0/default.jpg","https://iiif-images.library.upenn.edu/iiif/2/19cf92be-75fb-4765-bf89-a3766e7ecb33/full/3500,/0/default.jpg",78,https://iiif-images.library.upenn.edu/iiif/3/19cf92be-75fb-4765-bf89-a3766e7ecb33/info.json,"American Israelite|as language of prayer|Jewish Messenger|Jewish Record, The|and Ritual ""innovation""",150,https://digitalrepository.library.upenn.edu/iiif/2/items/dc71c7fc-63d6-40e0-908e-ba8930064eba/manifest,https://iiif-images.library.upenn.edu/iiif/2/19cf92be-75fb-4765-bf89-a3766e7ecb33
obj137,The Late Vice-President. A eulogy by Rev. S. Morais of the Seventh Street Synagogue.,Evening Telegraph,Philadelphia,1-Dec,1-Dec,,,"https://iiif-images.library.upenn.edu/iiif/2/19cf92be-75fb-4765-bf89-a3766e7ecb33/full/!200,200/0/default.jpg","https://iiif-images.library.upenn.edu/iiif/2/19cf92be-75fb-4765-bf89-a3766e7ecb33/full/3500,/0/default.jpg",78,https://iiif-images.library.upenn.edu/iiif/3/19cf92be-75fb-4765-bf89-a3766e7ecb33/info.json,"Wilson, Vice President",151,https://digitalrepository.library.upenn.edu/iiif/2/items/dc71c7fc-63d6-40e0-908e-ba8930064eba/manifest,https://iiif-images.library.upenn.edu/iiif/2/19cf92be-75fb-4765-bf89-a3766e7ecb33
obj138,The Ritual Question. No. 5.,The Jewish Record,Philadelphia,3-Dec,3-Dec,,,"https://iiif-images.library.upenn.edu/iiif/2/bf37ae70-e81d-4211-840a-e4b1d935ed00/full/!200,200/0/default.jpg","https://iiif-images.library.upenn.edu/iiif/2/bf37ae70-e81d-4211-840a-e4b1d935ed00/full/3500,/0/default.jpg",79,https://iiif-images.library.upenn.edu/iiif/3/bf37ae70-e81d-4211-840a-e4b1d935ed00/info.json,"American Israelite|as language of prayer|Jewish Messenger|Jewish Record, The|Jonah, Solomon",152,https://digitalrepository.library.upenn.edu/iiif/2/items/dc71c7fc-63d6-40e0-908e-ba8930064eba/manifest,https://iiif-images.library.upenn.edu/iiif/2/bf37ae70-e81d-4211-840a-e4b1d935ed00
obj139,The Ritual Question. No. 6.,The Jewish Record,Philadelphia,10-Dec,10-Dec,,,"https://iiif-images.library.upenn.edu/iiif/2/bf37ae70-e81d-4211-840a-e4b1d935ed00/full/!200,200/0/default.jpg","https://iiif-images.library.upenn.edu/iiif/2/bf37ae70-e81d-4211-840a-e4b1d935ed00/full/3500,/0/default.jpg",79,https://iiif-images.library.upenn.edu/iiif/3/bf37ae70-e81d-4211-840a-e4b1d935ed00/info.json,"American Israelite|Jewish Messenger|Jewish Record, The|Creating a unified American Rite|and Ritual ""innovation""",153,https://digitalrepository.library.upenn.edu/iiif/2/items/dc71c7fc-63d6-40e0-908e-ba8930064eba/manifest,https://iiif-images.library.upenn.edu/iiif/2/bf37ae70-e81d-4211-840a-e4b1d935ed00
obj140,Communications. Sectarianism in the Public Schools. [Letter to the] Editor Jewish Record: [...],The Jewish Record,Philadelphia,17-Dec,17-Dec,,,"https://iiif-images.library.upenn.edu/iiif/2/28a7a002-7fb1-42d1-917e-a533634fcdac/full/!200,200/0/default.jpg","https://iiif-images.library.upenn.edu/iiif/2/28a7a002-7fb1-42d1-917e-a533634fcdac/full/3500,/0/default.jpg",80,https://iiif-images.library.upenn.edu/iiif/3/28a7a002-7fb1-42d1-917e-a533634fcdac/info.json,"Gratz, Simeon|Public school|Moral Science",154,https://digitalrepository.library.upenn.edu/iiif/2/items/dc71c7fc-63d6-40e0-908e-ba8930064eba/manifest,https://iiif-images.library.upenn.edu/iiif/2/28a7a002-7fb1-42d1-917e-a533634fcdac
obj141,The Ritual Question. No. 7.,The Jewish Record,Philadelphia,17-Dec,17-Dec,,,"https://iiif-images.library.upenn.edu/iiif/2/28a7a002-7fb1-42d1-917e-a533634fcdac/full/!200,200/0/default.jpg","https://iiif-images.library.upenn.edu/iiif/2/28a7a002-7fb1-42d1-917e-a533634fcdac/full/3500,/0/default.jpg",80,https://iiif-images.library.upenn.edu/iiif/3/28a7a002-7fb1-42d1-917e-a533634fcdac/info.json,"American Israelite|Jewish Messenger|Jewish Record, The|and Ritual ""innovation""",155,https://digitalrepository.library.upenn.edu/iiif/2/items/dc71c7fc-63d6-40e0-908e-ba8930064eba/manifest,https://iiif-images.library.upenn.edu/iiif/2/28a7a002-7fb1-42d1-917e-a533634fcdac
obj142,The Israelites and Their Detractors.,Sunday Dispatch,Philadelphia,9-Jan,9-Jan,,,"https://iiif-images.library.upenn.edu/iiif/2/440833c4-8ae6-422d-b576-26b311fd82e4/full/!200,200/0/default.jpg","https://iiif-images.library.upenn.edu/iiif/2/440833c4-8ae6-422d-b576-26b311fd82e4/full/3500,/0/default.jpg",81,https://iiif-images.library.upenn.edu/iiif/3/440833c4-8ae6-422d-b576-26b311fd82e4/info.json,"Franklin, Benjamin|Immigration|Jefferson, Thomas|Peabody, George|Rhode Island|Touros|Williamson, Isaiah V.",156,https://digitalrepository.library.upenn.edu/iiif/2/items/dc71c7fc-63d6-40e0-908e-ba8930064eba/manifest,https://iiif-images.library.upenn.edu/iiif/2/440833c4-8ae6-422d-b576-26b311fd82e4
obj143,A Personal Explanation from Rev. S. Morais on the Ritual Question.,The Jewish Record,Philadelphia,21-Jan,21-Jan,,,"https://iiif-images.library.upenn.edu/iiif/2/440833c4-8ae6-422d-b576-26b311fd82e4/full/!200,200/0/default.jpg","https://iiif-images.library.upenn.edu/iiif/2/440833c4-8ae6-422d-b576-26b311fd82e4/full/3500,/0/default.jpg",81,https://iiif-images.library.upenn.edu/iiif/3/440833c4-8ae6-422d-b576-26b311fd82e4/info.json,"Anglo-Jewry|Jewish Record, The|Montefiore, Judith|and Ritual ""innovation""",157,https://digitalrepository.library.upenn.edu/iiif/2/items/dc71c7fc-63d6-40e0-908e-ba8930064eba/manifest,https://iiif-images.library.upenn.edu/iiif/2/440833c4-8ae6-422d-b576-26b311fd82e4
obj144,[Letter to the] Editor Jewish Record: [...].,The Jewish Record,Philadelphia,3-Mar,3-Mar,,,"https://iiif-images.library.upenn.edu/iiif/2/4ddc7204-2524-4688-bf8d-88c5c003205e/full/!200,200/0/default.jpg","https://iiif-images.library.upenn.edu/iiif/2/4ddc7204-2524-4688-bf8d-88c5c003205e/full/3500,/0/default.jpg",82,https://iiif-images.library.upenn.edu/iiif/3/4ddc7204-2524-4688-bf8d-88c5c003205e/info.json,"Centennial [1876]|Jewish Record, The|Jones, Horatio Gates|Thomas, Theodore",158,https://digitalrepository.library.upenn.edu/iiif/2/items/dc71c7fc-63d6-40e0-908e-ba8930064eba/manifest,https://iiif-images.library.upenn.edu/iiif/2/4ddc7204-2524-4688-bf8d-88c5c003205e
obj145,The Centennial and the Israelites. Sermon by Rabbi S. Morais.,Sunday Dispatch,Philadelphia,7-May,7-May,,,"https://iiif-images.library.upenn.edu/iiif/2/4ddc7204-2524-4688-bf8d-88c5c003205e/full/!200,200/0/default.jpg","https://iiif-images.library.upenn.edu/iiif/2/4ddc7204-2524-4688-bf8d-88c5c003205e/full/3500,/0/default.jpg",82,https://iiif-images.library.upenn.edu/iiif/3/4ddc7204-2524-4688-bf8d-88c5c003205e/info.json,"Centennial [1876]|Labour, condition of|Sunday Dispatch, The",159,https://digitalrepository.library.upenn.edu/iiif/2/items/dc71c7fc-63d6-40e0-908e-ba8930064eba/manifest,https://iiif-images.library.upenn.edu/iiif/2/4ddc7204-2524-4688-bf8d-88c5c003205e
obj146,"A Letter by Maimonides. To the Jews of South Arabia, entitled The Inspiring Hope. Written originally in Arabic, translated by a Rabbi Nahum into Hebrew, and from this rendered freely into English by S. Morais.",The Jewish Record,Philadelphia,14-Jul,14-Jul,,,"https://iiif-images.library.upenn.edu/iiif/2/8a55b8ac-e146-406e-803e-61ccbacc534c/full/!200,200/0/default.jpg","https://iiif-images.library.upenn.edu/iiif/2/8a55b8ac-e146-406e-803e-61ccbacc534c/full/3500,/0/default.jpg",83,https://iiif-images.library.upenn.edu/iiif/3/8a55b8ac-e146-406e-803e-61ccbacc534c/info.json,"Jewish Record, The|Inspiring Hope, The",160,https://digitalrepository.library.upenn.edu/iiif/2/items/dc71c7fc-63d6-40e0-908e-ba8930064eba/manifest,https://iiif-images.library.upenn.edu/iiif/2/8a55b8ac-e146-406e-803e-61ccbacc534c
obj147,A Letter by Maimonides [...].,The Jewish Record,Philadelphia,21-Jul,21-Jul,,,"https://iiif-images.library.upenn.edu/iiif/2/8a55b8ac-e146-406e-803e-61ccbacc534c/full/!200,200/0/default.jpg","https://iiif-images.library.upenn.edu/iiif/2/8a55b8ac-e146-406e-803e-61ccbacc534c/full/3500,/0/default.jpg",83,https://iiif-images.library.upenn.edu/iiif/3/8a55b8ac-e146-406e-803e-61ccbacc534c/info.json,"Jewish Record, The|Inspiring Hope, The",161,https://digitalrepository.library.upenn.edu/iiif/2/items/dc71c7fc-63d6-40e0-908e-ba8930064eba/manifest,https://iiif-images.library.upenn.edu/iiif/2/8a55b8ac-e146-406e-803e-61ccbacc534c
obj148,Letter from the Rev. S. Morais.,The Jewish Record,Philadelphia,28-Jul,28-Jul,,,"https://iiif-images.library.upenn.edu/iiif/2/48f97b4c-8f73-4855-929c-20a15bc4274f/full/!200,200/0/default.jpg","https://iiif-images.library.upenn.edu/iiif/2/48f97b4c-8f73-4855-929c-20a15bc4274f/full/3500,/0/default.jpg",84,https://iiif-images.library.upenn.edu/iiif/3/48f97b4c-8f73-4855-929c-20a15bc4274f/info.json,"Italian artisans|Jewish Record, The|Peace Convention, The",162,https://digitalrepository.library.upenn.edu/iiif/2/items/dc71c7fc-63d6-40e0-908e-ba8930064eba/manifest,https://iiif-images.library.upenn.edu/iiif/2/48f97b4c-8f73-4855-929c-20a15bc4274f
obj149,A Letter by Maimonides [...] (Continued).,The Jewish Record,Philadelphia,28-Jul,28-Jul,,,"https://iiif-images.library.upenn.edu/iiif/2/48f97b4c-8f73-4855-929c-20a15bc4274f/full/!200,200/0/default.jpg","https://iiif-images.library.upenn.edu/iiif/2/48f97b4c-8f73-4855-929c-20a15bc4274f/full/3500,/0/default.jpg",84,https://iiif-images.library.upenn.edu/iiif/3/48f97b4c-8f73-4855-929c-20a15bc4274f/info.json,"Jewish Record, The|Inspiring Hope, The|Senior Sachs",163,https://digitalrepository.library.upenn.edu/iiif/2/items/dc71c7fc-63d6-40e0-908e-ba8930064eba/manifest,https://iiif-images.library.upenn.edu/iiif/2/48f97b4c-8f73-4855-929c-20a15bc4274f
obj150,Luzzatto's Posthumous Works. [Letter to the] Editor Jewish Record.,The Jewish Record,Philadelphia,4-Aug,4-Aug,,,"https://iiif-images.library.upenn.edu/iiif/2/3b9c5597-f552-4a71-b635-4c5f3456f560/full/!200,200/0/default.jpg","https://iiif-images.library.upenn.edu/iiif/2/3b9c5597-f552-4a71-b635-4c5f3456f560/full/3500,/0/default.jpg",85,https://iiif-images.library.upenn.edu/iiif/3/3b9c5597-f552-4a71-b635-4c5f3456f560/info.json,"Jewish Record, The",164,https://digitalrepository.library.upenn.edu/iiif/2/items/dc71c7fc-63d6-40e0-908e-ba8930064eba/manifest,https://iiif-images.library.upenn.edu/iiif/2/3b9c5597-f552-4a71-b635-4c5f3456f560
obj151,A Letter by Maimonides [...] (Continued).,The Jewish Record,Philadelphia,4-Aug,4-Aug,,,"https://iiif-images.library.upenn.edu/iiif/2/3b9c5597-f552-4a71-b635-4c5f3456f560/full/!200,200/0/default.jpg","https://iiif-images.library.upenn.edu/iiif/2/3b9c5597-f552-4a71-b635-4c5f3456f560/full/3500,/0/default.jpg",85,https://iiif-images.library.upenn.edu/iiif/3/3b9c5597-f552-4a71-b635-4c5f3456f560/info.json,"Jewish Record, The|Inspiring Hope, The",165,https://digitalrepository.library.upenn.edu/iiif/2/items/dc71c7fc-63d6-40e0-908e-ba8930064eba/manifest,https://iiif-images.library.upenn.edu/iiif/2/3b9c5597-f552-4a71-b635-4c5f3456f560
obj152,A Letter by Maimonides [...] (Continued).,The Jewish Record,Philadelphia,11-Aug,11-Aug,,,"https://iiif-images.library.upenn.edu/iiif/2/6a3f48dd-a507-4824-8e6e-0c600edf9cf2/full/!200,200/0/default.jpg","https://iiif-images.library.upenn.edu/iiif/2/6a3f48dd-a507-4824-8e6e-0c600edf9cf2/full/3500,/0/default.jpg",86,https://iiif-images.library.upenn.edu/iiif/3/6a3f48dd-a507-4824-8e6e-0c600edf9cf2/info.json,"Jewish Record, The|Inspiring Hope, The",166,https://digitalrepository.library.upenn.edu/iiif/2/items/dc71c7fc-63d6-40e0-908e-ba8930064eba/manifest,https://iiif-images.library.upenn.edu/iiif/2/6a3f48dd-a507-4824-8e6e-0c600edf9cf2
obj153,A Letter by Maimonides [...] (Continued).,The Jewish Record,Philadelphia,18-Aug,18-Aug,,,"https://iiif-images.library.upenn.edu/iiif/2/6a3f48dd-a507-4824-8e6e-0c600edf9cf2/full/!200,200/0/default.jpg","https://iiif-images.library.upenn.edu/iiif/2/6a3f48dd-a507-4824-8e6e-0c600edf9cf2/full/3500,/0/default.jpg",86,https://iiif-images.library.upenn.edu/iiif/3/6a3f48dd-a507-4824-8e6e-0c600edf9cf2/info.json,"Jewish Record, The|Inspiring Hope, The",167,https://digitalrepository.library.upenn.edu/iiif/2/items/dc71c7fc-63d6-40e0-908e-ba8930064eba/manifest,https://iiif-images.library.upenn.edu/iiif/2/6a3f48dd-a507-4824-8e6e-0c600edf9cf2
obj154,A Letter by Maimonides [...] (Continued).,The Jewish Record,Philadelphia,25-Aug,25-Aug,,,"https://iiif-images.library.upenn.edu/iiif/2/3b950cbd-b28f-406e-9d8a-70efde78020d/full/!200,200/0/default.jpg","https://iiif-images.library.upenn.edu/iiif/2/3b950cbd-b28f-406e-9d8a-70efde78020d/full/3500,/0/default.jpg",87,https://iiif-images.library.upenn.edu/iiif/3/3b950cbd-b28f-406e-9d8a-70efde78020d/info.json,"Jewish Record, The|Inspiring Hope, The",168,https://digitalrepository.library.upenn.edu/iiif/2/items/dc71c7fc-63d6-40e0-908e-ba8930064eba/manifest,https://iiif-images.library.upenn.edu/iiif/2/3b950cbd-b28f-406e-9d8a-70efde78020d
obj155,A Handbook of the Talmud.,The Jewish Record,Philadelphia,25-Aug,25-Aug,,,"https://iiif-images.library.upenn.edu/iiif/2/3b950cbd-b28f-406e-9d8a-70efde78020d/full/!200,200/0/default.jpg","https://iiif-images.library.upenn.edu/iiif/2/3b950cbd-b28f-406e-9d8a-70efde78020d/full/3500,/0/default.jpg",87,https://iiif-images.library.upenn.edu/iiif/3/3b950cbd-b28f-406e-9d8a-70efde78020d/info.json,"Jewish Record, The|Rabinowitz, Rev. M.|Wise, I. M.|Yeedish Gazette, The",169,https://digitalrepository.library.upenn.edu/iiif/2/items/dc71c7fc-63d6-40e0-908e-ba8930064eba/manifest,https://iiif-images.library.upenn.edu/iiif/2/3b950cbd-b28f-406e-9d8a-70efde78020d
obj156,A Letter by Maimonides [...] (Continued).,The Jewish Record,Philadelphia,1-Sep,1-Sep,,,"https://iiif-images.library.upenn.edu/iiif/2/e6b65d16-804b-4bdf-98bf-d881c6c5df25/full/!200,200/0/default.jpg","https://iiif-images.library.upenn.edu/iiif/2/e6b65d16-804b-4bdf-98bf-d881c6c5df25/full/3500,/0/default.jpg",88,https://iiif-images.library.upenn.edu/iiif/3/e6b65d16-804b-4bdf-98bf-d881c6c5df25/info.json,"Jewish Record, The|Inspiring Hope, The",170,https://digitalrepository.library.upenn.edu/iiif/2/items/dc71c7fc-63d6-40e0-908e-ba8930064eba/manifest,https://iiif-images.library.upenn.edu/iiif/2/e6b65d16-804b-4bdf-98bf-d881c6c5df25
obj157,The College Question.,The Jewish Record,Philadelphia,8-Sep,8-Sep,,,"https://iiif-images.library.upenn.edu/iiif/2/3bb71ed5-ec45-4775-8fbe-ecee8abb3a03/full/!200,200/0/default.jpg","https://iiif-images.library.upenn.edu/iiif/2/3bb71ed5-ec45-4775-8fbe-ecee8abb3a03/full/3500,/0/default.jpg",89,https://iiif-images.library.upenn.edu/iiif/3/3bb71ed5-ec45-4775-8fbe-ecee8abb3a03/info.json,"Cincinnati College|Hebrew Education Society School|Jewish Record, The|Maimonides College|Western Union College",171,https://digitalrepository.library.upenn.edu/iiif/2/items/dc71c7fc-63d6-40e0-908e-ba8930064eba/manifest,https://iiif-images.library.upenn.edu/iiif/2/3bb71ed5-ec45-4775-8fbe-ecee8abb3a03
obj158,A Letter by Maimonides [...] (Continued).,Jewish Record,Philadelphia,8-Sep,8-Sep,,,"https://iiif-images.library.upenn.edu/iiif/2/3bb71ed5-ec45-4775-8fbe-ecee8abb3a03/full/!200,200/0/default.jpg","https://iiif-images.library.upenn.edu/iiif/2/3bb71ed5-ec45-4775-8fbe-ecee8abb3a03/full/3500,/0/default.jpg",89,https://iiif-images.library.upenn.edu/iiif/3/3bb71ed5-ec45-4775-8fbe-ecee8abb3a03/info.json,"Jewish Record, The|Inspiring Hope, The",172,https://digitalrepository.library.upenn.edu/iiif/2/items/dc71c7fc-63d6-40e0-908e-ba8930064eba/manifest,https://iiif-images.library.upenn.edu/iiif/2/3bb71ed5-ec45-4775-8fbe-ecee8abb3a03
obj159,A Letter by Maimonides [...] (Continued).,The Jewish Record,Philadelphia,15-Sep,15-Sep,,,"https://iiif-images.library.upenn.edu/iiif/2/392eb5cc-cece-4bb2-a531-2ff5f488af7e/full/!200,200/0/default.jpg","https://iiif-images.library.upenn.edu/iiif/2/392eb5cc-cece-4bb2-a531-2ff5f488af7e/full/3500,/0/default.jpg",90,https://iiif-images.library.upenn.edu/iiif/3/392eb5cc-cece-4bb2-a531-2ff5f488af7e/info.json,"Jewish Record, The|Inspiring Hope, The",173,https://digitalrepository.library.upenn.edu/iiif/2/items/dc71c7fc-63d6-40e0-908e-ba8930064eba/manifest,https://iiif-images.library.upenn.edu/iiif/2/392eb5cc-cece-4bb2-a531-2ff5f488af7e
obj160,A Letter by Maimonides [...] (Continued).,The Jewish Record,Philadelphia,22-Sep,22-Sep,,,"https://iiif-images.library.upenn.edu/iiif/2/117335b7-abeb-45f8-bb21-3790acce67e9/full/!200,200/0/default.jpg","https://iiif-images.library.upenn.edu/iiif/2/117335b7-abeb-45f8-bb21-3790acce67e9/full/3500,/0/default.jpg",91,https://iiif-images.library.upenn.edu/iiif/3/117335b7-abeb-45f8-bb21-3790acce67e9/info.json,"Jewish Record, The|Inspiring Hope, The",174,https://digitalrepository.library.upenn.edu/iiif/2/items/dc71c7fc-63d6-40e0-908e-ba8930064eba/manifest,https://iiif-images.library.upenn.edu/iiif/2/117335b7-abeb-45f8-bb21-3790acce67e9
obj161,A Letter by Maimonides [...] (Concluded).,The Jewish Record,Philadelphia,29-Sep,29-Sep,,,"https://iiif-images.library.upenn.edu/iiif/2/d4ae54b2-a28a-4090-932f-4500975d1bb0/full/!200,200/0/default.jpg","https://iiif-images.library.upenn.edu/iiif/2/d4ae54b2-a28a-4090-932f-4500975d1bb0/full/3500,/0/default.jpg",92,https://iiif-images.library.upenn.edu/iiif/3/d4ae54b2-a28a-4090-932f-4500975d1bb0/info.json,"Jewish Record, The|Inspiring Hope, The",175,https://digitalrepository.library.upenn.edu/iiif/2/items/dc71c7fc-63d6-40e0-908e-ba8930064eba/manifest,https://iiif-images.library.upenn.edu/iiif/2/d4ae54b2-a28a-4090-932f-4500975d1bb0
obj162,"Sermon by the Rev. S. Morais. From a discourse delivered by the Rev. S. Morais, on Tuesday October 30, it being the first day of Succoth.",The Jewish Record,Philadelphia,20-Oct,20-Oct,,,"https://iiif-images.library.upenn.edu/iiif/2/151de6a8-bbe9-4fc2-ac3c-eeced57d4521/full/!200,200/0/default.jpg","https://iiif-images.library.upenn.edu/iiif/2/151de6a8-bbe9-4fc2-ac3c-eeced57d4521/full/3500,/0/default.jpg",93,https://iiif-images.library.upenn.edu/iiif/3/151de6a8-bbe9-4fc2-ac3c-eeced57d4521/info.json,"Jewish Record, The|Centennial City",176,https://digitalrepository.library.upenn.edu/iiif/2/items/dc71c7fc-63d6-40e0-908e-ba8930064eba/manifest,https://iiif-images.library.upenn.edu/iiif/2/151de6a8-bbe9-4fc2-ac3c-eeced57d4521
obj163,Catholicity vs. Talmud.,The Jewish Record,Philadelphia,27-Oct,27-Oct,,,"https://iiif-images.library.upenn.edu/iiif/2/151de6a8-bbe9-4fc2-ac3c-eeced57d4521/full/!200,200/0/default.jpg","https://iiif-images.library.upenn.edu/iiif/2/151de6a8-bbe9-4fc2-ac3c-eeced57d4521/full/3500,/0/default.jpg",93,https://iiif-images.library.upenn.edu/iiif/3/151de6a8-bbe9-4fc2-ac3c-eeced57d4521/info.json,"American Catholic Quarterly Review|Chiarini|Deutsch, Emanuel|Eisenmenger, J. A.|Jewish Record, The|Lippincott's Magazine|Newman, Rev. Louis C.|Selections from the Talmud",177,https://digitalrepository.library.upenn.edu/iiif/2/items/dc71c7fc-63d6-40e0-908e-ba8930064eba/manifest,https://iiif-images.library.upenn.edu/iiif/2/151de6a8-bbe9-4fc2-ac3c-eeced57d4521
obj164,"Hebrew. Address by Rev. S. Morais, of the Synagogue, Seventh Street, above Arch.",The Philadelphia Inquirer,Philadelphia,1-Dec,1-Dec,,,"https://iiif-images.library.upenn.edu/iiif/2/22791bc0-85a4-47d6-a2a0-1627205b6b64/full/!200,200/0/default.jpg","https://iiif-images.library.upenn.edu/iiif/2/22791bc0-85a4-47d6-a2a0-1627205b6b64/full/3500,/0/default.jpg",94,https://iiif-images.library.upenn.edu/iiif/3/22791bc0-85a4-47d6-a2a0-1627205b6b64/info.json,"Bnai Brith|Ezekial, Moses|Mazzini, Joseph|Sanger, W.|Statue of Religious Liberty",178,https://digitalrepository.library.upenn.edu/iiif/2/items/dc71c7fc-63d6-40e0-908e-ba8930064eba/manifest,https://iiif-images.library.upenn.edu/iiif/2/22791bc0-85a4-47d6-a2a0-1627205b6b64
obj165,A Critical and Hermeneutical Introduction to the Pentateuch by Professor Samuel David Luzzatto. Translated from the Italian by S. Morais. [Letter to the] Editor Jewish Record: [...].,The Jewish Record,Philadelphia,8-Dec,8-Dec,,,"https://iiif-images.library.upenn.edu/iiif/2/398fec05-af77-413a-a62d-3007582dfd27/full/!200,200/0/default.jpg","https://iiif-images.library.upenn.edu/iiif/2/398fec05-af77-413a-a62d-3007582dfd27/full/3500,/0/default.jpg",95,https://iiif-images.library.upenn.edu/iiif/3/398fec05-af77-413a-a62d-3007582dfd27/info.json,"Jewish Record, The|A Critical and Hermeneutical Introduction to the Pentateuch",179,https://digitalrepository.library.upenn.edu/iiif/2/items/dc71c7fc-63d6-40e0-908e-ba8930064eba/manifest,https://iiif-images.library.upenn.edu/iiif/2/398fec05-af77-413a-a62d-3007582dfd27
obj166,Remarks of the Rev. S. Morais. Ladies and Gentlemen [...].,The Jewish Record,Philadelphia,15-Dec,15-Dec,,,"https://iiif-images.library.upenn.edu/iiif/2/398fec05-af77-413a-a62d-3007582dfd27/full/!200,200/0/default.jpg","https://iiif-images.library.upenn.edu/iiif/2/398fec05-af77-413a-a62d-3007582dfd27/full/3500,/0/default.jpg",95,https://iiif-images.library.upenn.edu/iiif/3/398fec05-af77-413a-a62d-3007582dfd27/info.json,"Ezekial, Moses|Jewish Record, The|Jones, Horatio Gates|Keyser, Charles S.|Mazzini, Joseph|Statue of Religious Liberty|Thanksgiving",180,https://digitalrepository.library.upenn.edu/iiif/2/items/dc71c7fc-63d6-40e0-908e-ba8930064eba/manifest,https://iiif-images.library.upenn.edu/iiif/2/398fec05-af77-413a-a62d-3007582dfd27
obj167,(Written expressly for The Jewish Record). Introduction to the Pentateuch by Prof. Samuel David Lu[z]zatto. A Critical and Hermeneutical Essay. Translated from the Italian by S. Morais. (Continued).,The Jewish Record,Philadelphia,8-Dec,8-Dec,,,"https://iiif-images.library.upenn.edu/iiif/2/4b69be9c-38c7-4f41-83d4-30c604bb7e79/full/!200,200/0/default.jpg","https://iiif-images.library.upenn.edu/iiif/2/4b69be9c-38c7-4f41-83d4-30c604bb7e79/full/3500,/0/default.jpg",96,https://iiif-images.library.upenn.edu/iiif/3/4b69be9c-38c7-4f41-83d4-30c604bb7e79/info.json,"Jewish Record, The|A Critical and Hermeneutical Introduction to the Pentateuch",181,https://digitalrepository.library.upenn.edu/iiif/2/items/dc71c7fc-63d6-40e0-908e-ba8930064eba/manifest,https://iiif-images.library.upenn.edu/iiif/2/4b69be9c-38c7-4f41-83d4-30c604bb7e79
obj168,(Written expressly for The Jewish Record). Introduction to the Pentateuch by Prof. Samuel David Luzzatto. A Critical and Hermeneutical Essay. Translated from the Italian by S. Morais. (Continued).,The Jewish Record,Philadelphia,22-Dec,22-Dec,,,"https://iiif-images.library.upenn.edu/iiif/2/8d921dbf-c89d-4deb-b8cd-fcfb9f3ed63d/full/!200,200/0/default.jpg","https://iiif-images.library.upenn.edu/iiif/2/8d921dbf-c89d-4deb-b8cd-fcfb9f3ed63d/full/3500,/0/default.jpg",97,https://iiif-images.library.upenn.edu/iiif/3/8d921dbf-c89d-4deb-b8cd-fcfb9f3ed63d/info.json,"Jewish Record, The|A Critical and Hermeneutical Introduction to the Pentateuch",182,https://digitalrepository.library.upenn.edu/iiif/2/items/dc71c7fc-63d6-40e0-908e-ba8930064eba/manifest,https://iiif-images.library.upenn.edu/iiif/2/8d921dbf-c89d-4deb-b8cd-fcfb9f3ed63d
obj169,(Written expressly for The Jewish Record). Introduction to the Pentateuch by Professor Samuel David Luzzatto. A Critical and Hermeneutical Essay. Translated from the Italian by S. Morais. (Continued).,The Jewish Record,Philadelphia,29-Dec,29-Dec,,,"https://iiif-images.library.upenn.edu/iiif/2/ddddc965-d7f5-42d9-b8d1-b14e53f0e5ab/full/!200,200/0/default.jpg","https://iiif-images.library.upenn.edu/iiif/2/ddddc965-d7f5-42d9-b8d1-b14e53f0e5ab/full/3500,/0/default.jpg",98,https://iiif-images.library.upenn.edu/iiif/3/ddddc965-d7f5-42d9-b8d1-b14e53f0e5ab/info.json,"Jewish Record, The|A Critical and Hermeneutical Introduction to the Pentateuch",183,https://digitalrepository.library.upenn.edu/iiif/2/items/dc71c7fc-63d6-40e0-908e-ba8930064eba/manifest,https://iiif-images.library.upenn.edu/iiif/2/ddddc965-d7f5-42d9-b8d1-b14e53f0e5ab
obj170,(Written expressly for The Jewish Record). Introduction to the Pentateuch by Professor Samuel David Luzatto. A Critical and Hermeneutical Essay. Translated from the Italian by S. Morais. (Continued).,The Jewish Record,Philadelphia,5-Jan,5-Jan,,,"https://iiif-images.library.upenn.edu/iiif/2/60aae77d-9442-48c0-a8ce-0b6ee5e60e27/full/!200,200/0/default.jpg","https://iiif-images.library.upenn.edu/iiif/2/60aae77d-9442-48c0-a8ce-0b6ee5e60e27/full/3500,/0/default.jpg",99,https://iiif-images.library.upenn.edu/iiif/3/60aae77d-9442-48c0-a8ce-0b6ee5e60e27/info.json,"Jewish Record, The|A Critical and Hermeneutical Introduction to the Pentateuch|Rossi, John B de",184,https://digitalrepository.library.upenn.edu/iiif/2/items/dc71c7fc-63d6-40e0-908e-ba8930064eba/manifest,https://iiif-images.library.upenn.edu/iiif/2/60aae77d-9442-48c0-a8ce-0b6ee5e60e27
obj171,(Written expressly for The Jewish Record). Introduction to the Pentateuch by Professor Samuel David Luzzatto. A Critical and Hermeneutical Essay. Translated from the Italian by S. Morais (Continued).,The Jewish Record,Philadelphia,12-Jan,12-Jan,,,"https://iiif-images.library.upenn.edu/iiif/2/60aae77d-9442-48c0-a8ce-0b6ee5e60e27/full/!200,200/0/default.jpg","https://iiif-images.library.upenn.edu/iiif/2/60aae77d-9442-48c0-a8ce-0b6ee5e60e27/full/3500,/0/default.jpg",99,https://iiif-images.library.upenn.edu/iiif/3/60aae77d-9442-48c0-a8ce-0b6ee5e60e27/info.json,"Jewish Record, The|A Critical and Hermeneutical Introduction to the Pentateuch",185,https://digitalrepository.library.upenn.edu/iiif/2/items/dc71c7fc-63d6-40e0-908e-ba8930064eba/manifest,https://iiif-images.library.upenn.edu/iiif/2/60aae77d-9442-48c0-a8ce-0b6ee5e60e27
obj172,(Written expressly for The Jewish Record). Introduction to the Pentateuch by Professor Samuel David Luzzatto. A Critical and Hermeneutical Essay. Translated from the Italian by S. Morais (Continued).,The Jewish Record,Philadelphia,19-Jan,19-Jan,,,"https://iiif-images.library.upenn.edu/iiif/2/e3696d75-99c5-4fef-bf1c-41c8909fea62/full/!200,200/0/default.jpg","https://iiif-images.library.upenn.edu/iiif/2/e3696d75-99c5-4fef-bf1c-41c8909fea62/full/3500,/0/default.jpg",100,https://iiif-images.library.upenn.edu/iiif/3/e3696d75-99c5-4fef-bf1c-41c8909fea62/info.json,"Jewish Record, The|A Critical and Hermeneutical Introduction to the Pentateuch|Reggio, Isaac Samuel",186,https://digitalrepository.library.upenn.edu/iiif/2/items/dc71c7fc-63d6-40e0-908e-ba8930064eba/manifest,https://iiif-images.library.upenn.edu/iiif/2/e3696d75-99c5-4fef-bf1c-41c8909fea62
obj173,Introduction to the Pentateuch by Professor Samuel David Luzzatto. A Critical and Hermeneutical Essay. Translated from the Italian by S. Morais,The Jewish Record,Philadelphia,26-Jan,26-Jan,,,"https://iiif-images.library.upenn.edu/iiif/2/f82eacbf-a714-48b3-9c2b-3cd3b21eec22/full/!200,200/0/default.jpg","https://iiif-images.library.upenn.edu/iiif/2/f82eacbf-a714-48b3-9c2b-3cd3b21eec22/full/3500,/0/default.jpg",101,https://iiif-images.library.upenn.edu/iiif/3/f82eacbf-a714-48b3-9c2b-3cd3b21eec22/info.json,"Jewish Record, The|A Critical and Hermeneutical Introduction to the Pentateuch",187,https://digitalrepository.library.upenn.edu/iiif/2/items/dc71c7fc-63d6-40e0-908e-ba8930064eba/manifest,https://iiif-images.library.upenn.edu/iiif/2/f82eacbf-a714-48b3-9c2b-3cd3b21eec22
obj174,On the Language of Prayer.,The Jewish Record,Philadelphia,26-Jan,26-Jan,,,"https://iiif-images.library.upenn.edu/iiif/2/f82eacbf-a714-48b3-9c2b-3cd3b21eec22/full/!200,200/0/default.jpg","https://iiif-images.library.upenn.edu/iiif/2/f82eacbf-a714-48b3-9c2b-3cd3b21eec22/full/3500,/0/default.jpg",101,https://iiif-images.library.upenn.edu/iiif/3/f82eacbf-a714-48b3-9c2b-3cd3b21eec22/info.json,"as language of prayer|Jewish Record, The",188,https://digitalrepository.library.upenn.edu/iiif/2/items/dc71c7fc-63d6-40e0-908e-ba8930064eba/manifest,https://iiif-images.library.upenn.edu/iiif/2/f82eacbf-a714-48b3-9c2b-3cd3b21eec22
obj175,The Dispersed of Judea.,Evening Telegraph,Philadelphia,29-Jan,29-Jan,,,"https://iiif-images.library.upenn.edu/iiif/2/5ba30ce6-48dd-45ae-bd2f-bb29a50c123b/full/!200,200/0/default.jpg","https://iiif-images.library.upenn.edu/iiif/2/5ba30ce6-48dd-45ae-bd2f-bb29a50c123b/full/3500,/0/default.jpg",102,https://iiif-images.library.upenn.edu/iiif/3/5ba30ce6-48dd-45ae-bd2f-bb29a50c123b/info.json,"Alliance IsraA?lite Universelle|Bismark, Otto von|Macaulay, Thomas B.|Palestine|Sultan, Turkish|Zionism",189,https://digitalrepository.library.upenn.edu/iiif/2/items/dc71c7fc-63d6-40e0-908e-ba8930064eba/manifest,https://iiif-images.library.upenn.edu/iiif/2/5ba30ce6-48dd-45ae-bd2f-bb29a50c123b
obj176,(Written expressly for The Jewish Record). Introduction to the Pentateuch by Professor Samuel David Luzzatto. A Critical and Hermeneutical Essay. Translated from the Italian by S. Morais. (Continued).,Jewish Record,Philadelphia,2-Feb,2-Feb,,,"https://iiif-images.library.upenn.edu/iiif/2/83ecdd36-2aa4-424e-9689-c26b4b5f9ed8/full/!200,200/0/default.jpg","https://iiif-images.library.upenn.edu/iiif/2/83ecdd36-2aa4-424e-9689-c26b4b5f9ed8/full/3500,/0/default.jpg",103,https://iiif-images.library.upenn.edu/iiif/3/83ecdd36-2aa4-424e-9689-c26b4b5f9ed8/info.json,"Jewish Record, The|Kirkovitch, Abraham|A Critical and Hermeneutical Introduction to the Pentateuch|Pinsker, S.",190,https://digitalrepository.library.upenn.edu/iiif/2/items/dc71c7fc-63d6-40e0-908e-ba8930064eba/manifest,https://iiif-images.library.upenn.edu/iiif/2/83ecdd36-2aa4-424e-9689-c26b4b5f9ed8
obj177,(Written expressly for The Jewish Record). Introduction to the Pentateuch by Professor Samuel David Luzzatto. A Critical and Hermeneutical Essay. Translated from the Italian by S. Morais. (Continued).,The Jewish Record,Philadelphia,9-Feb,9-Feb,,,"https://iiif-images.library.upenn.edu/iiif/2/af09c27d-4ab4-4838-9182-b025704b7c7a/full/!200,200/0/default.jpg","https://iiif-images.library.upenn.edu/iiif/2/af09c27d-4ab4-4838-9182-b025704b7c7a/full/3500,/0/default.jpg",104,https://iiif-images.library.upenn.edu/iiif/3/af09c27d-4ab4-4838-9182-b025704b7c7a/info.json,"Derenburg, Joseph|Jewish Record, The|Luzzatto, S.D. Prof.|Mendelssohn, Moses|Mendes, Dr. F. De Solla|Reggio, Isaac Samuel|Wessely, Hertz",191,https://digitalrepository.library.upenn.edu/iiif/2/items/dc71c7fc-63d6-40e0-908e-ba8930064eba/manifest,https://iiif-images.library.upenn.edu/iiif/2/af09c27d-4ab4-4838-9182-b025704b7c7a
obj178,(Written expressly for The Jewish Record). Introduction to the Pentateuch by Professor Samuel David Luzzatto. A Critical and Hermeneutical Essay. Translated from the Italian by S. Morais. (Continued).,The Jewish Record,Philadelphia,16-Feb,16-Feb,,,"https://iiif-images.library.upenn.edu/iiif/2/6c788993-3cf4-4a21-ba8f-62e6a29e4ebb/full/!200,200/0/default.jpg","https://iiif-images.library.upenn.edu/iiif/2/6c788993-3cf4-4a21-ba8f-62e6a29e4ebb/full/3500,/0/default.jpg",105,https://iiif-images.library.upenn.edu/iiif/3/6c788993-3cf4-4a21-ba8f-62e6a29e4ebb/info.json,"Jewish Record, The|A Critical and Hermeneutical Introduction to the Pentateuch",192,https://digitalrepository.library.upenn.edu/iiif/2/items/dc71c7fc-63d6-40e0-908e-ba8930064eba/manifest,https://iiif-images.library.upenn.edu/iiif/2/6c788993-3cf4-4a21-ba8f-62e6a29e4ebb
obj179,(Written expressly for The Jewish Record). Introduction to the Pentateuch by Professor Samuel David Luzzatto. A Critical and Hermeneutical Essay. Translated from the Italian by S. Morais. (Continued).,The Jewish Record,Philadelphia,23-Feb,23-Feb,,,"https://iiif-images.library.upenn.edu/iiif/2/6c788993-3cf4-4a21-ba8f-62e6a29e4ebb/full/!200,200/0/default.jpg","https://iiif-images.library.upenn.edu/iiif/2/6c788993-3cf4-4a21-ba8f-62e6a29e4ebb/full/3500,/0/default.jpg",105,https://iiif-images.library.upenn.edu/iiif/3/6c788993-3cf4-4a21-ba8f-62e6a29e4ebb/info.json,"Jewish Record, The|A Critical and Hermeneutical Introduction to the Pentateuch",193,https://digitalrepository.library.upenn.edu/iiif/2/items/dc71c7fc-63d6-40e0-908e-ba8930064eba/manifest,https://iiif-images.library.upenn.edu/iiif/2/6c788993-3cf4-4a21-ba8f-62e6a29e4ebb
obj180,Festivities of Purim. Synopsis of a Discourse Delivered by the Rev. S. Morais in the Mikveh Israel Synagogue on Saturday.,The Press,[Philadelphia],26-Feb,26-Feb,,,"https://iiif-images.library.upenn.edu/iiif/2/80358b8a-7c2f-4c4c-bff8-52046af74154/full/!200,200/0/default.jpg","https://iiif-images.library.upenn.edu/iiif/2/80358b8a-7c2f-4c4c-bff8-52046af74154/full/3500,/0/default.jpg",106,https://iiif-images.library.upenn.edu/iiif/3/80358b8a-7c2f-4c4c-bff8-52046af74154/info.json,Purim|Roumania|Russia,194,https://digitalrepository.library.upenn.edu/iiif/2/items/dc71c7fc-63d6-40e0-908e-ba8930064eba/manifest,https://iiif-images.library.upenn.edu/iiif/2/80358b8a-7c2f-4c4c-bff8-52046af74154
obj181,Teaching by Example,Association Review,Philadelphia,April,April,,,"https://iiif-images.library.upenn.edu/iiif/2/80358b8a-7c2f-4c4c-bff8-52046af74154/full/!200,200/0/default.jpg","https://iiif-images.library.upenn.edu/iiif/2/80358b8a-7c2f-4c4c-bff8-52046af74154/full/3500,/0/default.jpg",106,https://iiif-images.library.upenn.edu/iiif/3/80358b8a-7c2f-4c4c-bff8-52046af74154/info.json,"Association Review|Bene Yeshurun|Davids, Arthur Lumley|Hebrew Review, The|Raphall, Morris J. Dr.|Young Men's Hebrew Association",195,https://digitalrepository.library.upenn.edu/iiif/2/items/dc71c7fc-63d6-40e0-908e-ba8930064eba/manifest,https://iiif-images.library.upenn.edu/iiif/2/80358b8a-7c2f-4c4c-bff8-52046af74154
obj182,The Eastern Question. The Public Ledger and E. A. Freeman; Roumania and B. F. Peixotto.,The Jewish Record,Philadelphia,13-Apr,13-Apr,,,"https://iiif-images.library.upenn.edu/iiif/2/30262beb-629a-4d85-a384-7516d3afc8ae/full/!200,200/0/default.jpg","https://iiif-images.library.upenn.edu/iiif/2/30262beb-629a-4d85-a384-7516d3afc8ae/full/3500,/0/default.jpg",107,https://iiif-images.library.upenn.edu/iiif/3/30262beb-629a-4d85-a384-7516d3afc8ae/info.json,"Freeman, E. A.|Jewish Record, The|Peixotto, B. F.|Public Ledger, The|Roumania",196,https://digitalrepository.library.upenn.edu/iiif/2/items/dc71c7fc-63d6-40e0-908e-ba8930064eba/manifest,https://iiif-images.library.upenn.edu/iiif/2/30262beb-629a-4d85-a384-7516d3afc8ae
obj183,The City and Suburbs. The Russo-Turkish War and the Jews.,The Sunday Dispatch,Philadelphia,6-May,6-May,,,"https://iiif-images.library.upenn.edu/iiif/2/49d721d5-27f6-4e1f-88db-a367259f3df9/full/!200,200/0/default.jpg","https://iiif-images.library.upenn.edu/iiif/2/49d721d5-27f6-4e1f-88db-a367259f3df9/full/3500,/0/default.jpg",108,https://iiif-images.library.upenn.edu/iiif/3/49d721d5-27f6-4e1f-88db-a367259f3df9/info.json,"Republicanism|Roumania|Russo-Turkish War|Sunday Dispatch, The",197,https://digitalrepository.library.upenn.edu/iiif/2/items/dc71c7fc-63d6-40e0-908e-ba8930064eba/manifest,https://iiif-images.library.upenn.edu/iiif/2/49d721d5-27f6-4e1f-88db-a367259f3df9
obj184,Teaching by Example. No. II.,Association Review,Philadelphia,June,June,,,"https://iiif-images.library.upenn.edu/iiif/2/49d721d5-27f6-4e1f-88db-a367259f3df9/full/!200,200/0/default.jpg","https://iiif-images.library.upenn.edu/iiif/2/49d721d5-27f6-4e1f-88db-a367259f3df9/full/3500,/0/default.jpg",108,https://iiif-images.library.upenn.edu/iiif/3/49d721d5-27f6-4e1f-88db-a367259f3df9/info.json,"Anglo-Jewry|Davids, Arthur Lumley|Hartog, Numa Edward|Henry, Michael|Jewish Chronicle, The (London)|Sketches of Anglo-Jewish History",198,https://digitalrepository.library.upenn.edu/iiif/2/items/dc71c7fc-63d6-40e0-908e-ba8930064eba/manifest,https://iiif-images.library.upenn.edu/iiif/2/49d721d5-27f6-4e1f-88db-a367259f3df9
obj185,(Written expressly for The Jewish Record.) A Model to Jewish Youths. By S. Morais.,The Jewish Record,Philadelphia,6-Jul,6-Jul,,,"https://iiif-images.library.upenn.edu/iiif/2/d2bb8b6c-29ff-427e-a3b4-195750a3daa2/full/!200,200/0/default.jpg","https://iiif-images.library.upenn.edu/iiif/2/d2bb8b6c-29ff-427e-a3b4-195750a3daa2/full/3500,/0/default.jpg",109,https://iiif-images.library.upenn.edu/iiif/3/d2bb8b6c-29ff-427e-a3b4-195750a3daa2/info.json,"Antologica Israelitica (of Corfu)|Jewish Record, The|Luzzatto, Philoxene|Rapoport, S.L.",199,https://digitalrepository.library.upenn.edu/iiif/2/items/dc71c7fc-63d6-40e0-908e-ba8930064eba/manifest,https://iiif-images.library.upenn.edu/iiif/2/d2bb8b6c-29ff-427e-a3b4-195750a3daa2
obj186,A Model to Jewish Youths. By S. Morais. (Concluded).,The Jewish Record,Philadelphia,6-Jul,6-Jul,,,"https://iiif-images.library.upenn.edu/iiif/2/740bd997-813d-4a59-8ba0-dd875dc444d2/full/!200,200/0/default.jpg","https://iiif-images.library.upenn.edu/iiif/2/740bd997-813d-4a59-8ba0-dd875dc444d2/full/3500,/0/default.jpg",110,https://iiif-images.library.upenn.edu/iiif/3/740bd997-813d-4a59-8ba0-dd875dc444d2/info.json,"Abd-al-Rahman III|Cohn, Albert|D?Aboddie, M.|Falashas|Ibn Shaprut, Hisdai|Jewish Record, The|Luzzatto, Philoxene|Luzzatto, S.D. Prof.|Munk, S.",200,https://digitalrepository.library.upenn.edu/iiif/2/items/dc71c7fc-63d6-40e0-908e-ba8930064eba/manifest,https://iiif-images.library.upenn.edu/iiif/2/740bd997-813d-4a59-8ba0-dd875dc444d2
obj187,Poem by Dounash Ben Labrat. Translated by S. Morais.,The Jewish Record,Philadelphia,20-Jul,20-Jul,,,"https://iiif-images.library.upenn.edu/iiif/2/d47a09c4-6d26-4612-9fcd-ff563c7a3eb1/full/!200,200/0/default.jpg","https://iiif-images.library.upenn.edu/iiif/2/d47a09c4-6d26-4612-9fcd-ff563c7a3eb1/full/3500,/0/default.jpg",111,https://iiif-images.library.upenn.edu/iiif/3/d47a09c4-6d26-4612-9fcd-ff563c7a3eb1/info.json,"Ben Labrat, Dunash|Ibn Saruq, Menachem ben Jacob|Jewish Record, The|Labrat, Dounash ben|Luzzatto, S.D. Prof.",201,https://digitalrepository.library.upenn.edu/iiif/2/items/dc71c7fc-63d6-40e0-908e-ba8930064eba/manifest,https://iiif-images.library.upenn.edu/iiif/2/d47a09c4-6d26-4612-9fcd-ff563c7a3eb1
obj188,"Translation of a r[h]ythmical introduction to a work by Menahem Ben Saruk, intended to refute the aspersions of Ben Labrat, and dedicated to the patron of learning, the famous Hasdai Aben Shaprout. By S. Morais.",The Jewish Record,Philadelphia,27-Jul,27-Jul,,,"https://iiif-images.library.upenn.edu/iiif/2/c5f9bdc9-4332-4af2-b662-6a2bd8c3cb83/full/!200,200/0/default.jpg","https://iiif-images.library.upenn.edu/iiif/2/c5f9bdc9-4332-4af2-b662-6a2bd8c3cb83/full/3500,/0/default.jpg",112,https://iiif-images.library.upenn.edu/iiif/3/c5f9bdc9-4332-4af2-b662-6a2bd8c3cb83/info.json,"Ben Labrat, Dunash|Filipowsky, Herschell|Ibn Saruq, Menachem ben Jacob|Ibn Shaprut, Hisdai|Jewish Record, The|Labrat, Dounash ben|Beth Ha-Ozar|Rashi",202,https://digitalrepository.library.upenn.edu/iiif/2/items/dc71c7fc-63d6-40e0-908e-ba8930064eba/manifest,https://iiif-images.library.upenn.edu/iiif/2/c5f9bdc9-4332-4af2-b662-6a2bd8c3cb83
obj189,Teaching by Example. III.,Association Review,Philadelphia,August,August,,,"https://iiif-images.library.upenn.edu/iiif/2/c5f9bdc9-4332-4af2-b662-6a2bd8c3cb83/full/!200,200/0/default.jpg","https://iiif-images.library.upenn.edu/iiif/2/c5f9bdc9-4332-4af2-b662-6a2bd8c3cb83/full/3500,/0/default.jpg",112,https://iiif-images.library.upenn.edu/iiif/3/c5f9bdc9-4332-4af2-b662-6a2bd8c3cb83/info.json,"Rapoport, S.L.|Slonimsky, Hayim S.",203,https://digitalrepository.library.upenn.edu/iiif/2/items/dc71c7fc-63d6-40e0-908e-ba8930064eba/manifest,https://iiif-images.library.upenn.edu/iiif/2/c5f9bdc9-4332-4af2-b662-6a2bd8c3cb83
obj190,Autobiography of Samuel David Luzzatto. Translated from the Italian by S. Morais.,The Jewish Record,Philadelphia,3-Aug,3-Aug,,,"https://iiif-images.library.upenn.edu/iiif/2/ed9e49ff-048c-4e9e-9967-87db848f84a4/full/!200,200/0/default.jpg","https://iiif-images.library.upenn.edu/iiif/2/ed9e49ff-048c-4e9e-9967-87db848f84a4/full/3500,/0/default.jpg",113,https://iiif-images.library.upenn.edu/iiif/3/ed9e49ff-048c-4e9e-9967-87db848f84a4/info.json,"Bonaparte, Napoleon|Busch, Isidore|Donolo, I.|Emanuel|Franz Ferdinand, Archduke|Jewish Record, The|Luzzatto, Dr. Isaiah|Luzzatto, Hezekiah|Autobiography|Medigo, Elias Del|Mendelssohn, Moses|Rossi, Azariah de|Silberman, E. L. (""The Maggid"")|Wessely, Hertz",204,https://digitalrepository.library.upenn.edu/iiif/2/items/dc71c7fc-63d6-40e0-908e-ba8930064eba/manifest,https://iiif-images.library.upenn.edu/iiif/2/ed9e49ff-048c-4e9e-9967-87db848f84a4
obj191,Autobiography of Samuel David Luzzatto. Translated from the Italian by S. Morais. (Continued).,The Jewish Record,Philadelphia,10-Aug,10-Aug,,,"https://iiif-images.library.upenn.edu/iiif/2/4e4b2c3d-20de-4e17-93c4-542f953ff6ce/full/!200,200/0/default.jpg","https://iiif-images.library.upenn.edu/iiif/2/4e4b2c3d-20de-4e17-93c4-542f953ff6ce/full/3500,/0/default.jpg",114,https://iiif-images.library.upenn.edu/iiif/3/4e4b2c3d-20de-4e17-93c4-542f953ff6ce/info.json,"Formiggini, Saul|Jewish Record, The|Lolli, Ehud|Luzzatto, Dr. Isaiah|Luzzatto, Philoxene|Luzzatto, S.D. Prof.|Autobiography|Public school|Randegger, Mayer|Reggio, Isaac Samuel|Regina, Miriam|Trieste|Zelman, Samuel V.",205,https://digitalrepository.library.upenn.edu/iiif/2/items/dc71c7fc-63d6-40e0-908e-ba8930064eba/manifest,https://iiif-images.library.upenn.edu/iiif/2/4e4b2c3d-20de-4e17-93c4-542f953ff6ce
obj192,(Written expressly for The Jewish Record). Autobiography of Samuel David Luzzatto. Translated from the Italian by S. Morais. (Continued).,The Jewish Record,Philadelphia,17-Aug,17-Aug,,,"https://iiif-images.library.upenn.edu/iiif/2/b07e59b7-f3a9-44e4-a6a1-4cacb5a99e00/full/!200,200/0/default.jpg","https://iiif-images.library.upenn.edu/iiif/2/b07e59b7-f3a9-44e4-a6a1-4cacb5a99e00/full/3500,/0/default.jpg",115,https://iiif-images.library.upenn.edu/iiif/3/b07e59b7-f3a9-44e4-a6a1-4cacb5a99e00/info.json,"Berlin, Isaiah (of Breslau)|Ginzburg, Raphael W.|Gironti (of Brescia)|Jewish Record, The|Luzzatto, Dr. Isaiah|Autobiography|Momigliano (of Piedmont), Rabbi|Nardi, Prof.|Odorici, Mr.|Porto, Rabbi Moses Cohen|Rosencranz, Leon L.|Tiboni (of Brescia), Peter",206,https://digitalrepository.library.upenn.edu/iiif/2/items/dc71c7fc-63d6-40e0-908e-ba8930064eba/manifest,https://iiif-images.library.upenn.edu/iiif/2/b07e59b7-f3a9-44e4-a6a1-4cacb5a99e00
obj193,Autobiography of Samuel David Luzzatto. Translated from the Italian by S. Morais. (Continued).,The Jewish Record,Philadelphia,24-Aug,24-Aug,,,"https://iiif-images.library.upenn.edu/iiif/2/c2c9d8b2-986c-4b98-a7d8-0839dec4f357/full/!200,200/0/default.jpg","https://iiif-images.library.upenn.edu/iiif/2/c2c9d8b2-986c-4b98-a7d8-0839dec4f357/full/3500,/0/default.jpg",116,https://iiif-images.library.upenn.edu/iiif/3/c2c9d8b2-986c-4b98-a7d8-0839dec4f357/info.json,"Condillac, Etienne Bonnot de|Locke, John|Autobiography|Morpurgo, Rachel|Soave, Moise|Spinoza, Benedict|Tedeschi, Marco",207,https://digitalrepository.library.upenn.edu/iiif/2/items/dc71c7fc-63d6-40e0-908e-ba8930064eba/manifest,https://iiif-images.library.upenn.edu/iiif/2/c2c9d8b2-986c-4b98-a7d8-0839dec4f357
obj194,(Written expressly for The Jewish Record). Autobiography of Samuel David Luzzatto. Translated from the Italian by S. Morais. (Continued),The Jewish Record,Philadelphia,31-Aug,31-Aug,,,"https://iiif-images.library.upenn.edu/iiif/2/06597824-7428-4004-ae43-a3628e8ee700/full/!200,200/0/default.jpg","https://iiif-images.library.upenn.edu/iiif/2/06597824-7428-4004-ae43-a3628e8ee700/full/3500,/0/default.jpg",117,https://iiif-images.library.upenn.edu/iiif/3/06597824-7428-4004-ae43-a3628e8ee700/info.json,"Ewald, H.|Formiggini, Saul|Gesenius, H.|Jost, Isaac M.|Kochebe Yitzhac|Luzzatto, Philoxene|Autobiography|Zunz, Leopold",208,https://digitalrepository.library.upenn.edu/iiif/2/items/dc71c7fc-63d6-40e0-908e-ba8930064eba/manifest,https://iiif-images.library.upenn.edu/iiif/2/06597824-7428-4004-ae43-a3628e8ee700
obj195,Some Corrections of Publications Concerning the Hebrews. [Letter] To the Editor of the Evening Herald: [...].,Evening Herald,Philadelphia,5-Sep,5-Sep,,,"https://iiif-images.library.upenn.edu/iiif/2/5bdc4d46-eb0f-48b9-bf31-8297a3ef92af/full/!200,200/0/default.jpg","https://iiif-images.library.upenn.edu/iiif/2/5bdc4d46-eb0f-48b9-bf31-8297a3ef92af/full/3500,/0/default.jpg",118,https://iiif-images.library.upenn.edu/iiif/3/5bdc4d46-eb0f-48b9-bf31-8297a3ef92af/info.json,"Evening Herald, The|Orthodox Judaism|Jewish funeral customs",209,https://digitalrepository.library.upenn.edu/iiif/2/items/dc71c7fc-63d6-40e0-908e-ba8930064eba/manifest,https://iiif-images.library.upenn.edu/iiif/2/5bdc4d46-eb0f-48b9-bf31-8297a3ef92af
obj196,(Written expressly for The Jewish Record). Autobiography of Samuel David Luzzatto. Translated from the Italian by S. Morais. (Continued).,The Jewish Record,Philadelphia,7-Sep,7-Sep,,,"https://iiif-images.library.upenn.edu/iiif/2/5bdc4d46-eb0f-48b9-bf31-8297a3ef92af/full/!200,200/0/default.jpg","https://iiif-images.library.upenn.edu/iiif/2/5bdc4d46-eb0f-48b9-bf31-8297a3ef92af/full/3500,/0/default.jpg",118,https://iiif-images.library.upenn.edu/iiif/3/5bdc4d46-eb0f-48b9-bf31-8297a3ef92af/info.json,"Euchel, Isaac: Life of Mendelssohn|Characters and Manners|Levy, Rabbi (of Trieste)|Lolli, Ehud|Lolli, S. V.|Autobiography|Reggio, Isaac Samuel",210,https://digitalrepository.library.upenn.edu/iiif/2/items/dc71c7fc-63d6-40e0-908e-ba8930064eba/manifest,https://iiif-images.library.upenn.edu/iiif/2/5bdc4d46-eb0f-48b9-bf31-8297a3ef92af
obj197,(Written expressly for The Jewish Record). Autobiography of Samuel David Luzzatto. Translated from the Italian by S. Morais. (Continued).,The Jewish Record,Philadelphia,14-Sep,14-Sep,,,"https://iiif-images.library.upenn.edu/iiif/2/fec53c95-af1b-439a-a114-a6c585012f3d/full/!200,200/0/default.jpg","https://iiif-images.library.upenn.edu/iiif/2/fec53c95-af1b-439a-a114-a6c585012f3d/full/3500,/0/default.jpg",119,https://iiif-images.library.upenn.edu/iiif/3/fec53c95-af1b-439a-a114-a6c585012f3d/info.json,"Autobiography|North American Review|Porto, Rabbi Moses Cohen|Tedeschi, Rabbi Mario|Torah Nidreshet",211,https://digitalrepository.library.upenn.edu/iiif/2/items/dc71c7fc-63d6-40e0-908e-ba8930064eba/manifest,https://iiif-images.library.upenn.edu/iiif/2/fec53c95-af1b-439a-a114-a6c585012f3d
obj198,Reformed Judaism.,Public Ledger,Philadelphia,5-Sep,5-Sep,,,"https://iiif-images.library.upenn.edu/iiif/2/fec53c95-af1b-439a-a114-a6c585012f3d/full/!200,200/0/default.jpg","https://iiif-images.library.upenn.edu/iiif/2/fec53c95-af1b-439a-a114-a6c585012f3d/full/3500,/0/default.jpg",119,https://iiif-images.library.upenn.edu/iiif/3/fec53c95-af1b-439a-a114-a6c585012f3d/info.json,"Adler, Dr. Nathan M. (Chief Rabbi of Great Britain)|Eliot, George: Daniel Deronda|Mendelssohn, Moses|Public Ledger, The",212,https://digitalrepository.library.upenn.edu/iiif/2/items/dc71c7fc-63d6-40e0-908e-ba8930064eba/manifest,https://iiif-images.library.upenn.edu/iiif/2/fec53c95-af1b-439a-a114-a6c585012f3d
obj199,(Written expressly for The Jewish Record.) Autobiography of Samuel David Luzzatto. Translated from the Italian by S. Morais. (Continued).,The Jewish Record,Philadelphia,21-Sep,21-Sep,,,"https://iiif-images.library.upenn.edu/iiif/2/6a819fe0-a2e2-4bef-b607-1fc69a58b778/full/!200,200/0/default.jpg","https://iiif-images.library.upenn.edu/iiif/2/6a819fe0-a2e2-4bef-b607-1fc69a58b778/full/3500,/0/default.jpg",120,https://iiif-images.library.upenn.edu/iiif/3/6a819fe0-a2e2-4bef-b607-1fc69a58b778/info.json,"Bacon, Francis|Luzzatto, Dr. Isaiah|Autobiography|Mainster, Abram (of Robigo)|Proudhon, Pierre Joseph|Torah Nidreshet",213,https://digitalrepository.library.upenn.edu/iiif/2/items/dc71c7fc-63d6-40e0-908e-ba8930064eba/manifest,https://iiif-images.library.upenn.edu/iiif/2/6a819fe0-a2e2-4bef-b607-1fc69a58b778
obj200,Autobiography of Samuel David Luzzatto. Translated from the Italian by S. Morais. (Continued).,The Jewish Record,Philadelphia,5-Oct,5-Oct,,,"https://iiif-images.library.upenn.edu/iiif/2/6a819fe0-a2e2-4bef-b607-1fc69a58b778/full/!200,200/0/default.jpg","https://iiif-images.library.upenn.edu/iiif/2/6a819fe0-a2e2-4bef-b607-1fc69a58b778/full/3500,/0/default.jpg",120,https://iiif-images.library.upenn.edu/iiif/3/6a819fe0-a2e2-4bef-b607-1fc69a58b778/info.json,"Lolli, Judah|Lolli, S. V.|Luzzatto, Dr. Isaiah|Autobiography|Morpurgo, J. L.|Morpurgo, J. L.|Pincherle, S. L.",214,https://digitalrepository.library.upenn.edu/iiif/2/items/dc71c7fc-63d6-40e0-908e-ba8930064eba/manifest,https://iiif-images.library.upenn.edu/iiif/2/6a819fe0-a2e2-4bef-b607-1fc69a58b778
obj201,Autobiography of Samuel David Luzzatto. Translated from the Italian by S. Morais. (Continued).,The Jewish Record,Philadelphia,12-Oct,12-Oct,,,"https://iiif-images.library.upenn.edu/iiif/2/6b82024c-d6d8-4468-8301-d22f8d4eb1de/full/!200,200/0/default.jpg","https://iiif-images.library.upenn.edu/iiif/2/6b82024c-d6d8-4468-8301-d22f8d4eb1de/full/3500,/0/default.jpg",121,https://iiif-images.library.upenn.edu/iiif/3/6b82024c-d6d8-4468-8301-d22f8d4eb1de/info.json,"Busch, Isidore|Luzzatto, Dr. Isaiah|Autobiography|Reggio, Isaac Samuel|Tedeschi (of Trieste), Moses",215,https://digitalrepository.library.upenn.edu/iiif/2/items/dc71c7fc-63d6-40e0-908e-ba8930064eba/manifest,https://iiif-images.library.upenn.edu/iiif/2/6b82024c-d6d8-4468-8301-d22f8d4eb1de
obj202,Judaism Vindicated.,The Jewish Record,Philadelphia,8-Oct,8-Oct,,,"https://iiif-images.library.upenn.edu/iiif/2/54142dd6-2fb7-4465-ad3d-d5e8680461d2/full/!200,200/0/default.jpg","https://iiif-images.library.upenn.edu/iiif/2/54142dd6-2fb7-4465-ad3d-d5e8680461d2/full/3500,/0/default.jpg",122,https://iiif-images.library.upenn.edu/iiif/3/54142dd6-2fb7-4465-ad3d-d5e8680461d2/info.json,"Boston Index, The",216,https://digitalrepository.library.upenn.edu/iiif/2/items/dc71c7fc-63d6-40e0-908e-ba8930064eba/manifest,https://iiif-images.library.upenn.edu/iiif/2/54142dd6-2fb7-4465-ad3d-d5e8680461d2
obj203,(Written expressly for The Jewish Record). Autobiography of Samuel David Luzzatto. Translated from the Italian by S. Morais. Appendix by translator.,The Jewish Record,Philadelphia,19-Oct,19-Oct,,,"https://iiif-images.library.upenn.edu/iiif/2/4b4546d5-efd0-4aae-b660-56ee57ca4f7f/full/!200,200/0/default.jpg","https://iiif-images.library.upenn.edu/iiif/2/4b4546d5-efd0-4aae-b660-56ee57ca4f7f/full/3500,/0/default.jpg",123,https://iiif-images.library.upenn.edu/iiif/3/4b4546d5-efd0-4aae-b660-56ee57ca4f7f/info.json,"Formiggini, Saul|Luzzatto, Philoxene|Autobiography|Reggio, Abraham|Reggio, Isaac Samuel|Segre, Bella Bathsheba|Torre (of Luneo), Lelllio Della|Trieste, Gabriel",217,https://digitalrepository.library.upenn.edu/iiif/2/items/dc71c7fc-63d6-40e0-908e-ba8930064eba/manifest,https://iiif-images.library.upenn.edu/iiif/2/4b4546d5-efd0-4aae-b660-56ee57ca4f7f
obj204,(Written expressly for The Jewish Record). Autobiography of Samuel David Luzzatto. Translated from the Italian by S. Morais. Appendix by translator. (Concluded).,The Jewish Record,Philadelphia,26-Oct,26-Oct,,,"https://iiif-images.library.upenn.edu/iiif/2/99bb252c-c02c-4796-b6c9-396f569d2ab7/full/!200,200/0/default.jpg","https://iiif-images.library.upenn.edu/iiif/2/99bb252c-c02c-4796-b6c9-396f569d2ab7/full/3500,/0/default.jpg",124,https://iiif-images.library.upenn.edu/iiif/3/99bb252c-c02c-4796-b6c9-396f569d2ab7/info.json,"Benvenisti, Dr. Nathan|Dukes family|Formiggini, Saul|Francis I, King|Nachgelassene Schriften|Urschrift|Kircheim|Kirkovitch, Abraham|Lattes, E. Aaron (Chief Rabbi of Venice)|Luzzatto, Philoxene|Autobiography|Rapoport, S.L.|Torre (of Luneo), Lelllio Della|Trieste, Gabriel|Zunz, Leopold",218,https://digitalrepository.library.upenn.edu/iiif/2/items/dc71c7fc-63d6-40e0-908e-ba8930064eba/manifest,https://iiif-images.library.upenn.edu/iiif/2/99bb252c-c02c-4796-b6c9-396f569d2ab7
obj205,"The Jews and the Sunday Question. An Address by the Rabbi S. Morais, delivered before his Congregation Yesterday",The Sunday Dispatch,Philadelphia,28-Oct,28-Oct,,,"https://iiif-images.library.upenn.edu/iiif/2/06d7a741-bdf5-4c41-8cb4-0f5c95ad819a/full/!200,200/0/default.jpg","https://iiif-images.library.upenn.edu/iiif/2/06d7a741-bdf5-4c41-8cb4-0f5c95ad819a/full/3500,/0/default.jpg",125,https://iiif-images.library.upenn.edu/iiif/3/06d7a741-bdf5-4c41-8cb4-0f5c95ad819a/info.json,"Sunday Dispatch, The|Sunday Question",219,https://digitalrepository.library.upenn.edu/iiif/2/items/dc71c7fc-63d6-40e0-908e-ba8930064eba/manifest,https://iiif-images.library.upenn.edu/iiif/2/06d7a741-bdf5-4c41-8cb4-0f5c95ad819a
obj206,"Oheb Ger. A Hermeneutico-Critical Dissertation of thirty-two Sections, on the Aramaic Paraphrase of Onkelos. By Samuel David Luzzatto. Translated by S. Morais Introductory remarks by the Translator.",The Jewish Record,Philadelphia,4-Jan,4-Jan,,,"https://iiif-images.library.upenn.edu/iiif/2/e16ace05-f873-4968-b2a7-d70077b03e79/full/!200,200/0/default.jpg","https://iiif-images.library.upenn.edu/iiif/2/e16ace05-f873-4968-b2a7-d70077b03e79/full/3500,/0/default.jpg",126,https://iiif-images.library.upenn.edu/iiif/3/e16ace05-f873-4968-b2a7-d70077b03e79/info.json,"Juedische Zeitschrift|Luzzatto, Philoxene|Ohev Ger",220,https://digitalrepository.library.upenn.edu/iiif/2/items/dc71c7fc-63d6-40e0-908e-ba8930064eba/manifest,https://iiif-images.library.upenn.edu/iiif/2/e16ace05-f873-4968-b2a7-d70077b03e79
obj207,"Oheb Ger. A Hermeneutico-Critical Dissertation of thirty-two Sections, on the Aramaic Paraphrase of Onkelos. (Continued). By Samuel David Luzzatto. Translated by S. Morais.",The Jewish Record,Philadelphia,11-Jan,11-Jan,,,"https://iiif-images.library.upenn.edu/iiif/2/9a2339ca-f519-4fc7-ab53-d014ca005806/full/!200,200/0/default.jpg","https://iiif-images.library.upenn.edu/iiif/2/9a2339ca-f519-4fc7-ab53-d014ca005806/full/3500,/0/default.jpg",127,https://iiif-images.library.upenn.edu/iiif/3/9a2339ca-f519-4fc7-ab53-d014ca005806/info.json,Ohev Ger,221,https://digitalrepository.library.upenn.edu/iiif/2/items/dc71c7fc-63d6-40e0-908e-ba8930064eba/manifest,https://iiif-images.library.upenn.edu/iiif/2/9a2339ca-f519-4fc7-ab53-d014ca005806
obj208,"Oheb Ger. A Hermeneutico-Critical Dissertation of thirty-two Sections, on the Aramaic Paraphrase of Onkelos. (Continued). By Samuel David Luzzatto. Translated by S. Morais.",The Jewish Record,Philadelphia,18-Jan,18-Jan,,,"https://iiif-images.library.upenn.edu/iiif/2/c37addee-2498-4a15-bcff-37bab873470d/full/!200,200/0/default.jpg","https://iiif-images.library.upenn.edu/iiif/2/c37addee-2498-4a15-bcff-37bab873470d/full/3500,/0/default.jpg",128,https://iiif-images.library.upenn.edu/iiif/3/c37addee-2498-4a15-bcff-37bab873470d/info.json,"Berlin, Isaiah (of Breslau)|Etheridge, J. W.: Pentateuchal Targumim|Hurt, Abraham|Jeitelles, Judah|Ohev Ger|Randegger, Mayer|Saraval, Rabbi U. V.",222,https://digitalrepository.library.upenn.edu/iiif/2/items/dc71c7fc-63d6-40e0-908e-ba8930064eba/manifest,https://iiif-images.library.upenn.edu/iiif/2/c37addee-2498-4a15-bcff-37bab873470d
obj209,"Oheb Ger. A Hermeneutico-Critical Dissertation of thirty-two Sections, on the Aramaic Paraphrase of Onkelos. (Continued). By Samuel David Luzzatto. Translated by S. Morais.",The Jewish Record,Philadelphia,25-Jan,25-Jan,,,"https://iiif-images.library.upenn.edu/iiif/2/c37addee-2498-4a15-bcff-37bab873470d/full/!200,200/0/default.jpg","https://iiif-images.library.upenn.edu/iiif/2/c37addee-2498-4a15-bcff-37bab873470d/full/3500,/0/default.jpg",128,https://iiif-images.library.upenn.edu/iiif/3/c37addee-2498-4a15-bcff-37bab873470d/info.json,Ohev Ger,223,https://digitalrepository.library.upenn.edu/iiif/2/items/dc71c7fc-63d6-40e0-908e-ba8930064eba/manifest,https://iiif-images.library.upenn.edu/iiif/2/c37addee-2498-4a15-bcff-37bab873470d
obj210,"Oheb Ger. A Hermeneutico-Critical Dissertation of thirty-two Sections, on the Aramaic Paraphrase of Onkelos. (Continued). By Samuel David Luzzatto. Translated by S. Morais.",The Jewish Record,Philadelphia,1-Feb,1-Feb,,,"https://iiif-images.library.upenn.edu/iiif/2/a7f310e9-0de3-498c-8f38-4c924842c354/full/!200,200/0/default.jpg","https://iiif-images.library.upenn.edu/iiif/2/a7f310e9-0de3-498c-8f38-4c924842c354/full/3500,/0/default.jpg",129,https://iiif-images.library.upenn.edu/iiif/3/a7f310e9-0de3-498c-8f38-4c924842c354/info.json,"Ohev Ger|Simon, Richard",224,https://digitalrepository.library.upenn.edu/iiif/2/items/dc71c7fc-63d6-40e0-908e-ba8930064eba/manifest,https://iiif-images.library.upenn.edu/iiif/2/a7f310e9-0de3-498c-8f38-4c924842c354
obj211,"Oheb Ger. A Hermeneutico-Critical Dissertation of thirty-two Sections, on the Aramaic Paraphrase of Onkelos. By Samuel David Luzzatto. Translated by S. Morais. (Continued).",The Jewish Record,Philadelphia,8-Feb,8-Feb,,,"https://iiif-images.library.upenn.edu/iiif/2/a7f310e9-0de3-498c-8f38-4c924842c354/full/!200,200/0/default.jpg","https://iiif-images.library.upenn.edu/iiif/2/a7f310e9-0de3-498c-8f38-4c924842c354/full/3500,/0/default.jpg",129,https://iiif-images.library.upenn.edu/iiif/3/a7f310e9-0de3-498c-8f38-4c924842c354/info.json,Chrestomathy|Ohev Ger,225,https://digitalrepository.library.upenn.edu/iiif/2/items/dc71c7fc-63d6-40e0-908e-ba8930064eba/manifest,https://iiif-images.library.upenn.edu/iiif/2/a7f310e9-0de3-498c-8f38-4c924842c354
obj212,"Oheb Ger. A Hermeneutico-Critical Dissertation of thirty-two Sections, on the Aramaic Paraphrase of Onkelos. By Samuel David Luzzatto. Translated by S. Morais. (Concluded).",The Jewish Record,Philadelphia,15-Feb,15-Feb,,,"https://iiif-images.library.upenn.edu/iiif/2/93cbb598-1f2b-424d-b7a8-2c4452946d63/full/!200,200/0/default.jpg","https://iiif-images.library.upenn.edu/iiif/2/93cbb598-1f2b-424d-b7a8-2c4452946d63/full/3500,/0/default.jpg",130,https://iiif-images.library.upenn.edu/iiif/3/93cbb598-1f2b-424d-b7a8-2c4452946d63/info.json,"Leeser, Rev I.|Luzzatto, Joseph|Ohev Ger",226,https://digitalrepository.library.upenn.edu/iiif/2/items/dc71c7fc-63d6-40e0-908e-ba8930064eba/manifest,https://iiif-images.library.upenn.edu/iiif/2/93cbb598-1f2b-424d-b7a8-2c4452946d63
obj213,The Monarch and the Pope.,The Jewish Record,Philadelphia,22-Feb,22-Feb,,,"https://iiif-images.library.upenn.edu/iiif/2/0605d230-1aad-4cf9-bb11-4431ecfe0243/full/!200,200/0/default.jpg","https://iiif-images.library.upenn.edu/iiif/2/0605d230-1aad-4cf9-bb11-4431ecfe0243/full/3500,/0/default.jpg",131,https://iiif-images.library.upenn.edu/iiif/3/0605d230-1aad-4cf9-bb11-4431ecfe0243/info.json,"Artom, Isaac|Ohev Ger|Mazzini, Joseph|Mortara, Edgar|Pious IX|Victor Emmanuel II (King of Italy)",227,https://digitalrepository.library.upenn.edu/iiif/2/items/dc71c7fc-63d6-40e0-908e-ba8930064eba/manifest,https://iiif-images.library.upenn.edu/iiif/2/0605d230-1aad-4cf9-bb11-4431ecfe0243
obj214,(Written expressly for The Jewish Record). Emanuel Veneziani.,The Jewish Record,Philadelphia,29-Mar,29-Mar,,,"https://iiif-images.library.upenn.edu/iiif/2/b6bb3401-1c88-4aaf-9494-1692ddf8228b/full/!200,200/0/default.jpg","https://iiif-images.library.upenn.edu/iiif/2/b6bb3401-1c88-4aaf-9494-1692ddf8228b/full/3500,/0/default.jpg",132,https://iiif-images.library.upenn.edu/iiif/3/b6bb3401-1c88-4aaf-9494-1692ddf8228b/info.json,"Alliance IsraA?lite Universelle|Camondo|Cremieux, Isaac Adolphe|Hirsch, Moses de|Ohev Ger|Modigiliani, Dr. Angelo|Piperno, Abraham Benedict|Veneziani, Emanuel",228,https://digitalrepository.library.upenn.edu/iiif/2/items/dc71c7fc-63d6-40e0-908e-ba8930064eba/manifest,https://iiif-images.library.upenn.edu/iiif/2/b6bb3401-1c88-4aaf-9494-1692ddf8228b
obj215,The Late Rev. S. M. Isaacs. The Funeral Address. By Rev. S. Morais.,The Jewish Messenger,New York,31-May,31-May,,,"https://iiif-images.library.upenn.edu/iiif/2/53af4b50-19e2-48dd-acb9-24eb904a9775/full/!200,200/0/default.jpg","https://iiif-images.library.upenn.edu/iiif/2/53af4b50-19e2-48dd-acb9-24eb904a9775/full/3500,/0/default.jpg",133,https://iiif-images.library.upenn.edu/iiif/3/53af4b50-19e2-48dd-acb9-24eb904a9775/info.json,"Isaacs, S. Meyer Rev|Jewish Messenger|Montefiore, Moses",229,https://digitalrepository.library.upenn.edu/iiif/2/items/dc71c7fc-63d6-40e0-908e-ba8930064eba/manifest,https://iiif-images.library.upenn.edu/iiif/2/53af4b50-19e2-48dd-acb9-24eb904a9775
obj216,"Address. Delivered at the closing exercises of the Hebrew Union College, at Eureka Hall, Cincinnati, by the Rev. S. Morais, on the 30th day of June, 1878.",The Jewish Record,Philadelphia,5-Jul,5-Jul,,,"https://iiif-images.library.upenn.edu/iiif/2/826511b0-1f09-460a-b410-14f1c01f4246/full/!200,200/0/default.jpg","https://iiif-images.library.upenn.edu/iiif/2/826511b0-1f09-460a-b410-14f1c01f4246/full/3500,/0/default.jpg",134,https://iiif-images.library.upenn.edu/iiif/3/826511b0-1f09-460a-b410-14f1c01f4246/info.json,Hebrew Union College (Cincinnati),230,https://digitalrepository.library.upenn.edu/iiif/2/items/dc71c7fc-63d6-40e0-908e-ba8930064eba/manifest,https://iiif-images.library.upenn.edu/iiif/2/826511b0-1f09-460a-b410-14f1c01f4246
obj217,My Experience.,[n.p.],,22-Jul,22-Jul,,,"https://iiif-images.library.upenn.edu/iiif/2/a70fbd4e-bd28-4c19-87c2-922cb8541b3e/full/!200,200/0/default.jpg","https://iiif-images.library.upenn.edu/iiif/2/a70fbd4e-bd28-4c19-87c2-922cb8541b3e/full/3500,/0/default.jpg",135,https://iiif-images.library.upenn.edu/iiif/3/a70fbd4e-bd28-4c19-87c2-922cb8541b3e/info.json,"Aufrecht, Mr.|Cincinnati (""Queen City"")|Eppinger, W.|Epstein, Dr.|Goldammer, Dr.|Hess, Mr.|Kutner, Rabbi|Lilienthal, Dr. M.|Loewenberg, Cantor W.|Orphan Asylum, Cleveland|Touro, Judah|Wise, I. M.|Wolfenstein, Dr.",231,https://digitalrepository.library.upenn.edu/iiif/2/items/dc71c7fc-63d6-40e0-908e-ba8930064eba/manifest,https://iiif-images.library.upenn.edu/iiif/2/a70fbd4e-bd28-4c19-87c2-922cb8541b3e
obj218,A Rejoinder.,The Jewish Messenger,New York,26-Jul,26-Jul,,,"https://iiif-images.library.upenn.edu/iiif/2/a70fbd4e-bd28-4c19-87c2-922cb8541b3e/full/!200,200/0/default.jpg","https://iiif-images.library.upenn.edu/iiif/2/a70fbd4e-bd28-4c19-87c2-922cb8541b3e/full/3500,/0/default.jpg",135,https://iiif-images.library.upenn.edu/iiif/3/a70fbd4e-bd28-4c19-87c2-922cb8541b3e/info.json,"Jewish Messenger|Jewish Press, The",232,https://digitalrepository.library.upenn.edu/iiif/2/items/dc71c7fc-63d6-40e0-908e-ba8930064eba/manifest,https://iiif-images.library.upenn.edu/iiif/2/a70fbd4e-bd28-4c19-87c2-922cb8541b3e
obj219,Roumania Again.,The Jewish Record,Philadelphia,2-Aug,2-Aug,,,"https://iiif-images.library.upenn.edu/iiif/2/922d7dab-7ae6-44d4-b4ce-a08b6dab9662/full/!200,200/0/default.jpg","https://iiif-images.library.upenn.edu/iiif/2/922d7dab-7ae6-44d4-b4ce-a08b6dab9662/full/3500,/0/default.jpg",136,https://iiif-images.library.upenn.edu/iiif/3/922d7dab-7ae6-44d4-b4ce-a08b6dab9662/info.json,Congress of Berlin|Pan-Judaic Congress|Roumania,233,https://digitalrepository.library.upenn.edu/iiif/2/items/dc71c7fc-63d6-40e0-908e-ba8930064eba/manifest,https://iiif-images.library.upenn.edu/iiif/2/922d7dab-7ae6-44d4-b4ce-a08b6dab9662
obj220,The Ninth of Ab.,The Jewish Record,Philadelphia,9-Aug,9-Aug,,,"https://iiif-images.library.upenn.edu/iiif/2/922d7dab-7ae6-44d4-b4ce-a08b6dab9662/full/!200,200/0/default.jpg","https://iiif-images.library.upenn.edu/iiif/2/922d7dab-7ae6-44d4-b4ce-a08b6dab9662/full/3500,/0/default.jpg",136,https://iiif-images.library.upenn.edu/iiif/3/922d7dab-7ae6-44d4-b4ce-a08b6dab9662/info.json,Ninth of Ab,234,https://digitalrepository.library.upenn.edu/iiif/2/items/dc71c7fc-63d6-40e0-908e-ba8930064eba/manifest,https://iiif-images.library.upenn.edu/iiif/2/922d7dab-7ae6-44d4-b4ce-a08b6dab9662
obj221,Hebraica. An Ancient Bible MS.,The Jewish Messenger,New York,9-Aug,9-Aug,,,"https://iiif-images.library.upenn.edu/iiif/2/3ef83ddf-122a-4e88-902b-e486f5cd8a43/full/!200,200/0/default.jpg","https://iiif-images.library.upenn.edu/iiif/2/3ef83ddf-122a-4e88-902b-e486f5cd8a43/full/3500,/0/default.jpg",137,https://iiif-images.library.upenn.edu/iiif/3/3ef83ddf-122a-4e88-902b-e486f5cd8a43/info.json,Sepher Hazzichronot|Jewish Messenger|Sepher Hazichronot,235,https://digitalrepository.library.upenn.edu/iiif/2/items/dc71c7fc-63d6-40e0-908e-ba8930064eba/manifest,https://iiif-images.library.upenn.edu/iiif/2/3ef83ddf-122a-4e88-902b-e486f5cd8a43
obj222,Hebraica. Ritual Differences.,The Jewish Messenger,New York,23-Aug,23-Aug,,,"https://iiif-images.library.upenn.edu/iiif/2/3ef83ddf-122a-4e88-902b-e486f5cd8a43/full/!200,200/0/default.jpg","https://iiif-images.library.upenn.edu/iiif/2/3ef83ddf-122a-4e88-902b-e486f5cd8a43/full/3500,/0/default.jpg",137,https://iiif-images.library.upenn.edu/iiif/3/3ef83ddf-122a-4e88-902b-e486f5cd8a43/info.json,"Abudarham|Jewish Messenger|Maimonides, Moses|Susan, Issachar ben Mordechai",236,https://digitalrepository.library.upenn.edu/iiif/2/items/dc71c7fc-63d6-40e0-908e-ba8930064eba/manifest,https://iiif-images.library.upenn.edu/iiif/2/3ef83ddf-122a-4e88-902b-e486f5cd8a43
obj223,The Hebrews. [Letter] To the Editor of The North American.,The North American,Philadelphia,13-Sep,13-Sep,,,"https://iiif-images.library.upenn.edu/iiif/2/3ef83ddf-122a-4e88-902b-e486f5cd8a43/full/!200,200/0/default.jpg","https://iiif-images.library.upenn.edu/iiif/2/3ef83ddf-122a-4e88-902b-e486f5cd8a43/full/3500,/0/default.jpg",137,https://iiif-images.library.upenn.edu/iiif/3/3ef83ddf-122a-4e88-902b-e486f5cd8a43/info.json,Alliance IsraA?lite Universelle,237,https://digitalrepository.library.upenn.edu/iiif/2/items/dc71c7fc-63d6-40e0-908e-ba8930064eba/manifest,https://iiif-images.library.upenn.edu/iiif/2/3ef83ddf-122a-4e88-902b-e486f5cd8a43
obj224,Hebraica. The Codex Hillel and Ritual Differences.,The Jewish Messenger,New York,27-Sep,27-Sep,,,"https://iiif-images.library.upenn.edu/iiif/2/4511bf6b-db97-4efc-9546-25d3a51f6e75/full/!200,200/0/default.jpg","https://iiif-images.library.upenn.edu/iiif/2/4511bf6b-db97-4efc-9546-25d3a51f6e75/full/3500,/0/default.jpg",138,https://iiif-images.library.upenn.edu/iiif/3/4511bf6b-db97-4efc-9546-25d3a51f6e75/info.json,"Jewish Messenger|Liturgy|Pick, Dr.",238,https://digitalrepository.library.upenn.edu/iiif/2/items/dc71c7fc-63d6-40e0-908e-ba8930064eba/manifest,https://iiif-images.library.upenn.edu/iiif/2/4511bf6b-db97-4efc-9546-25d3a51f6e75
obj225,Index Raisonne des Livres de Correspondence de feu Samuel David Luzzatto. Padoue.,The Jewish Record,Philadelphia,8-Nov,8-Nov,,,"https://iiif-images.library.upenn.edu/iiif/2/4511bf6b-db97-4efc-9546-25d3a51f6e75/full/!200,200/0/default.jpg","https://iiif-images.library.upenn.edu/iiif/2/4511bf6b-db97-4efc-9546-25d3a51f6e75/full/3500,/0/default.jpg",138,https://iiif-images.library.upenn.edu/iiif/3/4511bf6b-db97-4efc-9546-25d3a51f6e75/info.json,"Lilienthal, Dr. M.|Luzzatto, Dr. Isaiah|Index raison?e des livres de correspondance du feu SD Luzzatto",239,https://digitalrepository.library.upenn.edu/iiif/2/items/dc71c7fc-63d6-40e0-908e-ba8930064eba/manifest,https://iiif-images.library.upenn.edu/iiif/2/4511bf6b-db97-4efc-9546-25d3a51f6e75
obj226,From the French of Index Raisonne.,The Jewish Record,Philadelphia,29-Nov,29-Nov,,,"https://iiif-images.library.upenn.edu/iiif/2/4511bf6b-db97-4efc-9546-25d3a51f6e75/full/!200,200/0/default.jpg","https://iiif-images.library.upenn.edu/iiif/2/4511bf6b-db97-4efc-9546-25d3a51f6e75/full/3500,/0/default.jpg",138,https://iiif-images.library.upenn.edu/iiif/3/4511bf6b-db97-4efc-9546-25d3a51f6e75/info.json,"Cohn, Albert|Frankel, Zecheriah|Geiger, Abraham|Luzzatto, S.D. Prof.|Index raison?e des livres de correspondance du feu SD Luzzatto",240,https://digitalrepository.library.upenn.edu/iiif/2/items/dc71c7fc-63d6-40e0-908e-ba8930064eba/manifest,https://iiif-images.library.upenn.edu/iiif/2/4511bf6b-db97-4efc-9546-25d3a51f6e75
obj227,"A Word on Funerals. Address on Sabbath Chaye-Sarah, by S. Morais.",The Jewish Record,Philadelphia,29-Nov,29-Nov,,,"https://iiif-images.library.upenn.edu/iiif/2/869f2a20-4ae0-45aa-89c8-372d92a42542/full/!200,200/0/default.jpg","https://iiif-images.library.upenn.edu/iiif/2/869f2a20-4ae0-45aa-89c8-372d92a42542/full/3500,/0/default.jpg",139,https://iiif-images.library.upenn.edu/iiif/3/869f2a20-4ae0-45aa-89c8-372d92a42542/info.json,Funeral customs|Burial|Cremation|Charity,241,https://digitalrepository.library.upenn.edu/iiif/2/items/dc71c7fc-63d6-40e0-908e-ba8930064eba/manifest,https://iiif-images.library.upenn.edu/iiif/2/869f2a20-4ae0-45aa-89c8-372d92a42542
obj228,Immanuel Ben Salomo.,Hebraica,New York,March,March,,,"https://iiif-images.library.upenn.edu/iiif/2/2fc0e80d-e13d-4286-954d-8340f4023336/full/!200,200/0/default.jpg","https://iiif-images.library.upenn.edu/iiif/2/2fc0e80d-e13d-4286-954d-8340f4023336/full/3500,/0/default.jpg",140,https://iiif-images.library.upenn.edu/iiif/3/2fc0e80d-e13d-4286-954d-8340f4023336/info.json,"Ben Salomo, Immanuel|Berliner, Dr. A.|Perreau, Pietro|Rossi, Azariah de",242,https://digitalrepository.library.upenn.edu/iiif/2/items/dc71c7fc-63d6-40e0-908e-ba8930064eba/manifest,https://iiif-images.library.upenn.edu/iiif/2/2fc0e80d-e13d-4286-954d-8340f4023336
obj229,From the French of Index Raisonne.,The Jewish Record,Philadelphia,7-Mar,7-Mar,,,"https://iiif-images.library.upenn.edu/iiif/2/1b72b70e-51b8-44e9-847a-8f2454f9eb2c/full/!200,200/0/default.jpg","https://iiif-images.library.upenn.edu/iiif/2/1b72b70e-51b8-44e9-847a-8f2454f9eb2c/full/3500,/0/default.jpg",141,https://iiif-images.library.upenn.edu/iiif/3/1b72b70e-51b8-44e9-847a-8f2454f9eb2c/info.json,"Krochmal, N.|Lebrecht, F.|Luzzatto, S.D. Prof.|Index raison?e des livres de correspondance du feu SD Luzzatto",243,https://digitalrepository.library.upenn.edu/iiif/2/items/dc71c7fc-63d6-40e0-908e-ba8930064eba/manifest,https://iiif-images.library.upenn.edu/iiif/2/1b72b70e-51b8-44e9-847a-8f2454f9eb2c
obj230,A Literary Review.,Jewish Record,Philadelphia,14-Mar,14-Mar,,,"https://iiif-images.library.upenn.edu/iiif/2/57141f4d-88d2-41c4-abdc-2886145d9df2/full/!200,200/0/default.jpg","https://iiif-images.library.upenn.edu/iiif/2/57141f4d-88d2-41c4-abdc-2886145d9df2/full/3500,/0/default.jpg",142,https://iiif-images.library.upenn.edu/iiif/3/57141f4d-88d2-41c4-abdc-2886145d9df2/info.json,"Kaufmann, David|Perreau, Pietro",244,https://digitalrepository.library.upenn.edu/iiif/2/items/dc71c7fc-63d6-40e0-908e-ba8930064eba/manifest,https://iiif-images.library.upenn.edu/iiif/2/57141f4d-88d2-41c4-abdc-2886145d9df2
obj231,"Mr. Morais in the course of his sermon, last Sabbath.",Jewish Record,Philadelphia,14-Mar,14-Mar,,,"https://iiif-images.library.upenn.edu/iiif/2/57141f4d-88d2-41c4-abdc-2886145d9df2/full/!200,200/0/default.jpg","https://iiif-images.library.upenn.edu/iiif/2/57141f4d-88d2-41c4-abdc-2886145d9df2/full/3500,/0/default.jpg",142,https://iiif-images.library.upenn.edu/iiif/3/57141f4d-88d2-41c4-abdc-2886145d9df2/info.json,Chinese Exclusion Act,245,https://digitalrepository.library.upenn.edu/iiif/2/items/dc71c7fc-63d6-40e0-908e-ba8930064eba/manifest,https://iiif-images.library.upenn.edu/iiif/2/57141f4d-88d2-41c4-abdc-2886145d9df2
obj232,Passover.,The Jewish Record,Philadelphia,4-Apr,4-Apr,,,"https://iiif-images.library.upenn.edu/iiif/2/dc32e0de-9b14-44fb-94b1-d20aa486597b/full/!200,200/0/default.jpg","https://iiif-images.library.upenn.edu/iiif/2/dc32e0de-9b14-44fb-94b1-d20aa486597b/full/3500,/0/default.jpg",143,https://iiif-images.library.upenn.edu/iiif/3/dc32e0de-9b14-44fb-94b1-d20aa486597b/info.json,Passover,246,https://digitalrepository.library.upenn.edu/iiif/2/items/dc71c7fc-63d6-40e0-908e-ba8930064eba/manifest,https://iiif-images.library.upenn.edu/iiif/2/dc32e0de-9b14-44fb-94b1-d20aa486597b
obj233,"A Tribute to High Worth [by David Kaufmann]... translated from the Italian [by Morais], as published in the April number of the Corriere Israelitico of Trieste.",The Jewish Record,Philadelphia,13-Jun,13-Jun,,,"https://iiif-images.library.upenn.edu/iiif/2/dc32e0de-9b14-44fb-94b1-d20aa486597b/full/!200,200/0/default.jpg","https://iiif-images.library.upenn.edu/iiif/2/dc32e0de-9b14-44fb-94b1-d20aa486597b/full/3500,/0/default.jpg",143,https://iiif-images.library.upenn.edu/iiif/3/dc32e0de-9b14-44fb-94b1-d20aa486597b/info.json,"Ben-Jacob|Corri?re Israelitico (of Trieste)|Frankel, Zecheriah|Kaufmann, David|Luzzatto, Dr. Isaiah|Luzzatto, S.D. Prof.|Rapoport, S.L.",247,https://digitalrepository.library.upenn.edu/iiif/2/items/dc71c7fc-63d6-40e0-908e-ba8930064eba/manifest,https://iiif-images.library.upenn.edu/iiif/2/dc32e0de-9b14-44fb-94b1-d20aa486597b
obj234,A Tribute to High Worth. (Continued).,The Jewish Record,Philadelphia,20-Jun,20-Jun,,,"https://iiif-images.library.upenn.edu/iiif/2/a8e5baf1-e50f-4164-9722-c306ff41f121/full/!200,200/0/default.jpg","https://iiif-images.library.upenn.edu/iiif/2/a8e5baf1-e50f-4164-9722-c306ff41f121/full/3500,/0/default.jpg",144,https://iiif-images.library.upenn.edu/iiif/3/a8e5baf1-e50f-4164-9722-c306ff41f121/info.json,"Kaufmann, David|Luzzatto, S.D. Prof.|Index raison?e des livres de correspondance du feu SD Luzzatto|Tedeschi, Marco|Trieste|Zunz, Leopold",248,https://digitalrepository.library.upenn.edu/iiif/2/items/dc71c7fc-63d6-40e0-908e-ba8930064eba/manifest,https://iiif-images.library.upenn.edu/iiif/2/a8e5baf1-e50f-4164-9722-c306ff41f121
obj235,"Literary Review. By Professor David Kaufmann. Translated by S. M. from the Italian of R. Amos Lorin, as in the Antologia of Corfu.",The Jewish Record,Philadelphia,27-Jun,27-Jun,,,"https://iiif-images.library.upenn.edu/iiif/2/964cc829-2b94-4b7f-b1d9-1216bfd3f9eb/full/!200,200/0/default.jpg","https://iiif-images.library.upenn.edu/iiif/2/964cc829-2b94-4b7f-b1d9-1216bfd3f9eb/full/3500,/0/default.jpg",145,https://iiif-images.library.upenn.edu/iiif/3/964cc829-2b94-4b7f-b1d9-1216bfd3f9eb/info.json,"Cantarini Family|Kaufmann, David|Lasinio, Fausto|Luzzatto, S.D. Prof.|Mortara (Chief Rabbi of Mantua), Marco|Osimo, Leon Rabbi|Osimo, Marco|Perreau, Pietro|Steinschneider, Moritz",249,https://digitalrepository.library.upenn.edu/iiif/2/items/dc71c7fc-63d6-40e0-908e-ba8930064eba/manifest,https://iiif-images.library.upenn.edu/iiif/2/964cc829-2b94-4b7f-b1d9-1216bfd3f9eb
obj236,The Union. [Letter to the] Editor Jewish Record: [...].,The Jewish Record,Philadelphia,4-Jul,4-Jul,,,"https://iiif-images.library.upenn.edu/iiif/2/ad7e5bcf-f070-4564-b585-946300e81b7c/full/!200,200/0/default.jpg","https://iiif-images.library.upenn.edu/iiif/2/ad7e5bcf-f070-4564-b585-946300e81b7c/full/3500,/0/default.jpg",146,https://iiif-images.library.upenn.edu/iiif/3/ad7e5bcf-f070-4564-b585-946300e81b7c/info.json,"Hebrew Union College (Cincinnati)|Reform Judaism, (also ""Neology""/""Gentilism"")|Keneseth Haggedolah",250,https://digitalrepository.library.upenn.edu/iiif/2/items/dc71c7fc-63d6-40e0-908e-ba8930064eba/manifest,https://iiif-images.library.upenn.edu/iiif/2/ad7e5bcf-f070-4564-b585-946300e81b7c
obj237,To All It May Concern.,The Jewish Record,Philadelphia,1-Aug,1-Aug,,,"https://iiif-images.library.upenn.edu/iiif/2/b90e05a1-911c-42c9-985b-08159aa6df45/full/!200,200/0/default.jpg","https://iiif-images.library.upenn.edu/iiif/2/b90e05a1-911c-42c9-985b-08159aa6df45/full/3500,/0/default.jpg",147,https://iiif-images.library.upenn.edu/iiif/3/b90e05a1-911c-42c9-985b-08159aa6df45/info.json,"Alliance IsraA?lite Universelle|Hirsch, Moses de|Hirsch, Samuel|Spinoza, Benedict",251,https://digitalrepository.library.upenn.edu/iiif/2/items/dc71c7fc-63d6-40e0-908e-ba8930064eba/manifest,https://iiif-images.library.upenn.edu/iiif/2/b90e05a1-911c-42c9-985b-08159aa6df45
obj238,The Press of Monday last [...].,The Jewish Record,Philadelphia,1-Aug,1-Aug,,,"https://iiif-images.library.upenn.edu/iiif/2/b90e05a1-911c-42c9-985b-08159aa6df45/full/!200,200/0/default.jpg","https://iiif-images.library.upenn.edu/iiif/2/b90e05a1-911c-42c9-985b-08159aa6df45/full/3500,/0/default.jpg",147,https://iiif-images.library.upenn.edu/iiif/3/b90e05a1-911c-42c9-985b-08159aa6df45/info.json,Corbin,252,https://digitalrepository.library.upenn.edu/iiif/2/items/dc71c7fc-63d6-40e0-908e-ba8930064eba/manifest,https://iiif-images.library.upenn.edu/iiif/2/b90e05a1-911c-42c9-985b-08159aa6df45
obj239,Clear Answers to Direct Questions. [Letter to the] Editor Jewish Record: [...].,The Jewish Record,Philadelphia,15-Aug,15-Aug,,,"https://iiif-images.library.upenn.edu/iiif/2/b90e05a1-911c-42c9-985b-08159aa6df45/full/!200,200/0/default.jpg","https://iiif-images.library.upenn.edu/iiif/2/b90e05a1-911c-42c9-985b-08159aa6df45/full/3500,/0/default.jpg",147,https://iiif-images.library.upenn.edu/iiif/3/b90e05a1-911c-42c9-985b-08159aa6df45/info.json,"Alliance IsraA?lite Universelle|Cohn, Albert|Cohn, Albert",253,https://digitalrepository.library.upenn.edu/iiif/2/items/dc71c7fc-63d6-40e0-908e-ba8930064eba/manifest,https://iiif-images.library.upenn.edu/iiif/2/b90e05a1-911c-42c9-985b-08159aa6df45
obj240,"Rev. S. Morais, of this city [...].",The Jewish Record,Philadelphia,15-Aug,15-Aug,,,"https://iiif-images.library.upenn.edu/iiif/2/b90e05a1-911c-42c9-985b-08159aa6df45/full/!200,200/0/default.jpg","https://iiif-images.library.upenn.edu/iiif/2/b90e05a1-911c-42c9-985b-08159aa6df45/full/3500,/0/default.jpg",147,https://iiif-images.library.upenn.edu/iiif/3/b90e05a1-911c-42c9-985b-08159aa6df45/info.json,Rumoured as Orthodox Chief Rabbi,254,https://digitalrepository.library.upenn.edu/iiif/2/items/dc71c7fc-63d6-40e0-908e-ba8930064eba/manifest,https://iiif-images.library.upenn.edu/iiif/2/b90e05a1-911c-42c9-985b-08159aa6df45
obj241,"""Seeker of Truth.""",The Jewish Record,Philadelphia,22-Aug,22-Aug,,,"https://iiif-images.library.upenn.edu/iiif/2/49922869-6db6-47e8-ad0b-37ccf4436f51/full/!200,200/0/default.jpg","https://iiif-images.library.upenn.edu/iiif/2/49922869-6db6-47e8-ad0b-37ccf4436f51/full/3500,/0/default.jpg",148,https://iiif-images.library.upenn.edu/iiif/3/49922869-6db6-47e8-ad0b-37ccf4436f51/info.json,"Goldammer, Dr.|Discourse on the Resurrection of the Dead|Rubinstein, Isaac|Wise, I. M.",255,https://digitalrepository.library.upenn.edu/iiif/2/items/dc71c7fc-63d6-40e0-908e-ba8930064eba/manifest,https://iiif-images.library.upenn.edu/iiif/2/49922869-6db6-47e8-ad0b-37ccf4436f51
obj242,A Question Easily Answered.,The Jewish Record,Philadelphia,22-Aug,22-Aug,,,"https://iiif-images.library.upenn.edu/iiif/2/49922869-6db6-47e8-ad0b-37ccf4436f51/full/!200,200/0/default.jpg","https://iiif-images.library.upenn.edu/iiif/2/49922869-6db6-47e8-ad0b-37ccf4436f51/full/3500,/0/default.jpg",148,https://iiif-images.library.upenn.edu/iiif/3/49922869-6db6-47e8-ad0b-37ccf4436f51/info.json,"National Baptist, The",256,https://digitalrepository.library.upenn.edu/iiif/2/items/dc71c7fc-63d6-40e0-908e-ba8930064eba/manifest,https://iiif-images.library.upenn.edu/iiif/2/49922869-6db6-47e8-ad0b-37ccf4436f51
obj243,[Letter to the] Editor Jewish Record: [...].,The Jewish Record,Philadelphia,15-Aug,15-Aug,,,"https://iiif-images.library.upenn.edu/iiif/2/49922869-6db6-47e8-ad0b-37ccf4436f51/full/!200,200/0/default.jpg","https://iiif-images.library.upenn.edu/iiif/2/49922869-6db6-47e8-ad0b-37ccf4436f51/full/3500,/0/default.jpg",148,https://iiif-images.library.upenn.edu/iiif/3/49922869-6db6-47e8-ad0b-37ccf4436f51/info.json,Rumoured as Orthodox Chief Rabbi|New York Herald,257,https://digitalrepository.library.upenn.edu/iiif/2/items/dc71c7fc-63d6-40e0-908e-ba8930064eba/manifest,https://iiif-images.library.upenn.edu/iiif/2/49922869-6db6-47e8-ad0b-37ccf4436f51
obj244,That Maamar.,The Jewish Record,Philadelphia,5-Sep,5-Sep,,,"https://iiif-images.library.upenn.edu/iiif/2/5ffce19e-43f5-4bf5-9506-9b1e1d5985ce/full/!200,200/0/default.jpg","https://iiif-images.library.upenn.edu/iiif/2/5ffce19e-43f5-4bf5-9506-9b1e1d5985ce/full/3500,/0/default.jpg",149,https://iiif-images.library.upenn.edu/iiif/3/5ffce19e-43f5-4bf5-9506-9b1e1d5985ce/info.json,"Maimonides, Moses|Rubinstein, Isaac|Wise, I. M.",258,https://digitalrepository.library.upenn.edu/iiif/2/items/dc71c7fc-63d6-40e0-908e-ba8930064eba/manifest,https://iiif-images.library.upenn.edu/iiif/2/5ffce19e-43f5-4bf5-9506-9b1e1d5985ce
obj245,Rosh Hashanah.,Jewish Record,Philadelphia,19-Sep,19-Sep,,,"https://iiif-images.library.upenn.edu/iiif/2/5ffce19e-43f5-4bf5-9506-9b1e1d5985ce/full/!200,200/0/default.jpg","https://iiif-images.library.upenn.edu/iiif/2/5ffce19e-43f5-4bf5-9506-9b1e1d5985ce/full/3500,/0/default.jpg",149,https://iiif-images.library.upenn.edu/iiif/3/5ffce19e-43f5-4bf5-9506-9b1e1d5985ce/info.json,Rosh Hashanah,259,https://digitalrepository.library.upenn.edu/iiif/2/items/dc71c7fc-63d6-40e0-908e-ba8930064eba/manifest,https://iiif-images.library.upenn.edu/iiif/2/5ffce19e-43f5-4bf5-9506-9b1e1d5985ce
obj246,Kippur.,The Jewish Record,Philadelphia,26-Sep,26-Sep,,,"https://iiif-images.library.upenn.edu/iiif/2/4646b3d2-b77d-4ad3-bd8b-abd57d0011aa/full/!200,200/0/default.jpg","https://iiif-images.library.upenn.edu/iiif/2/4646b3d2-b77d-4ad3-bd8b-abd57d0011aa/full/3500,/0/default.jpg",150,https://iiif-images.library.upenn.edu/iiif/3/4646b3d2-b77d-4ad3-bd8b-abd57d0011aa/info.json,Yom Kippur,260,https://digitalrepository.library.upenn.edu/iiif/2/items/dc71c7fc-63d6-40e0-908e-ba8930064eba/manifest,https://iiif-images.library.upenn.edu/iiif/2/4646b3d2-b77d-4ad3-bd8b-abd57d0011aa
obj247,What Shall It Be? An address by Rev. S. Morais. ? Delivered the First Day of Rosh Hashanah.,The Jewish Record,Philadelphia,26-Sep,26-Sep,,,"https://iiif-images.library.upenn.edu/iiif/2/4646b3d2-b77d-4ad3-bd8b-abd57d0011aa/full/!200,200/0/default.jpg","https://iiif-images.library.upenn.edu/iiif/2/4646b3d2-b77d-4ad3-bd8b-abd57d0011aa/full/3500,/0/default.jpg",150,https://iiif-images.library.upenn.edu/iiif/3/4646b3d2-b77d-4ad3-bd8b-abd57d0011aa/info.json,Rosh Hashanah,261,https://digitalrepository.library.upenn.edu/iiif/2/items/dc71c7fc-63d6-40e0-908e-ba8930064eba/manifest,https://iiif-images.library.upenn.edu/iiif/2/4646b3d2-b77d-4ad3-bd8b-abd57d0011aa
obj248,Succot.,The Jewish Record,,22-Oct,22-Oct,,,"https://iiif-images.library.upenn.edu/iiif/2/0b8f9fca-b8c6-46bb-8b25-432b34ef161f/full/!200,200/0/default.jpg","https://iiif-images.library.upenn.edu/iiif/2/0b8f9fca-b8c6-46bb-8b25-432b34ef161f/full/3500,/0/default.jpg",151,https://iiif-images.library.upenn.edu/iiif/3/0b8f9fca-b8c6-46bb-8b25-432b34ef161f/info.json,Succoth,262,https://digitalrepository.library.upenn.edu/iiif/2/items/dc71c7fc-63d6-40e0-908e-ba8930064eba/manifest,https://iiif-images.library.upenn.edu/iiif/2/0b8f9fca-b8c6-46bb-8b25-432b34ef161f
obj249,The United Hebrew Charities.,The Jewish Record,Philadelphia,17-Oct,17-Oct,,,"https://iiif-images.library.upenn.edu/iiif/2/0b8f9fca-b8c6-46bb-8b25-432b34ef161f/full/!200,200/0/default.jpg","https://iiif-images.library.upenn.edu/iiif/2/0b8f9fca-b8c6-46bb-8b25-432b34ef161f/full/3500,/0/default.jpg",151,https://iiif-images.library.upenn.edu/iiif/3/0b8f9fca-b8c6-46bb-8b25-432b34ef161f/info.json,"Female Beneficial Society|Fuel Society|Hart, Abram L.|Lazarus, Henry|Peabody, George|Pesoa, David|Sewing Society|Society of the United Hebrew Charities of Philadelphia",263,https://digitalrepository.library.upenn.edu/iiif/2/items/dc71c7fc-63d6-40e0-908e-ba8930064eba/manifest,https://iiif-images.library.upenn.edu/iiif/2/0b8f9fca-b8c6-46bb-8b25-432b34ef161f
obj250,Sir Moses Montefiore.,The Jewish Record,,22-Oct,22-Oct,,,"https://iiif-images.library.upenn.edu/iiif/2/db53fb96-3b4c-45a8-9f15-b70268cdd7ee/full/!200,200/0/default.jpg","https://iiif-images.library.upenn.edu/iiif/2/db53fb96-3b4c-45a8-9f15-b70268cdd7ee/full/3500,/0/default.jpg",152,https://iiif-images.library.upenn.edu/iiif/3/db53fb96-3b4c-45a8-9f15-b70268cdd7ee/info.json,"Lattes, Joseph Rabbi (of Reggio Emilia)|Montefiore, Moses",264,https://digitalrepository.library.upenn.edu/iiif/2/items/dc71c7fc-63d6-40e0-908e-ba8930064eba/manifest,https://iiif-images.library.upenn.edu/iiif/2/db53fb96-3b4c-45a8-9f15-b70268cdd7ee
obj251,Virtue Earns Salvation.,Jewish Record,,22-Nov,22-Nov,,,"https://iiif-images.library.upenn.edu/iiif/2/db53fb96-3b4c-45a8-9f15-b70268cdd7ee/full/!200,200/0/default.jpg","https://iiif-images.library.upenn.edu/iiif/2/db53fb96-3b4c-45a8-9f15-b70268cdd7ee/full/3500,/0/default.jpg",152,https://iiif-images.library.upenn.edu/iiif/3/db53fb96-3b4c-45a8-9f15-b70268cdd7ee/info.json,"Carey, Henry C.|Rowland, Rev A. J.",265,https://digitalrepository.library.upenn.edu/iiif/2/items/dc71c7fc-63d6-40e0-908e-ba8930064eba/manifest,https://iiif-images.library.upenn.edu/iiif/2/db53fb96-3b4c-45a8-9f15-b70268cdd7ee
obj252,Moses Hayim Picciotto.,The Jewish Record,,22-Nov,22-Nov,,,"https://iiif-images.library.upenn.edu/iiif/2/db53fb96-3b4c-45a8-9f15-b70268cdd7ee/full/!200,200/0/default.jpg","https://iiif-images.library.upenn.edu/iiif/2/db53fb96-3b4c-45a8-9f15-b70268cdd7ee/full/3500,/0/default.jpg",152,https://iiif-images.library.upenn.edu/iiif/3/db53fb96-3b4c-45a8-9f15-b70268cdd7ee/info.json,"Abraham, Barnet|Jewish Chronicle, The (London)|Piciotto, Moses Hayyim|Reggio, Isaac Samuel",266,https://digitalrepository.library.upenn.edu/iiif/2/items/dc71c7fc-63d6-40e0-908e-ba8930064eba/manifest,https://iiif-images.library.upenn.edu/iiif/2/db53fb96-3b4c-45a8-9f15-b70268cdd7ee
obj253,The Late Abraham Adler.,The Jewish Record,,22-Nov,22-Nov,,,"https://iiif-images.library.upenn.edu/iiif/2/11a38acc-12e3-4b70-ad48-a1e5d62a38db/full/!200,200/0/default.jpg","https://iiif-images.library.upenn.edu/iiif/2/11a38acc-12e3-4b70-ad48-a1e5d62a38db/full/3500,/0/default.jpg",153,https://iiif-images.library.upenn.edu/iiif/3/11a38acc-12e3-4b70-ad48-a1e5d62a38db/info.json,"Adler, Abraham|Loeb, Matilde Adler",267,https://digitalrepository.library.upenn.edu/iiif/2/items/dc71c7fc-63d6-40e0-908e-ba8930064eba/manifest,https://iiif-images.library.upenn.edu/iiif/2/11a38acc-12e3-4b70-ad48-a1e5d62a38db
obj254,"""Thy Will Be Done.""",The Philadelphia Inquirer,,22-Nov,22-Nov,,,"https://iiif-images.library.upenn.edu/iiif/2/11a38acc-12e3-4b70-ad48-a1e5d62a38db/full/!200,200/0/default.jpg","https://iiif-images.library.upenn.edu/iiif/2/11a38acc-12e3-4b70-ad48-a1e5d62a38db/full/3500,/0/default.jpg",153,https://iiif-images.library.upenn.edu/iiif/3/11a38acc-12e3-4b70-ad48-a1e5d62a38db/info.json,"Alatrini|Alliance IsraA?lite Universelle|Camondo|Cremieux, Isaac Adolphe|Lincoln, Abraham|Mortara, Edgar|Netter, Charles|Philadelphia|Pious IX|Republicanism|Roumania|Thanksgiving|Veneziani, Emanuel",268,https://digitalrepository.library.upenn.edu/iiif/2/items/dc71c7fc-63d6-40e0-908e-ba8930064eba/manifest,https://iiif-images.library.upenn.edu/iiif/2/11a38acc-12e3-4b70-ad48-a1e5d62a38db
obj255,Hanuccah.,The Jewish Record,Philadelphia,12-Dec,12-Dec,,,"https://iiif-images.library.upenn.edu/iiif/2/ef0e9f05-1dc4-4c18-8a4d-e29e5c06c811/full/!200,200/0/default.jpg","https://iiif-images.library.upenn.edu/iiif/2/ef0e9f05-1dc4-4c18-8a4d-e29e5c06c811/full/3500,/0/default.jpg",154,https://iiif-images.library.upenn.edu/iiif/3/ef0e9f05-1dc4-4c18-8a4d-e29e5c06c811/info.json,Hanuccah,269,https://digitalrepository.library.upenn.edu/iiif/2/items/dc71c7fc-63d6-40e0-908e-ba8930064eba/manifest,https://iiif-images.library.upenn.edu/iiif/2/ef0e9f05-1dc4-4c18-8a4d-e29e5c06c811
obj256,Universal Israelitish Alliance.,The Jewish Record,Philadelphia,6-Feb,6-Feb,,,"https://iiif-images.library.upenn.edu/iiif/2/ef0e9f05-1dc4-4c18-8a4d-e29e5c06c811/full/!200,200/0/default.jpg","https://iiif-images.library.upenn.edu/iiif/2/ef0e9f05-1dc4-4c18-8a4d-e29e5c06c811/full/3500,/0/default.jpg",154,https://iiif-images.library.upenn.edu/iiif/3/ef0e9f05-1dc4-4c18-8a4d-e29e5c06c811/info.json,Alliance IsraA?lite Universelle|Union of American Hebrew Congregations,270,https://digitalrepository.library.upenn.edu/iiif/2/items/dc71c7fc-63d6-40e0-908e-ba8930064eba/manifest,https://iiif-images.library.upenn.edu/iiif/2/ef0e9f05-1dc4-4c18-8a4d-e29e5c06c811
obj257,Rabbi Morais on Monsieur Cremieux. A Tribute to the Hebrew Statesman of France.,The Sunday Dispatch,Philadelphia,15-Feb,15-Feb,,,"https://iiif-images.library.upenn.edu/iiif/2/2bde6fbb-95fe-4d4a-8e06-04b287bc87f8/full/!200,200/0/default.jpg","https://iiif-images.library.upenn.edu/iiif/2/2bde6fbb-95fe-4d4a-8e06-04b287bc87f8/full/3500,/0/default.jpg",155,https://iiif-images.library.upenn.edu/iiif/3/2bde6fbb-95fe-4d4a-8e06-04b287bc87f8/info.json,"Alliance IsraA?lite Universelle|Board of Deputies, British|Cremieux, Isaac Adolphe|Loewe|Montefiore, Moses|Munk, S.|Piperno, Abraham Benedict|Sunday Dispatch, The",271,https://digitalrepository.library.upenn.edu/iiif/2/items/dc71c7fc-63d6-40e0-908e-ba8930064eba/manifest,https://iiif-images.library.upenn.edu/iiif/2/2bde6fbb-95fe-4d4a-8e06-04b287bc87f8
obj258,Purim and the Alliance.,The Jewish Record,Philadelphia,20-Feb,20-Feb,,,"https://iiif-images.library.upenn.edu/iiif/2/2bde6fbb-95fe-4d4a-8e06-04b287bc87f8/full/!200,200/0/default.jpg","https://iiif-images.library.upenn.edu/iiif/2/2bde6fbb-95fe-4d4a-8e06-04b287bc87f8/full/3500,/0/default.jpg",155,https://iiif-images.library.upenn.edu/iiif/3/2bde6fbb-95fe-4d4a-8e06-04b287bc87f8/info.json,"Alliance IsraA?lite Universelle|Cremieux, Isaac Adolphe",272,https://digitalrepository.library.upenn.edu/iiif/2/items/dc71c7fc-63d6-40e0-908e-ba8930064eba/manifest,https://iiif-images.library.upenn.edu/iiif/2/2bde6fbb-95fe-4d4a-8e06-04b287bc87f8
obj259,Meeting of Ministers.,The Jewish Record,Philadelphia,20-Feb,20-Feb,,,"https://iiif-images.library.upenn.edu/iiif/2/2bde6fbb-95fe-4d4a-8e06-04b287bc87f8/full/!200,200/0/default.jpg","https://iiif-images.library.upenn.edu/iiif/2/2bde6fbb-95fe-4d4a-8e06-04b287bc87f8/full/3500,/0/default.jpg",155,https://iiif-images.library.upenn.edu/iiif/3/2bde6fbb-95fe-4d4a-8e06-04b287bc87f8/info.json,"Armhold, W.|Bernstein, A.|Elkin, Dr. M.|Frankel, Jacob|Jacobs, George (Rev.)|Ruzanowsky, N.",273,https://digitalrepository.library.upenn.edu/iiif/2/items/dc71c7fc-63d6-40e0-908e-ba8930064eba/manifest,https://iiif-images.library.upenn.edu/iiif/2/2bde6fbb-95fe-4d4a-8e06-04b287bc87f8
obj260,Address of Rev. S. Morais.,The Jewish Record,Philadelphia,19-Mar,19-Mar,,,"https://iiif-images.library.upenn.edu/iiif/2/880fd641-83a0-437c-a6ec-66e7c31ed766/full/!200,200/0/default.jpg","https://iiif-images.library.upenn.edu/iiif/2/880fd641-83a0-437c-a6ec-66e7c31ed766/full/3500,/0/default.jpg",156,https://iiif-images.library.upenn.edu/iiif/3/880fd641-83a0-437c-a6ec-66e7c31ed766/info.json,"Cremieux, Isaac Adolphe",274,https://digitalrepository.library.upenn.edu/iiif/2/items/dc71c7fc-63d6-40e0-908e-ba8930064eba/manifest,https://iiif-images.library.upenn.edu/iiif/2/880fd641-83a0-437c-a6ec-66e7c31ed766
obj261,Passover.,The Jewish Record,Philadelphia,26-Mar,26-Mar,,,"https://iiif-images.library.upenn.edu/iiif/2/880fd641-83a0-437c-a6ec-66e7c31ed766/full/!200,200/0/default.jpg","https://iiif-images.library.upenn.edu/iiif/2/880fd641-83a0-437c-a6ec-66e7c31ed766/full/3500,/0/default.jpg",156,https://iiif-images.library.upenn.edu/iiif/3/880fd641-83a0-437c-a6ec-66e7c31ed766/info.json,"Mortara, Edgar|Roumania|Russia|Victor Emmanuel II (King of Italy)",275,https://digitalrepository.library.upenn.edu/iiif/2/items/dc71c7fc-63d6-40e0-908e-ba8930064eba/manifest,https://iiif-images.library.upenn.edu/iiif/2/880fd641-83a0-437c-a6ec-66e7c31ed766
obj262,"Russia, Roumania and Spain.",The Jewish Record,Philadelphia,9-Apr,9-Apr,,,"https://iiif-images.library.upenn.edu/iiif/2/25b616eb-15aa-4304-909e-27b6d533d733/full/!200,200/0/default.jpg","https://iiif-images.library.upenn.edu/iiif/2/25b616eb-15aa-4304-909e-27b6d533d733/full/3500,/0/default.jpg",157,https://iiif-images.library.upenn.edu/iiif/3/25b616eb-15aa-4304-909e-27b6d533d733/info.json,"Cogalniceano, Minister|Cortes|Cremieux, Isaac Adolphe|Foltischeni (Moldavia)|Fould|Franck|Halevy|Lafayette, General de|Roumania|Russia",276,https://digitalrepository.library.upenn.edu/iiif/2/items/dc71c7fc-63d6-40e0-908e-ba8930064eba/manifest,https://iiif-images.library.upenn.edu/iiif/2/25b616eb-15aa-4304-909e-27b6d533d733
obj263,The Foster Home.,The Jewish Record,Philadelphia,9-Apr,9-Apr,,,"https://iiif-images.library.upenn.edu/iiif/2/25b616eb-15aa-4304-909e-27b6d533d733/full/!200,200/0/default.jpg","https://iiif-images.library.upenn.edu/iiif/2/25b616eb-15aa-4304-909e-27b6d533d733/full/3500,/0/default.jpg",157,https://iiif-images.library.upenn.edu/iiif/3/25b616eb-15aa-4304-909e-27b6d533d733/info.json,"Industrial School|Jewish Foster Home Society, Philadelphia|Jewish Foster Home and Orphan Asylum, Philadelphia",277,https://digitalrepository.library.upenn.edu/iiif/2/items/dc71c7fc-63d6-40e0-908e-ba8930064eba/manifest,https://iiif-images.library.upenn.edu/iiif/2/25b616eb-15aa-4304-909e-27b6d533d733
obj264,Burial and Not Cremation the Jewish Practice.,The Jewish Record,Philadelphia,16-Apr,16-Apr,,,"https://iiif-images.library.upenn.edu/iiif/2/9ded0155-e76f-4189-a314-969f1e7213af/full/!200,200/0/default.jpg","https://iiif-images.library.upenn.edu/iiif/2/9ded0155-e76f-4189-a314-969f1e7213af/full/3500,/0/default.jpg",158,https://iiif-images.library.upenn.edu/iiif/3/9ded0155-e76f-4189-a314-969f1e7213af/info.json,"Cremation|Gottheil, [Gustav] Dr.|Hahn, Dr. Aaron (of Cleveland)|Huebsch, Dr.|Nicolai, Dr.|Wise, I. M.",278,https://digitalrepository.library.upenn.edu/iiif/2/items/dc71c7fc-63d6-40e0-908e-ba8930064eba/manifest,https://iiif-images.library.upenn.edu/iiif/2/9ded0155-e76f-4189-a314-969f1e7213af
obj265,Literary. Appendice alla Memorie Storiche Sulla Comunita Israelitica Ferrarese. Ferrara. Premiata Tipografia Sociale.,The Jewish Record,Philadelphia,7-May,7-May,,,"https://iiif-images.library.upenn.edu/iiif/2/2ac8176d-f641-4416-b275-9ee160777ff6/full/!200,200/0/default.jpg","https://iiif-images.library.upenn.edu/iiif/2/2ac8176d-f641-4416-b275-9ee160777ff6/full/3500,/0/default.jpg",159,https://iiif-images.library.upenn.edu/iiif/3/2ac8176d-f641-4416-b275-9ee160777ff6/info.json,"Castel-Bolognesi, Angelo|Historical Memoirs of the Hebrew Community of Ferrara|Lampronti, Isaac|Levi, Benedict (Chief Rabbi of Ferrar)|Melli, Chief Rabbi|Perreau, Pietro|Pesaro, Abram|Zunz, Leopold",279,https://digitalrepository.library.upenn.edu/iiif/2/items/dc71c7fc-63d6-40e0-908e-ba8930064eba/manifest,https://iiif-images.library.upenn.edu/iiif/2/2ac8176d-f641-4416-b275-9ee160777ff6
obj266,"A Restoration and a Messiah. A Lecture Delivered Saturday, May 1st, by the Rev. S. Morais.",The Jewish Record,Philadelphia,7-May,7-May,,,"https://iiif-images.library.upenn.edu/iiif/2/2ac8176d-f641-4416-b275-9ee160777ff6/full/!200,200/0/default.jpg","https://iiif-images.library.upenn.edu/iiif/2/2ac8176d-f641-4416-b275-9ee160777ff6/full/3500,/0/default.jpg",159,https://iiif-images.library.upenn.edu/iiif/3/2ac8176d-f641-4416-b275-9ee160777ff6/info.json,"Maimonides, Moses",280,https://digitalrepository.library.upenn.edu/iiif/2/items/dc71c7fc-63d6-40e0-908e-ba8930064eba/manifest,https://iiif-images.library.upenn.edu/iiif/2/2ac8176d-f641-4416-b275-9ee160777ff6
obj267,(Written expressly for The Jewish Record.) The Jews of Sicily.,The Jewish Record,Philadelphia,7-May,7-May,,,"https://iiif-images.library.upenn.edu/iiif/2/2de7c5cb-30ae-4987-bb03-a2a3cb9876b3/full/!200,200/0/default.jpg","https://iiif-images.library.upenn.edu/iiif/2/2de7c5cb-30ae-4987-bb03-a2a3cb9876b3/full/3500,/0/default.jpg",160,https://iiif-images.library.upenn.edu/iiif/3/2de7c5cb-30ae-4987-bb03-a2a3cb9876b3/info.json,"Charles III (King of Spain)|Judaism in Sicily|Storia degli Ebrei in Sicilia pel Dottor L. Zunz, tradotta dal tedesco da Pietro Perreau|Zunz, Leopold|Zur Geschichte und Literatur",281,https://digitalrepository.library.upenn.edu/iiif/2/items/dc71c7fc-63d6-40e0-908e-ba8930064eba/manifest,https://iiif-images.library.upenn.edu/iiif/2/2de7c5cb-30ae-4987-bb03-a2a3cb9876b3
obj268,"Death of Benedict Leir, Chief Rabbi of Ferrara.",The Jewish Record,Philadelphia,7-May,7-May,,,"https://iiif-images.library.upenn.edu/iiif/2/2de7c5cb-30ae-4987-bb03-a2a3cb9876b3/full/!200,200/0/default.jpg","https://iiif-images.library.upenn.edu/iiif/2/2de7c5cb-30ae-4987-bb03-a2a3cb9876b3/full/3500,/0/default.jpg",160,https://iiif-images.library.upenn.edu/iiif/3/2de7c5cb-30ae-4987-bb03-a2a3cb9876b3/info.json,"Divrei Shir|Lampronti, Isaac|Lebanon|Leir, Benedict (Chief Rabbi of Ferrara)|Padua rabbinical college|Rossi, Azariah de",282,https://digitalrepository.library.upenn.edu/iiif/2/items/dc71c7fc-63d6-40e0-908e-ba8930064eba/manifest,https://iiif-images.library.upenn.edu/iiif/2/2de7c5cb-30ae-4987-bb03-a2a3cb9876b3
obj269,Pentecost.,The Jewish Record,Philadelphia,14-May,14-May,,,"https://iiif-images.library.upenn.edu/iiif/2/64f6e0af-632d-4b58-a28d-69693c660fa5/full/!200,200/0/default.jpg","https://iiif-images.library.upenn.edu/iiif/2/64f6e0af-632d-4b58-a28d-69693c660fa5/full/3500,/0/default.jpg",161,https://iiif-images.library.upenn.edu/iiif/3/64f6e0af-632d-4b58-a28d-69693c660fa5/info.json,Pentecost,283,https://digitalrepository.library.upenn.edu/iiif/2/items/dc71c7fc-63d6-40e0-908e-ba8930064eba/manifest,https://iiif-images.library.upenn.edu/iiif/2/64f6e0af-632d-4b58-a28d-69693c660fa5
obj270,"Poesie ed Epitaff. By Samuel David Luzzatto, Da Trieste, Opera Postuma, Padova.",The Jewish Record,Philadelphia,18-Jun,18-Jun,,,"https://iiif-images.library.upenn.edu/iiif/2/64f6e0af-632d-4b58-a28d-69693c660fa5/full/!200,200/0/default.jpg","https://iiif-images.library.upenn.edu/iiif/2/64f6e0af-632d-4b58-a28d-69693c660fa5/full/3500,/0/default.jpg",161,https://iiif-images.library.upenn.edu/iiif/3/64f6e0af-632d-4b58-a28d-69693c660fa5/info.json,"Almansi|Bikkurei Ha-Ittim|Cohn, Albert|Gessner|Kinor Nangim|Lessing|Luzzatto, S.D. Prof.|Maimonides, Moses|Menzini|Morpurgo, Rachel|Munk, S.|Pontremoli, Prof. Ezra (of Vercelli)|Rapoport, S.L.|Reggio, Isaac Samuel|Riesser, Gabriel|Sachs, Michael|Schmid, Anton|Torre (of Luneo), Lelllio Della|Zunz, Leopold",284,https://digitalrepository.library.upenn.edu/iiif/2/items/dc71c7fc-63d6-40e0-908e-ba8930064eba/manifest,https://iiif-images.library.upenn.edu/iiif/2/64f6e0af-632d-4b58-a28d-69693c660fa5
obj271,Hoeel Moshe.,The Jewish Record,Philadelphia,18-Jun,18-Jun,,,"https://iiif-images.library.upenn.edu/iiif/2/b02fb8fd-6180-4fc3-b142-533600ff90b2/full/!200,200/0/default.jpg","https://iiif-images.library.upenn.edu/iiif/2/b02fb8fd-6180-4fc3-b142-533600ff90b2/full/3500,/0/default.jpg",162,https://iiif-images.library.upenn.edu/iiif/3/b02fb8fd-6180-4fc3-b142-533600ff90b2/info.json,"Brill|Mendelssohn, Moses|Philippson (of Baltimore), David|Tedeschi (of Trieste), Moses|Torre (of Luneo), Lelllio Della",285,https://digitalrepository.library.upenn.edu/iiif/2/items/dc71c7fc-63d6-40e0-908e-ba8930064eba/manifest,https://iiif-images.library.upenn.edu/iiif/2/b02fb8fd-6180-4fc3-b142-533600ff90b2
obj272,The Fast of Ab and the Holy Land.,The Jewish Record,Philadelphia,16-Jul,16-Jul,,,"https://iiif-images.library.upenn.edu/iiif/2/b02fb8fd-6180-4fc3-b142-533600ff90b2/full/!200,200/0/default.jpg","https://iiif-images.library.upenn.edu/iiif/2/b02fb8fd-6180-4fc3-b142-533600ff90b2/full/3500,/0/default.jpg",162,https://iiif-images.library.upenn.edu/iiif/3/b02fb8fd-6180-4fc3-b142-533600ff90b2/info.json,Agricultural Schools|Alliance IsraA?lite Universelle|Ninth of Ab,286,https://digitalrepository.library.upenn.edu/iiif/2/items/dc71c7fc-63d6-40e0-908e-ba8930064eba/manifest,https://iiif-images.library.upenn.edu/iiif/2/b02fb8fd-6180-4fc3-b142-533600ff90b2
obj273,France and America.,The Jewish Record,Philadelphia,13-Aug,13-Aug,,,"https://iiif-images.library.upenn.edu/iiif/2/b83f8e96-87a1-48f8-b616-99bcacefbd1b/full/!200,200/0/default.jpg","https://iiif-images.library.upenn.edu/iiif/2/b83f8e96-87a1-48f8-b616-99bcacefbd1b/full/3500,/0/default.jpg",163,https://iiif-images.library.upenn.edu/iiif/3/b83f8e96-87a1-48f8-b616-99bcacefbd1b/info.json,"France, Central Consistory of|Isidor, Rabbi L.|and Ritual ""innovation""|Vessillo Israelitico",287,https://digitalrepository.library.upenn.edu/iiif/2/items/dc71c7fc-63d6-40e0-908e-ba8930064eba/manifest,https://iiif-images.library.upenn.edu/iiif/2/b83f8e96-87a1-48f8-b616-99bcacefbd1b
obj274,Rosh Hashanah.,The Jewish Record,Philadelphia,3-Sep,3-Sep,,,"https://iiif-images.library.upenn.edu/iiif/2/b83f8e96-87a1-48f8-b616-99bcacefbd1b/full/!200,200/0/default.jpg","https://iiif-images.library.upenn.edu/iiif/2/b83f8e96-87a1-48f8-b616-99bcacefbd1b/full/3500,/0/default.jpg",163,https://iiif-images.library.upenn.edu/iiif/3/b83f8e96-87a1-48f8-b616-99bcacefbd1b/info.json,Rosh Hashanah,288,https://digitalrepository.library.upenn.edu/iiif/2/items/dc71c7fc-63d6-40e0-908e-ba8930064eba/manifest,https://iiif-images.library.upenn.edu/iiif/2/b83f8e96-87a1-48f8-b616-99bcacefbd1b
obj275,Kippur.,The Jewish Record,Philadelphia,10-Sep,10-Sep,,,"https://iiif-images.library.upenn.edu/iiif/2/2f8f4c8c-8204-4f8a-9ccd-37b046cf30a2/full/!200,200/0/default.jpg","https://iiif-images.library.upenn.edu/iiif/2/2f8f4c8c-8204-4f8a-9ccd-37b046cf30a2/full/3500,/0/default.jpg",164,https://iiif-images.library.upenn.edu/iiif/3/2f8f4c8c-8204-4f8a-9ccd-37b046cf30a2/info.json,Yom Kippur,289,https://digitalrepository.library.upenn.edu/iiif/2/items/dc71c7fc-63d6-40e0-908e-ba8930064eba/manifest,https://iiif-images.library.upenn.edu/iiif/2/2f8f4c8c-8204-4f8a-9ccd-37b046cf30a2
obj276,Succoth.,The Jewish Record,Philadelphia,17-Sep,17-Sep,,,"https://iiif-images.library.upenn.edu/iiif/2/715339d9-5fba-4b7a-a924-6bcb2f3e3105/full/!200,200/0/default.jpg","https://iiif-images.library.upenn.edu/iiif/2/715339d9-5fba-4b7a-a924-6bcb2f3e3105/full/3500,/0/default.jpg",165,https://iiif-images.library.upenn.edu/iiif/3/715339d9-5fba-4b7a-a924-6bcb2f3e3105/info.json,"Bloch, S.: La Foi d?Israel|Succoth",290,https://digitalrepository.library.upenn.edu/iiif/2/items/dc71c7fc-63d6-40e0-908e-ba8930064eba/manifest,https://iiif-images.library.upenn.edu/iiif/2/715339d9-5fba-4b7a-a924-6bcb2f3e3105
obj277,Hanuccah and Radicalism.,The Jewish Record,Philadelphia,26-Nov,26-Nov,,,"https://iiif-images.library.upenn.edu/iiif/2/715339d9-5fba-4b7a-a924-6bcb2f3e3105/full/!200,200/0/default.jpg","https://iiif-images.library.upenn.edu/iiif/2/715339d9-5fba-4b7a-a924-6bcb2f3e3105/full/3500,/0/default.jpg",165,https://iiif-images.library.upenn.edu/iiif/3/715339d9-5fba-4b7a-a924-6bcb2f3e3105/info.json,"Cincinnati (""Queen City"")|Hanuccah|Hebrew Review, The|Lilienthal, Dr. M.|Mendelssohn, Moses|Synod (proposed)",291,https://digitalrepository.library.upenn.edu/iiif/2/items/dc71c7fc-63d6-40e0-908e-ba8930064eba/manifest,https://iiif-images.library.upenn.edu/iiif/2/715339d9-5fba-4b7a-a924-6bcb2f3e3105
obj278,Do Jews Enjoy Religious Equality? A Sermon Delivered by Rev. S. Morais on Sabbath Hanuccah.,The Jewish Record,Philadelphia,10-Dec,10-Dec,,,"https://iiif-images.library.upenn.edu/iiif/2/71b3dbe1-35c4-4f55-8d0f-d2d4024a6f56/full/!200,200/0/default.jpg","https://iiif-images.library.upenn.edu/iiif/2/71b3dbe1-35c4-4f55-8d0f-d2d4024a6f56/full/3500,/0/default.jpg",166,https://iiif-images.library.upenn.edu/iiif/3/71b3dbe1-35c4-4f55-8d0f-d2d4024a6f56/info.json,"Alliance IsraA?lite Universelle|Bamberger|Bismark, Otto von|Lasker, E.|Melikoff|Stoecker, Adolph|Treitschke, Prof. Heinrich von|Veneziani, Emanuel|Wessely, Hertz",292,https://digitalrepository.library.upenn.edu/iiif/2/items/dc71c7fc-63d6-40e0-908e-ba8930064eba/manifest,https://iiif-images.library.upenn.edu/iiif/2/71b3dbe1-35c4-4f55-8d0f-d2d4024a6f56
obj279,Sepher Okere Hareem. The Rabbinical Dialectics. A History of the Dialecticians and Dialectics of the Mishnah and Talmud by Aaron Hahn [...].,The Jewish Record,Philadelphia,10-Dec,10-Dec,,,"https://iiif-images.library.upenn.edu/iiif/2/71b3dbe1-35c4-4f55-8d0f-d2d4024a6f56/full/!200,200/0/default.jpg","https://iiif-images.library.upenn.edu/iiif/2/71b3dbe1-35c4-4f55-8d0f-d2d4024a6f56/full/3500,/0/default.jpg",166,https://iiif-images.library.upenn.edu/iiif/3/71b3dbe1-35c4-4f55-8d0f-d2d4024a6f56/info.json,"Graetz, Dr. Heinrich|Hahn, Dr. Aaron (of Cleveland)",293,https://digitalrepository.library.upenn.edu/iiif/2/items/dc71c7fc-63d6-40e0-908e-ba8930064eba/manifest,https://iiif-images.library.upenn.edu/iiif/2/71b3dbe1-35c4-4f55-8d0f-d2d4024a6f56
obj280,The Persecution of the Jews in Germany and the Anti-Semitic League.,The Sunday Dispatch,Philadelphia,9-Jan,9-Jan,,,"https://iiif-images.library.upenn.edu/iiif/2/a2a5809f-bb4e-4218-b9c3-9b7e251edd8d/full/!200,200/0/default.jpg","https://iiif-images.library.upenn.edu/iiif/2/a2a5809f-bb4e-4218-b9c3-9b7e251edd8d/full/3500,/0/default.jpg",167,https://iiif-images.library.upenn.edu/iiif/3/a2a5809f-bb4e-4218-b9c3-9b7e251edd8d/info.json,"Anti-Semitic League|Buchanan, James|Gesenius, H.|Day of Atonement (painting)|Sunday Dispatch, The",294,https://digitalrepository.library.upenn.edu/iiif/2/items/dc71c7fc-63d6-40e0-908e-ba8930064eba/manifest,https://iiif-images.library.upenn.edu/iiif/2/a2a5809f-bb4e-4218-b9c3-9b7e251edd8d
obj281,Dr. Kohler's last Essay. Reviewed by S. Morais.,The Jewish Record,Philadelphia,4-Feb,4-Feb,,,"https://iiif-images.library.upenn.edu/iiif/2/a2a5809f-bb4e-4218-b9c3-9b7e251edd8d/full/!200,200/0/default.jpg","https://iiif-images.library.upenn.edu/iiif/2/a2a5809f-bb4e-4218-b9c3-9b7e251edd8d/full/3500,/0/default.jpg",167,https://iiif-images.library.upenn.edu/iiif/3/a2a5809f-bb4e-4218-b9c3-9b7e251edd8d/info.json,"Hebrew Review, The|Kohler, Kaufmann",295,https://digitalrepository.library.upenn.edu/iiif/2/items/dc71c7fc-63d6-40e0-908e-ba8930064eba/manifest,https://iiif-images.library.upenn.edu/iiif/2/a2a5809f-bb4e-4218-b9c3-9b7e251edd8d
obj282,Dr. Kohler's last Essay. Reviewed by S. Morais. II.,The Jewish Record,Philadelphia,11-Feb,11-Feb,,,"https://iiif-images.library.upenn.edu/iiif/2/f679a09c-4d36-4e24-b843-c2049a4817ef/full/!200,200/0/default.jpg","https://iiif-images.library.upenn.edu/iiif/2/f679a09c-4d36-4e24-b843-c2049a4817ef/full/3500,/0/default.jpg",168,https://iiif-images.library.upenn.edu/iiif/3/f679a09c-4d36-4e24-b843-c2049a4817ef/info.json,"Hebrew Review, The|Kohler, Kaufmann",296,https://digitalrepository.library.upenn.edu/iiif/2/items/dc71c7fc-63d6-40e0-908e-ba8930064eba/manifest,https://iiif-images.library.upenn.edu/iiif/2/f679a09c-4d36-4e24-b843-c2049a4817ef
obj283,Dr. Kohler's last Essay. Reviewed by S. Morais. III.,The Jewish Record,Philadelphia,18-Feb,18-Feb,,,"https://iiif-images.library.upenn.edu/iiif/2/f679a09c-4d36-4e24-b843-c2049a4817ef/full/!200,200/0/default.jpg","https://iiif-images.library.upenn.edu/iiif/2/f679a09c-4d36-4e24-b843-c2049a4817ef/full/3500,/0/default.jpg",168,https://iiif-images.library.upenn.edu/iiif/3/f679a09c-4d36-4e24-b843-c2049a4817ef/info.json,"Frankel, Zecheriah|Hebrew Review, The|Kohler, Kaufmann|Reform Judaism, (also ""Neology""/""Gentilism"")",297,https://digitalrepository.library.upenn.edu/iiif/2/items/dc71c7fc-63d6-40e0-908e-ba8930064eba/manifest,https://iiif-images.library.upenn.edu/iiif/2/f679a09c-4d36-4e24-b843-c2049a4817ef
obj284,Alliance Israelite Universelle.,The Jewish Record,Philadelphia,25-Feb,25-Feb,,,"https://iiif-images.library.upenn.edu/iiif/2/ca2f87fd-36c2-49bf-b97b-204848a78f77/full/!200,200/0/default.jpg","https://iiif-images.library.upenn.edu/iiif/2/ca2f87fd-36c2-49bf-b97b-204848a78f77/full/3500,/0/default.jpg",169,https://iiif-images.library.upenn.edu/iiif/3/ca2f87fd-36c2-49bf-b97b-204848a78f77/info.json,"Adler, Dr. Nathan M. (Chief Rabbi of Great Britain)|Alliance IsraA?lite Universelle|Mortara, Edgar|Young Men's Hebrew Association",298,https://digitalrepository.library.upenn.edu/iiif/2/items/dc71c7fc-63d6-40e0-908e-ba8930064eba/manifest,https://iiif-images.library.upenn.edu/iiif/2/ca2f87fd-36c2-49bf-b97b-204848a78f77
obj285,Dr Kohler's last Essay. Reviewed by S. Morais. IV.,The Jewish Record,Philadelphia,25-Feb,25-Feb,,,"https://iiif-images.library.upenn.edu/iiif/2/ca2f87fd-36c2-49bf-b97b-204848a78f77/full/!200,200/0/default.jpg","https://iiif-images.library.upenn.edu/iiif/2/ca2f87fd-36c2-49bf-b97b-204848a78f77/full/3500,/0/default.jpg",169,https://iiif-images.library.upenn.edu/iiif/3/ca2f87fd-36c2-49bf-b97b-204848a78f77/info.json,"Adler (of Chicago), L.a|Alliance IsraA?lite Universelle|Geiger, Abraham|Hebrew Review, The|Jost, Isaac M.|Kohler, Kaufmann",299,https://digitalrepository.library.upenn.edu/iiif/2/items/dc71c7fc-63d6-40e0-908e-ba8930064eba/manifest,https://iiif-images.library.upenn.edu/iiif/2/ca2f87fd-36c2-49bf-b97b-204848a78f77
obj286,Purim.,The Jewish Record,Philadelphia,11-Mar,11-Mar,,,"https://iiif-images.library.upenn.edu/iiif/2/ca2f87fd-36c2-49bf-b97b-204848a78f77/full/!200,200/0/default.jpg","https://iiif-images.library.upenn.edu/iiif/2/ca2f87fd-36c2-49bf-b97b-204848a78f77/full/3500,/0/default.jpg",169,https://iiif-images.library.upenn.edu/iiif/3/ca2f87fd-36c2-49bf-b97b-204848a78f77/info.json,Alliance IsraA?lite Universelle|Purim,300,https://digitalrepository.library.upenn.edu/iiif/2/items/dc71c7fc-63d6-40e0-908e-ba8930064eba/manifest,https://iiif-images.library.upenn.edu/iiif/2/ca2f87fd-36c2-49bf-b97b-204848a78f77
obj287,"Literary. Catalogo Ragionato degli Scritti Sparsi di S. D Luzzatto. Padua, 1881.",The Jewish Record,Philadelphia,8-Apr,8-Apr,,,"https://iiif-images.library.upenn.edu/iiif/2/5f0f759e-4920-4a60-bd62-bab73b35d49f/full/!200,200/0/default.jpg","https://iiif-images.library.upenn.edu/iiif/2/5f0f759e-4920-4a60-bd62-bab73b35d49f/full/3500,/0/default.jpg",170,https://iiif-images.library.upenn.edu/iiif/3/5f0f759e-4920-4a60-bd62-bab73b35d49f/info.json,"Cohn, Albert|Schmid, Anton|Tedeschi, Marco",301,https://digitalrepository.library.upenn.edu/iiif/2/items/dc71c7fc-63d6-40e0-908e-ba8930064eba/manifest,https://iiif-images.library.upenn.edu/iiif/2/5f0f759e-4920-4a60-bd62-bab73b35d49f
obj288,Literary. II Plutarco Israelito. Libro di Lettura Peiviovinetti Israeliti. Livorno 1881.,The Jewish Record,Philadelphia,6-May,6-May,,,"https://iiif-images.library.upenn.edu/iiif/2/8cd58339-ae6b-457b-b6a8-5373e5c7e724/full/!200,200/0/default.jpg","https://iiif-images.library.upenn.edu/iiif/2/8cd58339-ae6b-457b-b6a8-5373e5c7e724/full/3500,/0/default.jpg",171,https://iiif-images.library.upenn.edu/iiif/3/8cd58339-ae6b-457b-b6a8-5373e5c7e724/info.json,"Cohn, Albert|Graetz, Dr. Heinrich|Herzfeld|Jost, Isaac M.|Mendelssohn, Dorothea|Mendelssohn, Henrietta|Racah, Prof. Leon|Schlegel, Frederick|Spinoza, Benedict|Zunz, Leopold",302,https://digitalrepository.library.upenn.edu/iiif/2/items/dc71c7fc-63d6-40e0-908e-ba8930064eba/manifest,https://iiif-images.library.upenn.edu/iiif/2/8cd58339-ae6b-457b-b6a8-5373e5c7e724
obj289,Per La Pasqua.,The Jewish Record,Philadelphia,6-May,6-May,,,"https://iiif-images.library.upenn.edu/iiif/2/8cd58339-ae6b-457b-b6a8-5373e5c7e724/full/!200,200/0/default.jpg","https://iiif-images.library.upenn.edu/iiif/2/8cd58339-ae6b-457b-b6a8-5373e5c7e724/full/3500,/0/default.jpg",171,https://iiif-images.library.upenn.edu/iiif/3/8cd58339-ae6b-457b-b6a8-5373e5c7e724/info.json,"Mortara (Chief Rabbi of Mantua), Marco|Passover",303,https://digitalrepository.library.upenn.edu/iiif/2/items/dc71c7fc-63d6-40e0-908e-ba8930064eba/manifest,https://iiif-images.library.upenn.edu/iiif/2/8cd58339-ae6b-457b-b6a8-5373e5c7e724
obj290,Feast of Weeks.,The Jewish Record,Philadelphia,3-Jun,3-Jun,,,"https://iiif-images.library.upenn.edu/iiif/2/8cd58339-ae6b-457b-b6a8-5373e5c7e724/full/!200,200/0/default.jpg","https://iiif-images.library.upenn.edu/iiif/2/8cd58339-ae6b-457b-b6a8-5373e5c7e724/full/3500,/0/default.jpg",171,https://iiif-images.library.upenn.edu/iiif/3/8cd58339-ae6b-457b-b6a8-5373e5c7e724/info.json,Shavuot|Pentecost,304,https://digitalrepository.library.upenn.edu/iiif/2/items/dc71c7fc-63d6-40e0-908e-ba8930064eba/manifest,https://iiif-images.library.upenn.edu/iiif/2/8cd58339-ae6b-457b-b6a8-5373e5c7e724
obj291,Address by Rev. S. Morais.,The Jewish Record,,22-Jun,22-Jun,,,"https://iiif-images.library.upenn.edu/iiif/2/f0708909-e6aa-4b93-b4ea-31939d160139/full/!200,200/0/default.jpg","https://iiif-images.library.upenn.edu/iiif/2/f0708909-e6aa-4b93-b4ea-31939d160139/full/3500,/0/default.jpg",172,https://iiif-images.library.upenn.edu/iiif/3/f0708909-e6aa-4b93-b4ea-31939d160139/info.json,"Allen, Anna|Bomeisler, L.|Cherry Street|Female Benevolent Association|Florance, Hannah|Gratz, Rebecca|Hart, Louisa B.|Hart, Rebecca C.|Jewish Foster Home and Orphan Asylum, Philadelphia|Jewish Women|United Hebrew Charities",305,https://digitalrepository.library.upenn.edu/iiif/2/items/dc71c7fc-63d6-40e0-908e-ba8930064eba/manifest,https://iiif-images.library.upenn.edu/iiif/2/f0708909-e6aa-4b93-b4ea-31939d160139
obj292,"Literary. II Sommo Sacerdozio Appresso gli Antichi Ebrei Studio di Benedetto Leir, Ferrara, 1880.",The Jewish Record,Philadelphia,1-Jul,1-Jul,,,"https://iiif-images.library.upenn.edu/iiif/2/f0708909-e6aa-4b93-b4ea-31939d160139/full/!200,200/0/default.jpg","https://iiif-images.library.upenn.edu/iiif/2/f0708909-e6aa-4b93-b4ea-31939d160139/full/3500,/0/default.jpg",172,https://iiif-images.library.upenn.edu/iiif/3/f0708909-e6aa-4b93-b4ea-31939d160139/info.json,"Levi, Benedict (Chief Rabbi of Ferrar)|Pesaro, Abram|Servi, Rabbi F.|Vessillo Israelitico|High priesthood",306,https://digitalrepository.library.upenn.edu/iiif/2/items/dc71c7fc-63d6-40e0-908e-ba8930064eba/manifest,https://iiif-images.library.upenn.edu/iiif/2/f0708909-e6aa-4b93-b4ea-31939d160139
obj293,The Israelites Rabbi Morais and the President. Eloquent Tribute of Sympathy by Rabbi Morais.,The Sunday Dispatch,Philadelphia,10-Jul,10-Jul,,,"https://iiif-images.library.upenn.edu/iiif/2/f80db17d-4f85-434e-80e1-e3804eb26ba8/full/!200,200/0/default.jpg","https://iiif-images.library.upenn.edu/iiif/2/f80db17d-4f85-434e-80e1-e3804eb26ba8/full/3500,/0/default.jpg",173,https://iiif-images.library.upenn.edu/iiif/3/f80db17d-4f85-434e-80e1-e3804eb26ba8/info.json,"Garfield, James Abram|Sunday Dispatch, The",307,https://digitalrepository.library.upenn.edu/iiif/2/items/dc71c7fc-63d6-40e0-908e-ba8930064eba/manifest,https://iiif-images.library.upenn.edu/iiif/2/f80db17d-4f85-434e-80e1-e3804eb26ba8
obj294,The Fast of Ab.,The Jewish Record,Philadelphia,24-Jul,24-Jul,,,"https://iiif-images.library.upenn.edu/iiif/2/f80db17d-4f85-434e-80e1-e3804eb26ba8/full/!200,200/0/default.jpg","https://iiif-images.library.upenn.edu/iiif/2/f80db17d-4f85-434e-80e1-e3804eb26ba8/full/3500,/0/default.jpg",173,https://iiif-images.library.upenn.edu/iiif/3/f80db17d-4f85-434e-80e1-e3804eb26ba8/info.json,"Anti-Semitism|Ha-Maggid|L?Univers Isra?lite|Ninth of Ab|Wogue, Rabbi|Zionism",308,https://digitalrepository.library.upenn.edu/iiif/2/items/dc71c7fc-63d6-40e0-908e-ba8930064eba/manifest,https://iiif-images.library.upenn.edu/iiif/2/f80db17d-4f85-434e-80e1-e3804eb26ba8
obj295,[Letter to the] Editor Jewish Record: [...].,The Jewish Record,Philadelphia,19-Aug,19-Aug,,,"https://iiif-images.library.upenn.edu/iiif/2/10599950-9856-4fcc-be2c-f119ff2b1203/full/!200,200/0/default.jpg","https://iiif-images.library.upenn.edu/iiif/2/10599950-9856-4fcc-be2c-f119ff2b1203/full/3500,/0/default.jpg",174,https://iiif-images.library.upenn.edu/iiif/3/10599950-9856-4fcc-be2c-f119ff2b1203/info.json,"Bloch & Co., Messrs (Publishers)|Landsberg, Dr. Max (of Rochester, N. Y.)|Reform Judaism, (also ""Neology""/""Gentilism"")",309,https://digitalrepository.library.upenn.edu/iiif/2/items/dc71c7fc-63d6-40e0-908e-ba8930064eba/manifest,https://iiif-images.library.upenn.edu/iiif/2/10599950-9856-4fcc-be2c-f119ff2b1203
obj296,Prayers for Our Sick President. Synagogue Mickve Israel.,The Jewish Record,Philadelphia,26-Aug,26-Aug,,,"https://iiif-images.library.upenn.edu/iiif/2/10599950-9856-4fcc-be2c-f119ff2b1203/full/!200,200/0/default.jpg","https://iiif-images.library.upenn.edu/iiif/2/10599950-9856-4fcc-be2c-f119ff2b1203/full/3500,/0/default.jpg",174,https://iiif-images.library.upenn.edu/iiif/3/10599950-9856-4fcc-be2c-f119ff2b1203/info.json,Castner Old Rome and New Italy,310,https://digitalrepository.library.upenn.edu/iiif/2/items/dc71c7fc-63d6-40e0-908e-ba8930064eba/manifest,https://iiif-images.library.upenn.edu/iiif/2/10599950-9856-4fcc-be2c-f119ff2b1203
obj297,The Suspense of a Nation. A Thought and a Prayer.,The Sunday Dispatch,Philadelphia,4-Sep,4-Sep,,,"https://iiif-images.library.upenn.edu/iiif/2/17c234d6-d3c2-4777-87c8-dbef7d546b06/full/!200,200/0/default.jpg","https://iiif-images.library.upenn.edu/iiif/2/17c234d6-d3c2-4777-87c8-dbef7d546b06/full/3500,/0/default.jpg",175,https://iiif-images.library.upenn.edu/iiif/3/17c234d6-d3c2-4777-87c8-dbef7d546b06/info.json,"Garfield, James Abram|Sunday Dispatch, The",311,https://digitalrepository.library.upenn.edu/iiif/2/items/dc71c7fc-63d6-40e0-908e-ba8930064eba/manifest,https://iiif-images.library.upenn.edu/iiif/2/17c234d6-d3c2-4777-87c8-dbef7d546b06
obj298,Jewish. Services at the Seventh Street Synagogue - Remarks by Rabbi Morais.,The Philadelphia Inquirer,Philadelphia,7-Sep,7-Sep,,,"https://iiif-images.library.upenn.edu/iiif/2/17c234d6-d3c2-4777-87c8-dbef7d546b06/full/!200,200/0/default.jpg","https://iiif-images.library.upenn.edu/iiif/2/17c234d6-d3c2-4777-87c8-dbef7d546b06/full/3500,/0/default.jpg",175,https://iiif-images.library.upenn.edu/iiif/3/17c234d6-d3c2-4777-87c8-dbef7d546b06/info.json,"Garfield, James Abram",312,https://digitalrepository.library.upenn.edu/iiif/2/items/dc71c7fc-63d6-40e0-908e-ba8930064eba/manifest,https://iiif-images.library.upenn.edu/iiif/2/17c234d6-d3c2-4777-87c8-dbef7d546b06
obj299,Rosh Hashana ? 5642.,The Jewish Record,Philadelphia,23-Sep,23-Sep,,,"https://iiif-images.library.upenn.edu/iiif/2/17c234d6-d3c2-4777-87c8-dbef7d546b06/full/!200,200/0/default.jpg","https://iiif-images.library.upenn.edu/iiif/2/17c234d6-d3c2-4777-87c8-dbef7d546b06/full/3500,/0/default.jpg",175,https://iiif-images.library.upenn.edu/iiif/3/17c234d6-d3c2-4777-87c8-dbef7d546b06/info.json,"Pennsylvania, Governor of|Rosh Hashanah",313,https://digitalrepository.library.upenn.edu/iiif/2/items/dc71c7fc-63d6-40e0-908e-ba8930064eba/manifest,https://iiif-images.library.upenn.edu/iiif/2/17c234d6-d3c2-4777-87c8-dbef7d546b06
obj300,Kippur.,The Jewish Record,Philadelphia,30-Sep,30-Sep,,,"https://iiif-images.library.upenn.edu/iiif/2/825681e4-5e9e-40d6-89fa-eb5fdb577423/full/!200,200/0/default.jpg","https://iiif-images.library.upenn.edu/iiif/2/825681e4-5e9e-40d6-89fa-eb5fdb577423/full/3500,/0/default.jpg",176,https://iiif-images.library.upenn.edu/iiif/3/825681e4-5e9e-40d6-89fa-eb5fdb577423/info.json,Yom Kippur,314,https://digitalrepository.library.upenn.edu/iiif/2/items/dc71c7fc-63d6-40e0-908e-ba8930064eba/manifest,https://iiif-images.library.upenn.edu/iiif/2/825681e4-5e9e-40d6-89fa-eb5fdb577423
obj301,"The Jews, and the Year Just Closed. Sermon by Rev. S. Morais.",American Hebrew,New York,30-Sep,30-Sep,,,"https://iiif-images.library.upenn.edu/iiif/2/0d6fdd8a-e232-45ec-b682-740b09fbf4e4/full/!200,200/0/default.jpg","https://iiif-images.library.upenn.edu/iiif/2/0d6fdd8a-e232-45ec-b682-740b09fbf4e4/full/3500,/0/default.jpg",177,https://iiif-images.library.upenn.edu/iiif/3/0d6fdd8a-e232-45ec-b682-740b09fbf4e4/info.json,American Hebrew|Rosh Hashanah,315,https://digitalrepository.library.upenn.edu/iiif/2/items/dc71c7fc-63d6-40e0-908e-ba8930064eba/manifest,https://iiif-images.library.upenn.edu/iiif/2/0d6fdd8a-e232-45ec-b682-740b09fbf4e4
obj302,Succoth.,The Jewish Record,Philadelphia,7-Oct,7-Oct,,,"https://iiif-images.library.upenn.edu/iiif/2/e0bff8b8-1324-4129-ae94-9f23a3526a6f/full/!200,200/0/default.jpg","https://iiif-images.library.upenn.edu/iiif/2/e0bff8b8-1324-4129-ae94-9f23a3526a6f/full/3500,/0/default.jpg",178,https://iiif-images.library.upenn.edu/iiif/3/e0bff8b8-1324-4129-ae94-9f23a3526a6f/info.json,Succoth,316,https://digitalrepository.library.upenn.edu/iiif/2/items/dc71c7fc-63d6-40e0-908e-ba8930064eba/manifest,https://iiif-images.library.upenn.edu/iiif/2/e0bff8b8-1324-4129-ae94-9f23a3526a6f
obj303,Address Delivered the First Day of Rosh Hashanah by Rev. S. Morais.,[n.p.],[n.d.],,,,,"https://iiif-images.library.upenn.edu/iiif/2/e0bff8b8-1324-4129-ae94-9f23a3526a6f/full/!200,200/0/default.jpg","https://iiif-images.library.upenn.edu/iiif/2/e0bff8b8-1324-4129-ae94-9f23a3526a6f/full/3500,/0/default.jpg",178,https://iiif-images.library.upenn.edu/iiif/3/e0bff8b8-1324-4129-ae94-9f23a3526a6f/info.json,Anti-Semitism|Kiev|Rosh Hashanah,317,https://digitalrepository.library.upenn.edu/iiif/2/items/dc71c7fc-63d6-40e0-908e-ba8930064eba/manifest,https://iiif-images.library.upenn.edu/iiif/2/e0bff8b8-1324-4129-ae94-9f23a3526a6f
obj304,"Charity. A Sermon Delivered on the Eve of Kippur 5642, by Rev. S. Morais.",The Jewish Record,Philadelphia,14-Oct,14-Oct,,,"https://iiif-images.library.upenn.edu/iiif/2/b2ce4350-693a-4c0a-b57a-143598c96a6d/full/!200,200/0/default.jpg","https://iiif-images.library.upenn.edu/iiif/2/b2ce4350-693a-4c0a-b57a-143598c96a6d/full/3500,/0/default.jpg",179,https://iiif-images.library.upenn.edu/iiif/3/b2ce4350-693a-4c0a-b57a-143598c96a6d/info.json,"Alliance IsraA?lite Universelle|Charity|Elizabethgrad|Isaacs, S. Meyer Rev|United Hebrew Charities|Yom Kippur",318,https://digitalrepository.library.upenn.edu/iiif/2/items/dc71c7fc-63d6-40e0-908e-ba8930064eba/manifest,https://iiif-images.library.upenn.edu/iiif/2/b2ce4350-693a-4c0a-b57a-143598c96a6d
obj305,In Memoriam.,The Jewish Record,Philadelphia,14-Oct,14-Oct,,,"https://iiif-images.library.upenn.edu/iiif/2/b2ce4350-693a-4c0a-b57a-143598c96a6d/full/!200,200/0/default.jpg","https://iiif-images.library.upenn.edu/iiif/2/b2ce4350-693a-4c0a-b57a-143598c96a6d/full/3500,/0/default.jpg",179,https://iiif-images.library.upenn.edu/iiif/3/b2ce4350-693a-4c0a-b57a-143598c96a6d/info.json,"Mikveh Israel|Sulzberger, Leopold",319,https://digitalrepository.library.upenn.edu/iiif/2/items/dc71c7fc-63d6-40e0-908e-ba8930064eba/manifest,https://iiif-images.library.upenn.edu/iiif/2/b2ce4350-693a-4c0a-b57a-143598c96a6d
obj306,Lessons from a Jewish Life.,American Hebrew,New York,21-Oct,21-Oct,,,"https://iiif-images.library.upenn.edu/iiif/2/5aaa3694-de8a-43d4-813b-dbd06c56f2a5/full/!200,200/0/default.jpg","https://iiif-images.library.upenn.edu/iiif/2/5aaa3694-de8a-43d4-813b-dbd06c56f2a5/full/3500,/0/default.jpg",180,https://iiif-images.library.upenn.edu/iiif/3/5aaa3694-de8a-43d4-813b-dbd06c56f2a5/info.json,"American Hebrew|Sulzberger, Leopold",320,https://digitalrepository.library.upenn.edu/iiif/2/items/dc71c7fc-63d6-40e0-908e-ba8930064eba/manifest,https://iiif-images.library.upenn.edu/iiif/2/5aaa3694-de8a-43d4-813b-dbd06c56f2a5
obj307,"Philosophy and Philosophical Authors of the Jews. A Historical Sketch with Explanatory Notes by S. Munk. Translated by Dr. Isidor Kalisch. Cincinnati, Bloch & Co. 1881.",The Jewish Record,Philadelphia,2-Dec,2-Dec,,,"https://iiif-images.library.upenn.edu/iiif/2/4948262e-f5ef-4159-95b4-93dccdfb2ac4/full/!200,200/0/default.jpg","https://iiif-images.library.upenn.edu/iiif/2/4948262e-f5ef-4159-95b4-93dccdfb2ac4/full/3500,/0/default.jpg",181,https://iiif-images.library.upenn.edu/iiif/3/4948262e-f5ef-4159-95b4-93dccdfb2ac4/info.json,"Beer, Bernard|Kalisch, Dr. Isidor|Philosophy and Philosophical Authors of the Jews",321,https://digitalrepository.library.upenn.edu/iiif/2/items/dc71c7fc-63d6-40e0-908e-ba8930064eba/manifest,https://iiif-images.library.upenn.edu/iiif/2/4948262e-f5ef-4159-95b4-93dccdfb2ac4
obj308,"A Few Words About Hanuccah, and on the Public-spiritedness of Two Departed Philadelphians. An Address by Rev. S. Morais.",The Jewish Record,Philadelphia,23-Dec,23-Dec,,,"https://iiif-images.library.upenn.edu/iiif/2/4948262e-f5ef-4159-95b4-93dccdfb2ac4/full/!200,200/0/default.jpg","https://iiif-images.library.upenn.edu/iiif/2/4948262e-f5ef-4159-95b4-93dccdfb2ac4/full/3500,/0/default.jpg",181,https://iiif-images.library.upenn.edu/iiif/3/4948262e-f5ef-4159-95b4-93dccdfb2ac4/info.json,"Alliance IsraA?lite Universelle|Faustmann, Bernhardt H.|Hanuccah|Kaufmann, Jacob",322,https://digitalrepository.library.upenn.edu/iiif/2/items/dc71c7fc-63d6-40e0-908e-ba8930064eba/manifest,https://iiif-images.library.upenn.edu/iiif/2/4948262e-f5ef-4159-95b4-93dccdfb2ac4
obj309,1682-1882. Pennsylvania's Bi-Centenial Year. What William Penn did for Freedom and Humanity.,The Sunday Dispatch,Philadelphia,1-Jan,1-Jan,,,"https://iiif-images.library.upenn.edu/iiif/2/7f2b341f-292e-4e09-acdc-241bf22e7830/full/!200,200/0/default.jpg","https://iiif-images.library.upenn.edu/iiif/2/7f2b341f-292e-4e09-acdc-241bf22e7830/full/3500,/0/default.jpg",182,https://iiif-images.library.upenn.edu/iiif/3/7f2b341f-292e-4e09-acdc-241bf22e7830/info.json,"Fox, George|Macaulay, Thomas B.|Newman, Dr. J. P.|Penn, William|Bicentennial|Philadelphia|City of Homes|Quakers|Sunday Dispatch, The",323,https://digitalrepository.library.upenn.edu/iiif/2/items/dc71c7fc-63d6-40e0-908e-ba8930064eba/manifest,https://iiif-images.library.upenn.edu/iiif/2/7f2b341f-292e-4e09-acdc-241bf22e7830
obj310,Some Old Reminiscences.,The Jewish Messenger,New York,6-Jan,6-Jan,,,"https://iiif-images.library.upenn.edu/iiif/2/7f2b341f-292e-4e09-acdc-241bf22e7830/full/!200,200/0/default.jpg","https://iiif-images.library.upenn.edu/iiif/2/7f2b341f-292e-4e09-acdc-241bf22e7830/full/3500,/0/default.jpg",182,https://iiif-images.library.upenn.edu/iiif/3/7f2b341f-292e-4e09-acdc-241bf22e7830/info.json,"Blumenthal, Dr. Mark|Keneseth Israel|Deutsch, Dr.|Isaacs, S. Meyer Rev|Jewish Messenger|Leeser, Rev I.|Luzzatto, S.D. Prof.|Vidaver, Dr. Henry",324,https://digitalrepository.library.upenn.edu/iiif/2/items/dc71c7fc-63d6-40e0-908e-ba8930064eba/manifest,https://iiif-images.library.upenn.edu/iiif/2/7f2b341f-292e-4e09-acdc-241bf22e7830
obj311,Hoeel Moshe.,The Jewish Record,Philadelphia,3-Feb,3-Feb,,,"https://iiif-images.library.upenn.edu/iiif/2/16059a40-92a3-45b8-b3bd-cc19e61deef9/full/!200,200/0/default.jpg","https://iiif-images.library.upenn.edu/iiif/2/16059a40-92a3-45b8-b3bd-cc19e61deef9/full/3500,/0/default.jpg",183,https://iiif-images.library.upenn.edu/iiif/3/16059a40-92a3-45b8-b3bd-cc19e61deef9/info.json,"Luzzatto, S.D. Prof.|Padua rabbinical college|Tedeschi (of Trieste), Moses|Hoeel Moshe|Zelman, Samuel V.|Saggio del Rabbino Marco Mortara|Shir Yedidoth|Zaakath Sheber",325,https://digitalrepository.library.upenn.edu/iiif/2/items/dc71c7fc-63d6-40e0-908e-ba8930064eba/manifest,https://iiif-images.library.upenn.edu/iiif/2/16059a40-92a3-45b8-b3bd-cc19e61deef9
obj312,The Russian Refugees ? Their Brothers? Duty. An Address by Rev S. Morais.,The Jewish Record,Philadelphia,24-Feb,24-Feb,,,"https://iiif-images.library.upenn.edu/iiif/2/df75d28a-8009-42cf-ace5-8ce3994d58d2/full/!200,200/0/default.jpg","https://iiif-images.library.upenn.edu/iiif/2/df75d28a-8009-42cf-ace5-8ce3994d58d2/full/3500,/0/default.jpg",184,https://iiif-images.library.upenn.edu/iiif/3/df75d28a-8009-42cf-ace5-8ce3994d58d2/info.json,"Alliance IsraA?lite Universelle|Russian Jews|1881-1882, responses to",326,https://digitalrepository.library.upenn.edu/iiif/2/items/dc71c7fc-63d6-40e0-908e-ba8930064eba/manifest,https://iiif-images.library.upenn.edu/iiif/2/df75d28a-8009-42cf-ace5-8ce3994d58d2
obj313,Rev. Dr. Morais on Robertson Smith.,American Hebrew,New York,24-Feb,24-Feb,,,"https://iiif-images.library.upenn.edu/iiif/2/f48e5658-bb8e-4adc-b3bf-04b0e0c1d6e6/full/!200,200/0/default.jpg","https://iiif-images.library.upenn.edu/iiif/2/f48e5658-bb8e-4adc-b3bf-04b0e0c1d6e6/full/3500,/0/default.jpg",185,https://iiif-images.library.upenn.edu/iiif/3/f48e5658-bb8e-4adc-b3bf-04b0e0c1d6e6/info.json,"American Hebrew|Drexel, A. J.|Ewald, H.|Hitzig|Kuenen, Abraham|Smith, Willaim Robertson|Wellhausen, Julius|Young Men's Hebrew Association",327,https://digitalrepository.library.upenn.edu/iiif/2/items/dc71c7fc-63d6-40e0-908e-ba8930064eba/manifest,https://iiif-images.library.upenn.edu/iiif/2/f48e5658-bb8e-4adc-b3bf-04b0e0c1d6e6
obj314,Purim.,The Jewish Record,Philadelphia,3-Mar,3-Mar,,,"https://iiif-images.library.upenn.edu/iiif/2/dac2f868-327e-4776-ad76-cc5c6ef1009a/full/!200,200/0/default.jpg","https://iiif-images.library.upenn.edu/iiif/2/dac2f868-327e-4776-ad76-cc5c6ef1009a/full/3500,/0/default.jpg",186,https://iiif-images.library.upenn.edu/iiif/3/dac2f868-327e-4776-ad76-cc5c6ef1009a/info.json,"Purim|Russian Jews|1881-1882, responses to|Old Testament in the Jewish Church",328,https://digitalrepository.library.upenn.edu/iiif/2/items/dc71c7fc-63d6-40e0-908e-ba8930064eba/manifest,https://iiif-images.library.upenn.edu/iiif/2/dac2f868-327e-4776-ad76-cc5c6ef1009a
obj315,The Alliance Isrealilte?Its Claims on American Jews. An Address by the Rev. S. Morais.,The Jewish Record,Philadelphia,10-Mar,10-Mar,,,"https://iiif-images.library.upenn.edu/iiif/2/dac2f868-327e-4776-ad76-cc5c6ef1009a/full/!200,200/0/default.jpg","https://iiif-images.library.upenn.edu/iiif/2/dac2f868-327e-4776-ad76-cc5c6ef1009a/full/3500,/0/default.jpg",186,https://iiif-images.library.upenn.edu/iiif/3/dac2f868-327e-4776-ad76-cc5c6ef1009a/info.json,"Muhr, Simon",329,https://digitalrepository.library.upenn.edu/iiif/2/items/dc71c7fc-63d6-40e0-908e-ba8930064eba/manifest,https://iiif-images.library.upenn.edu/iiif/2/dac2f868-327e-4776-ad76-cc5c6ef1009a
obj316,Passover.,The Jewish Record,Philadelphia,31-Mar,31-Mar,,,"https://iiif-images.library.upenn.edu/iiif/2/da4f2b59-21fe-4a04-a1e6-8c179c0d628f/full/!200,200/0/default.jpg","https://iiif-images.library.upenn.edu/iiif/2/da4f2b59-21fe-4a04-a1e6-8c179c0d628f/full/3500,/0/default.jpg",187,https://iiif-images.library.upenn.edu/iiif/3/da4f2b59-21fe-4a04-a1e6-8c179c0d628f/info.json,Fornakari:|Passover|Ritual Murder Charge,330,https://digitalrepository.library.upenn.edu/iiif/2/items/dc71c7fc-63d6-40e0-908e-ba8930064eba/manifest,https://iiif-images.library.upenn.edu/iiif/2/da4f2b59-21fe-4a04-a1e6-8c179c0d628f
obj317,The Dietary Laws of the Pentateuch.,The Jewish Record,Philadelphia,21-Apr,21-Apr,,,"https://iiif-images.library.upenn.edu/iiif/2/da4f2b59-21fe-4a04-a1e6-8c179c0d628f/full/!200,200/0/default.jpg","https://iiif-images.library.upenn.edu/iiif/2/da4f2b59-21fe-4a04-a1e6-8c179c0d628f/full/3500,/0/default.jpg",187,https://iiif-images.library.upenn.edu/iiif/3/da4f2b59-21fe-4a04-a1e6-8c179c0d628f/info.json,Alexandria|Scribner's Magazine,331,https://digitalrepository.library.upenn.edu/iiif/2/items/dc71c7fc-63d6-40e0-908e-ba8930064eba/manifest,https://iiif-images.library.upenn.edu/iiif/2/da4f2b59-21fe-4a04-a1e6-8c179c0d628f
obj318,Judaism of America. An Address by Rev. S. Morais.,The Jewish Record,Philadelphia,5-May,5-May,,,"https://iiif-images.library.upenn.edu/iiif/2/1e0135db-1949-447c-838d-dbfeb4a6b8fc/full/!200,200/0/default.jpg","https://iiif-images.library.upenn.edu/iiif/2/1e0135db-1949-447c-838d-dbfeb4a6b8fc/full/3500,/0/default.jpg",188,https://iiif-images.library.upenn.edu/iiif/3/1e0135db-1949-447c-838d-dbfeb4a6b8fc/info.json,"Adler, Herman|Russian Jews",332,https://digitalrepository.library.upenn.edu/iiif/2/items/dc71c7fc-63d6-40e0-908e-ba8930064eba/manifest,https://iiif-images.library.upenn.edu/iiif/2/1e0135db-1949-447c-838d-dbfeb4a6b8fc
obj319,[Letter to the] Editor Jewish Record. [...].,The Jewish Record,Philadelphia,9-Jun,9-Jun,,,"https://iiif-images.library.upenn.edu/iiif/2/1e0135db-1949-447c-838d-dbfeb4a6b8fc/full/!200,200/0/default.jpg","https://iiif-images.library.upenn.edu/iiif/2/1e0135db-1949-447c-838d-dbfeb4a6b8fc/full/3500,/0/default.jpg",188,https://iiif-images.library.upenn.edu/iiif/3/1e0135db-1949-447c-838d-dbfeb4a6b8fc/info.json,"Graeber, Eisig (of Przemysl)|Luzzatto, S.D. Prof.",333,https://digitalrepository.library.upenn.edu/iiif/2/items/dc71c7fc-63d6-40e0-908e-ba8930064eba/manifest,https://iiif-images.library.upenn.edu/iiif/2/1e0135db-1949-447c-838d-dbfeb4a6b8fc
obj320,The Vineland Russian Colony.,The Jewish Record,Philadelphia,14-Jul,14-Jul,,,"https://iiif-images.library.upenn.edu/iiif/2/412496fd-19be-4f1d-92aa-6f881aabb0bb/full/!200,200/0/default.jpg","https://iiif-images.library.upenn.edu/iiif/2/412496fd-19be-4f1d-92aa-6f881aabb0bb/full/3500,/0/default.jpg",189,https://iiif-images.library.upenn.edu/iiif/3/412496fd-19be-4f1d-92aa-6f881aabb0bb/info.json,"Emigrant Aid Society of New York|Sternberg, Mr.|Vineland Colony, N.J.",334,https://digitalrepository.library.upenn.edu/iiif/2/items/dc71c7fc-63d6-40e0-908e-ba8930064eba/manifest,https://iiif-images.library.upenn.edu/iiif/2/412496fd-19be-4f1d-92aa-6f881aabb0bb
obj321,The Fast of Ab.,The Jewish Record,Philadelphia,26-Jul,26-Jul,,,"https://iiif-images.library.upenn.edu/iiif/2/412496fd-19be-4f1d-92aa-6f881aabb0bb/full/!200,200/0/default.jpg","https://iiif-images.library.upenn.edu/iiif/2/412496fd-19be-4f1d-92aa-6f881aabb0bb/full/3500,/0/default.jpg",189,https://iiif-images.library.upenn.edu/iiif/3/412496fd-19be-4f1d-92aa-6f881aabb0bb/info.json,"Ignatieff, Count Nikolai Pavlovich|Ninth of Ab",335,https://digitalrepository.library.upenn.edu/iiif/2/items/dc71c7fc-63d6-40e0-908e-ba8930064eba/manifest,https://iiif-images.library.upenn.edu/iiif/2/412496fd-19be-4f1d-92aa-6f881aabb0bb
obj322,A Christian Hebrew Scholar.,The Jewish Record,Philadelphia,11-Aug,11-Aug,,,"https://iiif-images.library.upenn.edu/iiif/2/d6bb60ce-667d-4a87-ac7d-3da59da5058c/full/!200,200/0/default.jpg","https://iiif-images.library.upenn.edu/iiif/2/d6bb60ce-667d-4a87-ac7d-3da59da5058c/full/3500,/0/default.jpg",190,https://iiif-images.library.upenn.edu/iiif/3/d6bb60ce-667d-4a87-ac7d-3da59da5058c/info.json,"Antologica Israelitica (of Corfu)|Ascoli, Graziadio|Benedetti, Salvatore de|Congress of Orientalists, Florence|Oppert, Jules|Perreau, Pietro|Weil, Gustav",336,https://digitalrepository.library.upenn.edu/iiif/2/items/dc71c7fc-63d6-40e0-908e-ba8930064eba/manifest,https://iiif-images.library.upenn.edu/iiif/2/d6bb60ce-667d-4a87-ac7d-3da59da5058c
obj323,"Literary. S. D. Luzzatto's Hebraische Briefe, gesammelt von seinem Sohne Dr. Isais Luzzatto, Herausgeber Eisig Graeber, Przemysl 5642-1882. Druck von Zupnik und Knoller, Przemysl.",The Jewish Record,Philadelphia,1-Sep,1-Sep,,,"https://iiif-images.library.upenn.edu/iiif/2/407f1061-bfed-4273-a54f-2a9284f422ae/full/!200,200/0/default.jpg","https://iiif-images.library.upenn.edu/iiif/2/407f1061-bfed-4273-a54f-2a9284f422ae/full/3500,/0/default.jpg",191,https://iiif-images.library.upenn.edu/iiif/3/407f1061-bfed-4273-a54f-2a9284f422ae/info.json,"Graeber, Eisig (of Przemysl)|Luzzatto, S.D. Prof.",337,https://digitalrepository.library.upenn.edu/iiif/2/items/dc71c7fc-63d6-40e0-908e-ba8930064eba/manifest,https://iiif-images.library.upenn.edu/iiif/2/407f1061-bfed-4273-a54f-2a9284f422ae
obj324,Rosh Hashana. 5643.,The Jewish Record,Philadelphia,15-Sep,15-Sep,,,"https://iiif-images.library.upenn.edu/iiif/2/407f1061-bfed-4273-a54f-2a9284f422ae/full/!200,200/0/default.jpg","https://iiif-images.library.upenn.edu/iiif/2/407f1061-bfed-4273-a54f-2a9284f422ae/full/3500,/0/default.jpg",191,https://iiif-images.library.upenn.edu/iiif/3/407f1061-bfed-4273-a54f-2a9284f422ae/info.json,Hebrew Emigrant Society|Rosh Hashanah,338,https://digitalrepository.library.upenn.edu/iiif/2/items/dc71c7fc-63d6-40e0-908e-ba8930064eba/manifest,https://iiif-images.library.upenn.edu/iiif/2/407f1061-bfed-4273-a54f-2a9284f422ae
obj325,"Literary. Jerusalem. Year-Book. for the Diffusion of an Accurate Knowledge of Ancient and Modern Palestine, edited by A. M. Lunez and others, under the supervision of P. Smolensky. Vol. 1. Vienna, George Broeg, 1882.",The Jewish Record,Philadelphia,5-Sep,5-Sep,,,"https://iiif-images.library.upenn.edu/iiif/2/407f1061-bfed-4273-a54f-2a9284f422ae/full/!200,200/0/default.jpg","https://iiif-images.library.upenn.edu/iiif/2/407f1061-bfed-4273-a54f-2a9284f422ae/full/3500,/0/default.jpg",191,https://iiif-images.library.upenn.edu/iiif/3/407f1061-bfed-4273-a54f-2a9284f422ae/info.json,"Berliner, Dr. A.|Year Book for the Diffusion of an Accurate Knowledge of ancient and Modern Palestine",339,https://digitalrepository.library.upenn.edu/iiif/2/items/dc71c7fc-63d6-40e0-908e-ba8930064eba/manifest,https://iiif-images.library.upenn.edu/iiif/2/407f1061-bfed-4273-a54f-2a9284f422ae
obj326,Kippur.,The Jewish Record,Philadelphia,22-Sep,22-Sep,,,"https://iiif-images.library.upenn.edu/iiif/2/4a796b11-3dda-4d70-a1ed-2257c09bd023/full/!200,200/0/default.jpg","https://iiif-images.library.upenn.edu/iiif/2/4a796b11-3dda-4d70-a1ed-2257c09bd023/full/3500,/0/default.jpg",192,https://iiif-images.library.upenn.edu/iiif/3/4a796b11-3dda-4d70-a1ed-2257c09bd023/info.json,Yom Kippur,340,https://digitalrepository.library.upenn.edu/iiif/2/items/dc71c7fc-63d6-40e0-908e-ba8930064eba/manifest,https://iiif-images.library.upenn.edu/iiif/2/4a796b11-3dda-4d70-a1ed-2257c09bd023
obj327,Succoth.,The Jewish Record,Philadelphia,29-Sep,29-Sep,,,"https://iiif-images.library.upenn.edu/iiif/2/4a796b11-3dda-4d70-a1ed-2257c09bd023/full/!200,200/0/default.jpg","https://iiif-images.library.upenn.edu/iiif/2/4a796b11-3dda-4d70-a1ed-2257c09bd023/full/3500,/0/default.jpg",192,https://iiif-images.library.upenn.edu/iiif/3/4a796b11-3dda-4d70-a1ed-2257c09bd023/info.json,Succoth,341,https://digitalrepository.library.upenn.edu/iiif/2/items/dc71c7fc-63d6-40e0-908e-ba8930064eba/manifest,https://iiif-images.library.upenn.edu/iiif/2/4a796b11-3dda-4d70-a1ed-2257c09bd023
obj328,Death of an Eminent Israelite.,The Jewish Record,Philadelphia,20-Oct,20-Oct,,,"https://iiif-images.library.upenn.edu/iiif/2/16fb825b-23bd-42e4-b926-afb889ea6172/full/!200,200/0/default.jpg","https://iiif-images.library.upenn.edu/iiif/2/16fb825b-23bd-42e4-b926-afb889ea6172/full/3500,/0/default.jpg",193,https://iiif-images.library.upenn.edu/iiif/3/16fb825b-23bd-42e4-b926-afb889ea6172/info.json,"Ferarra|Pesaro, Abram|Vessillo Israelitico",342,https://digitalrepository.library.upenn.edu/iiif/2/items/dc71c7fc-63d6-40e0-908e-ba8930064eba/manifest,https://iiif-images.library.upenn.edu/iiif/2/16fb825b-23bd-42e4-b926-afb889ea6172
obj329,Care in the Choice of Teachers. An Address. By Rev. S. Morais.,The Jewish Record,Philadelphia,20-Oct,20-Oct,,,"https://iiif-images.library.upenn.edu/iiif/2/16fb825b-23bd-42e4-b926-afb889ea6172/full/!200,200/0/default.jpg","https://iiif-images.library.upenn.edu/iiif/2/16fb825b-23bd-42e4-b926-afb889ea6172/full/3500,/0/default.jpg",193,https://iiif-images.library.upenn.edu/iiif/3/16fb825b-23bd-42e4-b926-afb889ea6172/info.json,"Rothschild, Bertha (a.k.a. Maria) de|Rothschild, Charles de",343,https://digitalrepository.library.upenn.edu/iiif/2/items/dc71c7fc-63d6-40e0-908e-ba8930064eba/manifest,https://iiif-images.library.upenn.edu/iiif/2/16fb825b-23bd-42e4-b926-afb889ea6172
obj330,The Israelites and the Bi-Centennial. Eloquent Sermon on William Penn and his Work.,The Sunday Dispatch,Philadelphia,22-Oct,22-Oct,,,"https://iiif-images.library.upenn.edu/iiif/2/8b88e482-1887-44bb-aa2a-424ab890f45c/full/!200,200/0/default.jpg","https://iiif-images.library.upenn.edu/iiif/2/8b88e482-1887-44bb-aa2a-424ab890f45c/full/3500,/0/default.jpg",194,https://iiif-images.library.upenn.edu/iiif/3/8b88e482-1887-44bb-aa2a-424ab890f45c/info.json,"Macaulay, Thomas B.|Penn, William|Bicentennial|Sunday Dispatch, The",344,https://digitalrepository.library.upenn.edu/iiif/2/items/dc71c7fc-63d6-40e0-908e-ba8930064eba/manifest,https://iiif-images.library.upenn.edu/iiif/2/8b88e482-1887-44bb-aa2a-424ab890f45c
obj331,The Press and the Hebrews.,The Jewish Record,Philadelphia,17-Nov,17-Nov,,,"https://iiif-images.library.upenn.edu/iiif/2/8b88e482-1887-44bb-aa2a-424ab890f45c/full/!200,200/0/default.jpg","https://iiif-images.library.upenn.edu/iiif/2/8b88e482-1887-44bb-aa2a-424ab890f45c/full/3500,/0/default.jpg",194,https://iiif-images.library.upenn.edu/iiif/3/8b88e482-1887-44bb-aa2a-424ab890f45c/info.json,"Bancroft, George|Press, The",345,https://digitalrepository.library.upenn.edu/iiif/2/items/dc71c7fc-63d6-40e0-908e-ba8930064eba/manifest,https://iiif-images.library.upenn.edu/iiif/2/8b88e482-1887-44bb-aa2a-424ab890f45c
obj332,In the Synagogue. Rev. S. Morais? Discourse Before the Congregation of Mickve Israel.,The Philadelphia Inquirer,Philadelphia,1-Dec,1-Dec,,,"https://iiif-images.library.upenn.edu/iiif/2/4f0f093f-3428-4b8e-9826-57e707736539/full/!200,200/0/default.jpg","https://iiif-images.library.upenn.edu/iiif/2/4f0f093f-3428-4b8e-9826-57e707736539/full/3500,/0/default.jpg",195,https://iiif-images.library.upenn.edu/iiif/3/4f0f093f-3428-4b8e-9826-57e707736539/info.json,Thanksgiving,346,https://digitalrepository.library.upenn.edu/iiif/2/items/dc71c7fc-63d6-40e0-908e-ba8930064eba/manifest,https://iiif-images.library.upenn.edu/iiif/2/4f0f093f-3428-4b8e-9826-57e707736539
obj333,Industrial Education. By Rev. S. Morais.,American Hebrew,New York,1-Dec,1-Dec,,,"https://iiif-images.library.upenn.edu/iiif/2/4f0f093f-3428-4b8e-9826-57e707736539/full/!200,200/0/default.jpg","https://iiif-images.library.upenn.edu/iiif/2/4f0f093f-3428-4b8e-9826-57e707736539/full/3500,/0/default.jpg",195,https://iiif-images.library.upenn.edu/iiif/3/4f0f093f-3428-4b8e-9826-57e707736539/info.json,"American Hebrew|Industrial Education|Jewish Foster Home and Orphan Asylum, Philadelphia",347,https://digitalrepository.library.upenn.edu/iiif/2/items/dc71c7fc-63d6-40e0-908e-ba8930064eba/manifest,https://iiif-images.library.upenn.edu/iiif/2/4f0f093f-3428-4b8e-9826-57e707736539
obj334,Jewish Weddings [Communication] Mr. Editor: [...].,The Jewish Record,Philadelphia,19-Jan,19-Jan,,,"https://iiif-images.library.upenn.edu/iiif/2/414d7803-ff9d-49d8-9680-4924bfc27201/full/!200,200/0/default.jpg","https://iiif-images.library.upenn.edu/iiif/2/414d7803-ff9d-49d8-9680-4924bfc27201/full/3500,/0/default.jpg",196,https://iiif-images.library.upenn.edu/iiif/3/414d7803-ff9d-49d8-9680-4924bfc27201/info.json,Antologica Israelitica (of Corfu)|Ha-Oheb|L?Univers Isra?lite|Vessillo Israelitico,348,https://digitalrepository.library.upenn.edu/iiif/2/items/dc71c7fc-63d6-40e0-908e-ba8930064eba/manifest,https://iiif-images.library.upenn.edu/iiif/2/414d7803-ff9d-49d8-9680-4924bfc27201
obj335,The Restoration. By S. Morais.,The Jewish Record,Philadelphia,16-Feb,16-Feb,,,"https://iiif-images.library.upenn.edu/iiif/2/414d7803-ff9d-49d8-9680-4924bfc27201/full/!200,200/0/default.jpg","https://iiif-images.library.upenn.edu/iiif/2/414d7803-ff9d-49d8-9680-4924bfc27201/full/3500,/0/default.jpg",196,https://iiif-images.library.upenn.edu/iiif/3/414d7803-ff9d-49d8-9680-4924bfc27201/info.json,"Alliance IsraA?lite Universelle|Lazarus, Emma|The Jewish Problem",349,https://digitalrepository.library.upenn.edu/iiif/2/items/dc71c7fc-63d6-40e0-908e-ba8930064eba/manifest,https://iiif-images.library.upenn.edu/iiif/2/414d7803-ff9d-49d8-9680-4924bfc27201
obj336,Spinoza. [Letter] To the American Hebrew.,The American Hebrew,New York,23-Feb,23-Feb,,,"https://iiif-images.library.upenn.edu/iiif/2/9797e91d-d7cd-4853-bfe7-5a9ee2736462/full/!200,200/0/default.jpg","https://iiif-images.library.upenn.edu/iiif/2/9797e91d-d7cd-4853-bfe7-5a9ee2736462/full/3500,/0/default.jpg",197,https://iiif-images.library.upenn.edu/iiif/3/9797e91d-d7cd-4853-bfe7-5a9ee2736462/info.json,"American Hebrew|Luzzatto, S.D. Prof.|Spinoza, Benedict",350,https://digitalrepository.library.upenn.edu/iiif/2/items/dc71c7fc-63d6-40e0-908e-ba8930064eba/manifest,https://iiif-images.library.upenn.edu/iiif/2/9797e91d-d7cd-4853-bfe7-5a9ee2736462
obj337,Spinoza and Spinozism. [Letter] To the American Hebrew.,American Hebrew,Philadelphia,9-Mar,9-Mar,,,"https://iiif-images.library.upenn.edu/iiif/2/7b13f75c-d481-4733-a9ed-55f3dc82fbbb/full/!200,200/0/default.jpg","https://iiif-images.library.upenn.edu/iiif/2/7b13f75c-d481-4733-a9ed-55f3dc82fbbb/full/3500,/0/default.jpg",198,https://iiif-images.library.upenn.edu/iiif/3/7b13f75c-d481-4733-a9ed-55f3dc82fbbb/info.json,"American Hebrew|Mendelssohn, Moses|Sonnenschein (of Temple Israel, St. Louis), S. H.|Spinoza, Benedict|Spinozism|Stewart, Dugald|Torre (of Luneo), Lelllio Della|Biography of Mendelsohn",351,https://digitalrepository.library.upenn.edu/iiif/2/items/dc71c7fc-63d6-40e0-908e-ba8930064eba/manifest,https://iiif-images.library.upenn.edu/iiif/2/7b13f75c-d481-4733-a9ed-55f3dc82fbbb
obj338,Purim and the Alliance.,The Jewish Record,Philadelphia,23-Mar,23-Mar,,,"https://iiif-images.library.upenn.edu/iiif/2/47ca0df7-7175-47c1-9edb-40543f1fabca/full/!200,200/0/default.jpg","https://iiif-images.library.upenn.edu/iiif/2/47ca0df7-7175-47c1-9edb-40543f1fabca/full/3500,/0/default.jpg",199,https://iiif-images.library.upenn.edu/iiif/3/47ca0df7-7175-47c1-9edb-40543f1fabca/info.json,Alliance IsraA?lite Universelle,352,https://digitalrepository.library.upenn.edu/iiif/2/items/dc71c7fc-63d6-40e0-908e-ba8930064eba/manifest,https://iiif-images.library.upenn.edu/iiif/2/47ca0df7-7175-47c1-9edb-40543f1fabca
obj339,Spinozism,[Letter to the] Editor Jewish Tribune. [...].,St. Louis,30-Mar,30-Mar,,,"https://iiif-images.library.upenn.edu/iiif/2/47ca0df7-7175-47c1-9edb-40543f1fabca/full/!200,200/0/default.jpg","https://iiif-images.library.upenn.edu/iiif/2/47ca0df7-7175-47c1-9edb-40543f1fabca/full/3500,/0/default.jpg",199,https://iiif-images.library.upenn.edu/iiif/3/47ca0df7-7175-47c1-9edb-40543f1fabca/info.json,"Herder, J. G.|Lessing|Mendelssohn, Moses|Muhr, Simon|Spinozism",353,https://digitalrepository.library.upenn.edu/iiif/2/items/dc71c7fc-63d6-40e0-908e-ba8930064eba/manifest,https://iiif-images.library.upenn.edu/iiif/2/47ca0df7-7175-47c1-9edb-40543f1fabca
obj340,A Summary of the Centenary History of the Mikveh Israel Congregation. By Rev. S. Morais.,The Jewish Record,Philadelphia,30-Mar,30-Mar,,,"https://iiif-images.library.upenn.edu/iiif/2/6b8ac8b2-385f-4122-9f4b-b1c6cd06e423/full/!200,200/0/default.jpg","https://iiif-images.library.upenn.edu/iiif/2/6b8ac8b2-385f-4122-9f4b-b1c6cd06e423/full/3500,/0/default.jpg",200,https://iiif-images.library.upenn.edu/iiif/3/6b8ac8b2-385f-4122-9f4b-b1c6cd06e423/info.json,"Ben Sangadun, Jacob|Carvalho, Emanuel Nunes|Cohen, Abraham Hyman|Cohen, Hartwig|Cohen, Jacob Raphael|Cohens|Gratz family|Keys, Abraham Israel|Leeser, Rev I.|Maraches, The|Markses, The|Mikveh Israel|Peixotto, Rev. Moses Levy Maduro|Philipses, The|Sangadun, Jacob ben|Seixas, Gershom Mendes",354,https://digitalrepository.library.upenn.edu/iiif/2/items/dc71c7fc-63d6-40e0-908e-ba8930064eba/manifest,https://iiif-images.library.upenn.edu/iiif/2/6b8ac8b2-385f-4122-9f4b-b1c6cd06e423
obj341,"In What Jews, Judaism Glories. A Passover Sermon.",The Jewish Record,Philadelphia,27-Apr,27-Apr,,,"https://iiif-images.library.upenn.edu/iiif/2/c9f4099c-c7ed-43bf-aa88-f71e884fd901/full/!200,200/0/default.jpg","https://iiif-images.library.upenn.edu/iiif/2/c9f4099c-c7ed-43bf-aa88-f71e884fd901/full/3500,/0/default.jpg",201,https://iiif-images.library.upenn.edu/iiif/3/c9f4099c-c7ed-43bf-aa88-f71e884fd901/info.json,"Jessel, George|Levy, Nathan",355,https://digitalrepository.library.upenn.edu/iiif/2/items/dc71c7fc-63d6-40e0-908e-ba8930064eba/manifest,https://iiif-images.library.upenn.edu/iiif/2/c9f4099c-c7ed-43bf-aa88-f71e884fd901
obj342,Officiating at Mixed Marriages [Letter to the] Editor Jewish Record: [...].,The Jewish Record,Philadelphia,22-Jun,22-Jun,,,"https://iiif-images.library.upenn.edu/iiif/2/d86e1dc3-1252-4892-b4c4-cdc31e0bf2d9/full/!200,200/0/default.jpg","https://iiif-images.library.upenn.edu/iiif/2/d86e1dc3-1252-4892-b4c4-cdc31e0bf2d9/full/3500,/0/default.jpg",202,https://iiif-images.library.upenn.edu/iiif/3/d86e1dc3-1252-4892-b4c4-cdc31e0bf2d9/info.json,"Bonaparte, Napoleon|Hirsch, Samuel",356,https://digitalrepository.library.upenn.edu/iiif/2/items/dc71c7fc-63d6-40e0-908e-ba8930064eba/manifest,https://iiif-images.library.upenn.edu/iiif/2/d86e1dc3-1252-4892-b4c4-cdc31e0bf2d9
obj343,Judaism in Jeopardy. A Shabuoth Sermon By The Rev. S. Morais.,The Jewish Record,Philadelphia,22-Jun,22-Jun,,,"https://iiif-images.library.upenn.edu/iiif/2/d86e1dc3-1252-4892-b4c4-cdc31e0bf2d9/full/!200,200/0/default.jpg","https://iiif-images.library.upenn.edu/iiif/2/d86e1dc3-1252-4892-b4c4-cdc31e0bf2d9/full/3500,/0/default.jpg",202,https://iiif-images.library.upenn.edu/iiif/3/d86e1dc3-1252-4892-b4c4-cdc31e0bf2d9/info.json,Pentecost,357,https://digitalrepository.library.upenn.edu/iiif/2/items/dc71c7fc-63d6-40e0-908e-ba8930064eba/manifest,https://iiif-images.library.upenn.edu/iiif/2/d86e1dc3-1252-4892-b4c4-cdc31e0bf2d9
obj344,Officiating at Mixed Marriages. [Letter to the] Editor Jewish Record.,The Jewish Record,Philadelphia,9-Jul,9-Jul,,,"https://iiif-images.library.upenn.edu/iiif/2/5a9c77d7-6e32-446b-88b6-5669bb38aa53/full/!200,200/0/default.jpg","https://iiif-images.library.upenn.edu/iiif/2/5a9c77d7-6e32-446b-88b6-5669bb38aa53/full/3500,/0/default.jpg",203,https://iiif-images.library.upenn.edu/iiif/3/5a9c77d7-6e32-446b-88b6-5669bb38aa53/info.json,"Hirsch, Samuel",358,https://digitalrepository.library.upenn.edu/iiif/2/items/dc71c7fc-63d6-40e0-908e-ba8930064eba/manifest,https://iiif-images.library.upenn.edu/iiif/2/5a9c77d7-6e32-446b-88b6-5669bb38aa53
obj345,"Abraham Benedict Piperno; His Life, Times and Writings, by Raphael E. H. Ascoli. Translated from the French by S. Morais. Preface by the Translator.",The Jewish Record,Philadelphia,6-Jul,6-Jul,,,"https://iiif-images.library.upenn.edu/iiif/2/dfd8ff4c-014a-4b09-845e-935b76173c20/full/!200,200/0/default.jpg","https://iiif-images.library.upenn.edu/iiif/2/dfd8ff4c-014a-4b09-845e-935b76173c20/full/3500,/0/default.jpg",204,https://iiif-images.library.upenn.edu/iiif/3/dfd8ff4c-014a-4b09-845e-935b76173c20/info.json,"American Jewish Advocate|Ascoli, Raphael|Leeser, Rev I.|Luzzatto, S.D. Prof.|Occident, The",359,https://digitalrepository.library.upenn.edu/iiif/2/items/dc71c7fc-63d6-40e0-908e-ba8930064eba/manifest,https://iiif-images.library.upenn.edu/iiif/2/dfd8ff4c-014a-4b09-845e-935b76173c20
obj346,"Abraham Benedict Piperno; His Life, Times and Writings, by Raphael E. H. Ascoli. Translated from the French by S. Morais. (Continued).",The Jewish Record,Philadelphia,13-Jul,13-Jul,,,"https://iiif-images.library.upenn.edu/iiif/2/1e944744-9937-4d21-b853-3a6bae32e5b3/full/!200,200/0/default.jpg","https://iiif-images.library.upenn.edu/iiif/2/1e944744-9937-4d21-b853-3a6bae32e5b3/full/3500,/0/default.jpg",205,https://iiif-images.library.upenn.edu/iiif/3/1e944744-9937-4d21-b853-3a6bae32e5b3/info.json,"Aguilar, Emanuel: The Ancient Melodies of the Spanish and Portuguese Jews|Leghorn, Chief Rabbi of|Luzzatto, Moses Hayyim|Modigiliani, Dr. Angelo|Piperno, Abraham Benedict|Sola, Rev. David Aaron de",360,https://digitalrepository.library.upenn.edu/iiif/2/items/dc71c7fc-63d6-40e0-908e-ba8930064eba/manifest,https://iiif-images.library.upenn.edu/iiif/2/1e944744-9937-4d21-b853-3a6bae32e5b3
obj347,"Abraham Benedict Piperno; His Life, Times and Writings, by Raphael E. H. Ascoli. Translated from the French by S. Morais. (Continued).",The Jewish Record,Philadelphia,20-Jul,20-Jul,,,"https://iiif-images.library.upenn.edu/iiif/2/2f58bec6-350e-4f87-8aec-8ad44ab63458/full/!200,200/0/default.jpg","https://iiif-images.library.upenn.edu/iiif/2/2f58bec6-350e-4f87-8aec-8ad44ab63458/full/3500,/0/default.jpg",206,https://iiif-images.library.upenn.edu/iiif/3/2f58bec6-350e-4f87-8aec-8ad44ab63458/info.json,"Castellar: Castelli, David|Lampronti, Isaac|Leghorn|Mekizei Nirdamim|Piperno, Abraham Benedict|Zechor Le Avraham",361,https://digitalrepository.library.upenn.edu/iiif/2/items/dc71c7fc-63d6-40e0-908e-ba8930064eba/manifest,https://iiif-images.library.upenn.edu/iiif/2/2f58bec6-350e-4f87-8aec-8ad44ab63458
obj348,"Literary. Abbreviations and 'siglia?, with their explanations, by Peter Perreau. Parma, 1883.",The Jewish Record,Philadelphia,July [20],July [20],,,"https://iiif-images.library.upenn.edu/iiif/2/20d5d238-c1a2-4c9b-afb8-ca52a7d29e6c/full/!200,200/0/default.jpg","https://iiif-images.library.upenn.edu/iiif/2/20d5d238-c1a2-4c9b-afb8-ca52a7d29e6c/full/3500,/0/default.jpg",207,https://iiif-images.library.upenn.edu/iiif/3/20d5d238-c1a2-4c9b-afb8-ca52a7d29e6c/info.json,"Pachad Yitschak|Perreau, Pietro",362,https://digitalrepository.library.upenn.edu/iiif/2/items/dc71c7fc-63d6-40e0-908e-ba8930064eba/manifest,https://iiif-images.library.upenn.edu/iiif/2/20d5d238-c1a2-4c9b-afb8-ca52a7d29e6c
obj349,The Trefa Jewish Banquet. [Letter] To the American Hebrew.,American Hebrew,New York,20-Jul,20-Jul,,,"https://iiif-images.library.upenn.edu/iiif/2/20d5d238-c1a2-4c9b-afb8-ca52a7d29e6c/full/!200,200/0/default.jpg","https://iiif-images.library.upenn.edu/iiif/2/20d5d238-c1a2-4c9b-afb8-ca52a7d29e6c/full/3500,/0/default.jpg",207,https://iiif-images.library.upenn.edu/iiif/3/20d5d238-c1a2-4c9b-afb8-ca52a7d29e6c/info.json,American Hebrew|Hebrew Union College (Cincinnati),363,https://digitalrepository.library.upenn.edu/iiif/2/items/dc71c7fc-63d6-40e0-908e-ba8930064eba/manifest,https://iiif-images.library.upenn.edu/iiif/2/20d5d238-c1a2-4c9b-afb8-ca52a7d29e6c
obj350,"Abraham Benedict Piperno; His Life, Times and Writings, by Raphael E. H. Ascoli. Translated from the French by S. Morais. [...].",The Jewish Record,Philadelphia,27-Jul,27-Jul,,,"https://iiif-images.library.upenn.edu/iiif/2/b6b63a83-2d52-44e5-8336-0a764ff53d4c/full/!200,200/0/default.jpg","https://iiif-images.library.upenn.edu/iiif/2/b6b63a83-2d52-44e5-8336-0a764ff53d4c/full/3500,/0/default.jpg",208,https://iiif-images.library.upenn.edu/iiif/3/b6b63a83-2d52-44e5-8336-0a764ff53d4c/info.json,"Piperno, Abraham Benedict|Leghorn|Spanish and Portuguese synagogue in Leghorn and Amsterdam",364,https://digitalrepository.library.upenn.edu/iiif/2/items/dc71c7fc-63d6-40e0-908e-ba8930064eba/manifest,https://iiif-images.library.upenn.edu/iiif/2/b6b63a83-2d52-44e5-8336-0a764ff53d4c
obj351,Errata Corrienda.,The Jewish Record,Philadelphia,27-Jul,27-Jul,,,"https://iiif-images.library.upenn.edu/iiif/2/b6b63a83-2d52-44e5-8336-0a764ff53d4c/full/!200,200/0/default.jpg","https://iiif-images.library.upenn.edu/iiif/2/b6b63a83-2d52-44e5-8336-0a764ff53d4c/full/3500,/0/default.jpg",208,https://iiif-images.library.upenn.edu/iiif/3/b6b63a83-2d52-44e5-8336-0a764ff53d4c/info.json,"Daly, Charles P.|Orphan Asylum, New York|Schurz, Carl|Spanish and Portuguese synagogue in Leghorn and Amsterdam",365,https://digitalrepository.library.upenn.edu/iiif/2/items/dc71c7fc-63d6-40e0-908e-ba8930064eba/manifest,https://iiif-images.library.upenn.edu/iiif/2/b6b63a83-2d52-44e5-8336-0a764ff53d4c
obj352,"In the Report by Rev. Drs. Jastrow, Szold and Kohler [...].",The Jewish Record,Philadelphia,27-Jul,27-Jul,,,"https://iiif-images.library.upenn.edu/iiif/2/c4072ff7-102e-4bf1-b3e5-c581babd9a73/full/!200,200/0/default.jpg","https://iiif-images.library.upenn.edu/iiif/2/c4072ff7-102e-4bf1-b3e5-c581babd9a73/full/3500,/0/default.jpg",209,https://iiif-images.library.upenn.edu/iiif/3/c4072ff7-102e-4bf1-b3e5-c581babd9a73/info.json,"Kohler, Kaufmann|Singer, Abram|HaMadrich Al Bamothe Yam Ha-Talmud|Szold, Benjamin",366,https://digitalrepository.library.upenn.edu/iiif/2/items/dc71c7fc-63d6-40e0-908e-ba8930064eba/manifest,https://iiif-images.library.upenn.edu/iiif/2/c4072ff7-102e-4bf1-b3e5-c581babd9a73
obj353,A Russian on the Jews.,The Jewish Record,Philadelphia,27-Jul,27-Jul,,,"https://iiif-images.library.upenn.edu/iiif/2/c4072ff7-102e-4bf1-b3e5-c581babd9a73/full/!200,200/0/default.jpg","https://iiif-images.library.upenn.edu/iiif/2/c4072ff7-102e-4bf1-b3e5-c581babd9a73/full/3500,/0/default.jpg",209,https://iiif-images.library.upenn.edu/iiif/3/c4072ff7-102e-4bf1-b3e5-c581babd9a73/info.json,Essay on the Civil Disabilities of the Jews in England|Russian Jews,367,https://digitalrepository.library.upenn.edu/iiif/2/items/dc71c7fc-63d6-40e0-908e-ba8930064eba/manifest,https://iiif-images.library.upenn.edu/iiif/2/c4072ff7-102e-4bf1-b3e5-c581babd9a73
obj354,"Abraham Benedict Piperno; His Life, Times and Writings, by Raphael E. H. Ascoli. Translated from the French by S. Morais. (Concluded).",The Jewish Record,Philadelphia,3-Aug,3-Aug,,,"https://iiif-images.library.upenn.edu/iiif/2/c4072ff7-102e-4bf1-b3e5-c581babd9a73/full/!200,200/0/default.jpg","https://iiif-images.library.upenn.edu/iiif/2/c4072ff7-102e-4bf1-b3e5-c581babd9a73/full/3500,/0/default.jpg",209,https://iiif-images.library.upenn.edu/iiif/3/c4072ff7-102e-4bf1-b3e5-c581babd9a73/info.json,"Piperno, Abraham Benedict",368,https://digitalrepository.library.upenn.edu/iiif/2/items/dc71c7fc-63d6-40e0-908e-ba8930064eba/manifest,https://iiif-images.library.upenn.edu/iiif/2/c4072ff7-102e-4bf1-b3e5-c581babd9a73
obj355,The Fast of Ab.,The Jewish Record,Philadelphia,10-Aug,10-Aug,,,"https://iiif-images.library.upenn.edu/iiif/2/67849c4a-a929-404d-8bea-9ec032eaa528/full/!200,200/0/default.jpg","https://iiif-images.library.upenn.edu/iiif/2/67849c4a-a929-404d-8bea-9ec032eaa528/full/3500,/0/default.jpg",210,https://iiif-images.library.upenn.edu/iiif/3/67849c4a-a929-404d-8bea-9ec032eaa528/info.json,"Francis Joseph, Emperor of Austro-Hungary|Ninth of Ab",369,https://digitalrepository.library.upenn.edu/iiif/2/items/dc71c7fc-63d6-40e0-908e-ba8930064eba/manifest,https://iiif-images.library.upenn.edu/iiif/2/67849c4a-a929-404d-8bea-9ec032eaa528
obj356,"Literary. Judaism and Christianity. Their Agreements and Disagreements. By the Rev. Dr. Isaac M. Wise. Cincinnati, Bloch & Co. Publishers. 1883.",The Jewish Record,Philadelphia,17-Aug,17-Aug,,,"https://iiif-images.library.upenn.edu/iiif/2/67849c4a-a929-404d-8bea-9ec032eaa528/full/!200,200/0/default.jpg","https://iiif-images.library.upenn.edu/iiif/2/67849c4a-a929-404d-8bea-9ec032eaa528/full/3500,/0/default.jpg",210,https://iiif-images.library.upenn.edu/iiif/3/67849c4a-a929-404d-8bea-9ec032eaa528/info.json,Judaism and Christianity: Their Agreements and Disagreements,370,https://digitalrepository.library.upenn.edu/iiif/2/items/dc71c7fc-63d6-40e0-908e-ba8930064eba/manifest,https://iiif-images.library.upenn.edu/iiif/2/67849c4a-a929-404d-8bea-9ec032eaa528
obj357,Dr. Moses Lattes.,The Jewish Record,Philadelphia,7-Sep,7-Sep,,,"https://iiif-images.library.upenn.edu/iiif/2/67849c4a-a929-404d-8bea-9ec032eaa528/full/!200,200/0/default.jpg","https://iiif-images.library.upenn.edu/iiif/2/67849c4a-a929-404d-8bea-9ec032eaa528/full/3500,/0/default.jpg",210,https://iiif-images.library.upenn.edu/iiif/3/67849c4a-a929-404d-8bea-9ec032eaa528/info.json,"Lattes, Moses|Levi, Benedict (Chief Rabbi of Ferrar)|Loria, Amos (of Mantua)|Mainster, Abram (of Robigo)|Padua rabbinical college|Vessillo Israelitico|Wise, I. M.",371,https://digitalrepository.library.upenn.edu/iiif/2/items/dc71c7fc-63d6-40e0-908e-ba8930064eba/manifest,https://iiif-images.library.upenn.edu/iiif/2/67849c4a-a929-404d-8bea-9ec032eaa528
obj358,The Ischia Disaster.,The Jewish Record,Philadelphia,14-Sep,14-Sep,,,"https://iiif-images.library.upenn.edu/iiif/2/de9ad177-c457-4595-8ed2-2db9c2d846b4/full/!200,200/0/default.jpg","https://iiif-images.library.upenn.edu/iiif/2/de9ad177-c457-4595-8ed2-2db9c2d846b4/full/3500,/0/default.jpg",211,https://iiif-images.library.upenn.edu/iiif/3/de9ad177-c457-4595-8ed2-2db9c2d846b4/info.json,"Disasters, natural & man-made",372,https://digitalrepository.library.upenn.edu/iiif/2/items/dc71c7fc-63d6-40e0-908e-ba8930064eba/manifest,https://iiif-images.library.upenn.edu/iiif/2/de9ad177-c457-4595-8ed2-2db9c2d846b4
obj359,Review of Dr. Graetz's Criticism on the Psalms.,The Jewish Record,,,,,,"https://iiif-images.library.upenn.edu/iiif/2/de9ad177-c457-4595-8ed2-2db9c2d846b4/full/!200,200/0/default.jpg","https://iiif-images.library.upenn.edu/iiif/2/de9ad177-c457-4595-8ed2-2db9c2d846b4/full/3500,/0/default.jpg",211,https://iiif-images.library.upenn.edu/iiif/3/de9ad177-c457-4595-8ed2-2db9c2d846b4/info.json,"Graetz, Dr. Heinrich|Translation and Criticism of the Psalms|The Chronicles of the Prophet|The Mind of Michaelangelo|Victor Emmanuel II (King of Italy)",373,https://digitalrepository.library.upenn.edu/iiif/2/items/dc71c7fc-63d6-40e0-908e-ba8930064eba/manifest,https://iiif-images.library.upenn.edu/iiif/2/de9ad177-c457-4595-8ed2-2db9c2d846b4
obj360,"Last Saturday, Mr. Morais delivered a very forcible discourse [...].",American Hebrew,New York,14-Sep,14-Sep,,,"https://iiif-images.library.upenn.edu/iiif/2/de9ad177-c457-4595-8ed2-2db9c2d846b4/full/!200,200/0/default.jpg","https://iiif-images.library.upenn.edu/iiif/2/de9ad177-c457-4595-8ed2-2db9c2d846b4/full/3500,/0/default.jpg",211,https://iiif-images.library.upenn.edu/iiif/3/de9ad177-c457-4595-8ed2-2db9c2d846b4/info.json,"American Hebrew|Coucy, Moses of: Semag (Sefer Mitzvot Gadol)|Sabbath School Union",374,https://digitalrepository.library.upenn.edu/iiif/2/items/dc71c7fc-63d6-40e0-908e-ba8930064eba/manifest,https://iiif-images.library.upenn.edu/iiif/2/de9ad177-c457-4595-8ed2-2db9c2d846b4
obj361,The Sabbath-School Union. A Reply. [Letter to the] Editor of The Jewish Record: [...].,The Jewish Record,Philadelphia,5-Oct,5-Oct,,,"https://iiif-images.library.upenn.edu/iiif/2/85e3862c-2f5f-448f-a942-0b125928f671/full/!200,200/0/default.jpg","https://iiif-images.library.upenn.edu/iiif/2/85e3862c-2f5f-448f-a942-0b125928f671/full/3500,/0/default.jpg",212,https://iiif-images.library.upenn.edu/iiif/3/85e3862c-2f5f-448f-a942-0b125928f671/info.json,"Sabbath School Union|Sonnenschein (of Temple Israel, St. Louis), S. H.|Voorsanger, Jacob",375,https://digitalrepository.library.upenn.edu/iiif/2/items/dc71c7fc-63d6-40e0-908e-ba8930064eba/manifest,https://iiif-images.library.upenn.edu/iiif/2/85e3862c-2f5f-448f-a942-0b125928f671
obj362,Rev. S. Morais? Reply. [Letter to the] Editor Jewish Tribune.,The Jewish Tribune,St. Louis,5-Oct,5-Oct,,,"https://iiif-images.library.upenn.edu/iiif/2/1b0bed48-3a71-43a6-bef4-97c0a74a7b48/full/!200,200/0/default.jpg","https://iiif-images.library.upenn.edu/iiif/2/1b0bed48-3a71-43a6-bef4-97c0a74a7b48/full/3500,/0/default.jpg",213,https://iiif-images.library.upenn.edu/iiif/3/1b0bed48-3a71-43a6-bef4-97c0a74a7b48/info.json,"Reform Judaism, (also ""Neology""/""Gentilism"")",376,https://digitalrepository.library.upenn.edu/iiif/2/items/dc71c7fc-63d6-40e0-908e-ba8930064eba/manifest,https://iiif-images.library.upenn.edu/iiif/2/1b0bed48-3a71-43a6-bef4-97c0a74a7b48
obj363,"The Heroism of Faith. Address delivered last Kippur Eve, by Rev. S. Morais.",The Jewish Record,Philadelphia,19-Oct,19-Oct,,,"https://iiif-images.library.upenn.edu/iiif/2/1b0bed48-3a71-43a6-bef4-97c0a74a7b48/full/!200,200/0/default.jpg","https://iiif-images.library.upenn.edu/iiif/2/1b0bed48-3a71-43a6-bef4-97c0a74a7b48/full/3500,/0/default.jpg",213,https://iiif-images.library.upenn.edu/iiif/3/1b0bed48-3a71-43a6-bef4-97c0a74a7b48/info.json,"Montefiore, Moses|Tisza Eszlar|Yom Kippur",377,https://digitalrepository.library.upenn.edu/iiif/2/items/dc71c7fc-63d6-40e0-908e-ba8930064eba/manifest,https://iiif-images.library.upenn.edu/iiif/2/1b0bed48-3a71-43a6-bef4-97c0a74a7b48
obj364,A Word to Our Youths.,American Hebrew,New York,26-Nov,26-Nov,,,"https://iiif-images.library.upenn.edu/iiif/2/3bfe4f0b-15a6-4627-beca-083b9b81dea8/full/!200,200/0/default.jpg","https://iiif-images.library.upenn.edu/iiif/2/3bfe4f0b-15a6-4627-beca-083b9b81dea8/full/3500,/0/default.jpg",214,https://iiif-images.library.upenn.edu/iiif/3/3bfe4f0b-15a6-4627-beca-083b9b81dea8/info.json,American Hebrew|Spanish Inquisition,378,https://digitalrepository.library.upenn.edu/iiif/2/items/dc71c7fc-63d6-40e0-908e-ba8930064eba/manifest,https://iiif-images.library.upenn.edu/iiif/2/3bfe4f0b-15a6-4627-beca-083b9b81dea8
obj365,Dr. Wise on Proselytes.,The Jewish Record,Philadelphia,21-Dec,21-Dec,,,"https://iiif-images.library.upenn.edu/iiif/2/41f9de3f-ef9c-4383-87d1-b95b8a794f3b/full/!200,200/0/default.jpg","https://iiif-images.library.upenn.edu/iiif/2/41f9de3f-ef9c-4383-87d1-b95b8a794f3b/full/3500,/0/default.jpg",215,https://iiif-images.library.upenn.edu/iiif/3/41f9de3f-ef9c-4383-87d1-b95b8a794f3b/info.json,"Wise, I. M.",379,https://digitalrepository.library.upenn.edu/iiif/2/items/dc71c7fc-63d6-40e0-908e-ba8930064eba/manifest,https://iiif-images.library.upenn.edu/iiif/2/41f9de3f-ef9c-4383-87d1-b95b8a794f3b
obj366,The Question having often been asked as to the name of David's mother [...].,The Jewish Record,Philadelphia,21-Dec,21-Dec,,,"https://iiif-images.library.upenn.edu/iiif/2/41f9de3f-ef9c-4383-87d1-b95b8a794f3b/full/!200,200/0/default.jpg","https://iiif-images.library.upenn.edu/iiif/2/41f9de3f-ef9c-4383-87d1-b95b8a794f3b/full/3500,/0/default.jpg",215,https://iiif-images.library.upenn.edu/iiif/3/41f9de3f-ef9c-4383-87d1-b95b8a794f3b/info.json,"American Israelite|David, mother of|Talmud",380,https://digitalrepository.library.upenn.edu/iiif/2/items/dc71c7fc-63d6-40e0-908e-ba8930064eba/manifest,https://iiif-images.library.upenn.edu/iiif/2/41f9de3f-ef9c-4383-87d1-b95b8a794f3b
obj367,Letter from Rev. S. Morais.,The Jewish Record,Philadelphia,21-Dec,21-Dec,,,"https://iiif-images.library.upenn.edu/iiif/2/41f9de3f-ef9c-4383-87d1-b95b8a794f3b/full/!200,200/0/default.jpg","https://iiif-images.library.upenn.edu/iiif/2/41f9de3f-ef9c-4383-87d1-b95b8a794f3b/full/3500,/0/default.jpg",215,https://iiif-images.library.upenn.edu/iiif/3/41f9de3f-ef9c-4383-87d1-b95b8a794f3b/info.json,"Evening Call, The",381,https://digitalrepository.library.upenn.edu/iiif/2/items/dc71c7fc-63d6-40e0-908e-ba8930064eba/manifest,https://iiif-images.library.upenn.edu/iiif/2/41f9de3f-ef9c-4383-87d1-b95b8a794f3b
obj368,Dr. Wise on Intermarriage.,The Jewish Record,Philadelphia,"December 28, 1883",28-Dec,,1883,"https://iiif-images.library.upenn.edu/iiif/2/41f9de3f-ef9c-4383-87d1-b95b8a794f3b/full/!200,200/0/default.jpg","https://iiif-images.library.upenn.edu/iiif/2/41f9de3f-ef9c-4383-87d1-b95b8a794f3b/full/3500,/0/default.jpg",215,https://iiif-images.library.upenn.edu/iiif/3/41f9de3f-ef9c-4383-87d1-b95b8a794f3b/info.json,"Orthodox (also ""Mosaism"")|Russian Jews|Wise, I. M.",382,https://digitalrepository.library.upenn.edu/iiif/2/items/dc71c7fc-63d6-40e0-908e-ba8930064eba/manifest,https://iiif-images.library.upenn.edu/iiif/2/41f9de3f-ef9c-4383-87d1-b95b8a794f3b
obj369,Dr. Wise on Dietary Laws.,The Jewish Record,Philadelphia,4-Jan,4-Jan,,,"https://iiif-images.library.upenn.edu/iiif/2/c2af0a6f-706d-47b3-85f2-8dcbd9646400/full/!200,200/0/default.jpg","https://iiif-images.library.upenn.edu/iiif/2/c2af0a6f-706d-47b3-85f2-8dcbd9646400/full/3500,/0/default.jpg",216,https://iiif-images.library.upenn.edu/iiif/3/c2af0a6f-706d-47b3-85f2-8dcbd9646400/info.json,"and Dietary Law|Wise, I. M.",383,https://digitalrepository.library.upenn.edu/iiif/2/items/dc71c7fc-63d6-40e0-908e-ba8930064eba/manifest,https://iiif-images.library.upenn.edu/iiif/2/c2af0a6f-706d-47b3-85f2-8dcbd9646400
obj370,Dr. Wise on Clean and Unclean Animals.,The Jewish Record,Philadelphia,11-Jan,11-Jan,,,"https://iiif-images.library.upenn.edu/iiif/2/c2af0a6f-706d-47b3-85f2-8dcbd9646400/full/!200,200/0/default.jpg","https://iiif-images.library.upenn.edu/iiif/2/c2af0a6f-706d-47b3-85f2-8dcbd9646400/full/3500,/0/default.jpg",216,https://iiif-images.library.upenn.edu/iiif/3/c2af0a6f-706d-47b3-85f2-8dcbd9646400/info.json,"and Dietary Law|Wise, I. M.",384,https://digitalrepository.library.upenn.edu/iiif/2/items/dc71c7fc-63d6-40e0-908e-ba8930064eba/manifest,https://iiif-images.library.upenn.edu/iiif/2/c2af0a6f-706d-47b3-85f2-8dcbd9646400
obj371,Address by Rev. S. Morais.,The Jewish Record,Philadelphia,18-Jan,18-Jan,,,"https://iiif-images.library.upenn.edu/iiif/2/ed0c2dcc-5962-414e-92fa-e314278b38da/full/!200,200/0/default.jpg","https://iiif-images.library.upenn.edu/iiif/2/ed0c2dcc-5962-414e-92fa-e314278b38da/full/3500,/0/default.jpg",217,https://iiif-images.library.upenn.edu/iiif/3/ed0c2dcc-5962-414e-92fa-e314278b38da/info.json,"Lasker, Edward",385,https://digitalrepository.library.upenn.edu/iiif/2/items/dc71c7fc-63d6-40e0-908e-ba8930064eba/manifest,https://iiif-images.library.upenn.edu/iiif/2/ed0c2dcc-5962-414e-92fa-e314278b38da
obj372,Religion and Gastronomics?What the Rabbis of this City Have to Say in Relation to the Mosaic Dietary Laws.,Ledger and Transcript,Philadelphia,21-Jan,21-Jan,,,"https://iiif-images.library.upenn.edu/iiif/2/ed0c2dcc-5962-414e-92fa-e314278b38da/full/!200,200/0/default.jpg","https://iiif-images.library.upenn.edu/iiif/2/ed0c2dcc-5962-414e-92fa-e314278b38da/full/3500,/0/default.jpg",217,https://iiif-images.library.upenn.edu/iiif/3/ed0c2dcc-5962-414e-92fa-e314278b38da/info.json,"Deborah|Hirsch, Samuel|Kohler, Kaufmann|and Dietary Law|Wise, I. M.",386,https://digitalrepository.library.upenn.edu/iiif/2/items/dc71c7fc-63d6-40e0-908e-ba8930064eba/manifest,https://iiif-images.library.upenn.edu/iiif/2/ed0c2dcc-5962-414e-92fa-e314278b38da
obj373,"Dr. Wise on ""The Path of Salvation Under the Law.""",The Jewish Record,Philadelphia,25-Jan,25-Jan,,,"https://iiif-images.library.upenn.edu/iiif/2/fc6bed9e-400b-44ec-8b54-d1dc96a117b4/full/!200,200/0/default.jpg","https://iiif-images.library.upenn.edu/iiif/2/fc6bed9e-400b-44ec-8b54-d1dc96a117b4/full/3500,/0/default.jpg",218,https://iiif-images.library.upenn.edu/iiif/3/fc6bed9e-400b-44ec-8b54-d1dc96a117b4/info.json,"Keneseth Israel|Mendelssohn, Moses|Wise, I. M.",387,https://digitalrepository.library.upenn.edu/iiif/2/items/dc71c7fc-63d6-40e0-908e-ba8930064eba/manifest,https://iiif-images.library.upenn.edu/iiif/2/fc6bed9e-400b-44ec-8b54-d1dc96a117b4
obj374,Dr. Wise on the Defensive.,The Jewish Record,Philadelphia,1-Feb,1-Feb,,,"https://iiif-images.library.upenn.edu/iiif/2/5898da41-47b5-4654-a9ed-86af7b7f5f74/full/!200,200/0/default.jpg","https://iiif-images.library.upenn.edu/iiif/2/5898da41-47b5-4654-a9ed-86af7b7f5f74/full/3500,/0/default.jpg",219,https://iiif-images.library.upenn.edu/iiif/3/5898da41-47b5-4654-a9ed-86af7b7f5f74/info.json,"Gesenius, H.|Luzzatto, S.D. Prof.|Wise, I. M.",388,https://digitalrepository.library.upenn.edu/iiif/2/items/dc71c7fc-63d6-40e0-908e-ba8930064eba/manifest,https://iiif-images.library.upenn.edu/iiif/2/5898da41-47b5-4654-a9ed-86af7b7f5f74
obj375,"Dr. Wise's Definition of ""Cohanim.""",The Jewish Record,Philadelphia,8-Feb,8-Feb,,,"https://iiif-images.library.upenn.edu/iiif/2/5898da41-47b5-4654-a9ed-86af7b7f5f74/full/!200,200/0/default.jpg","https://iiif-images.library.upenn.edu/iiif/2/5898da41-47b5-4654-a9ed-86af7b7f5f74/full/3500,/0/default.jpg",219,https://iiif-images.library.upenn.edu/iiif/3/5898da41-47b5-4654-a9ed-86af7b7f5f74/info.json,"Herodotus|Wise, I. M.",389,https://digitalrepository.library.upenn.edu/iiif/2/items/dc71c7fc-63d6-40e0-908e-ba8930064eba/manifest,https://iiif-images.library.upenn.edu/iiif/2/5898da41-47b5-4654-a9ed-86af7b7f5f74
obj376,"Insincerity. Address Delivered Last Sabbath, by Rev. S. Morais.",The Jewish Record,Philadelphia,8-Feb,8-Feb,,,"https://iiif-images.library.upenn.edu/iiif/2/cbb61045-1bb6-4fec-afac-5b64abe88a98/full/!200,200/0/default.jpg","https://iiif-images.library.upenn.edu/iiif/2/cbb61045-1bb6-4fec-afac-5b64abe88a98/full/3500,/0/default.jpg",220,https://iiif-images.library.upenn.edu/iiif/3/cbb61045-1bb6-4fec-afac-5b64abe88a98/info.json,Character of,390,https://digitalrepository.library.upenn.edu/iiif/2/items/dc71c7fc-63d6-40e0-908e-ba8930064eba/manifest,https://iiif-images.library.upenn.edu/iiif/2/cbb61045-1bb6-4fec-afac-5b64abe88a98
obj377,"""The Priests of Conservatism.""",The Jewish Record,Philadelphia,15-Feb,15-Feb,,,"https://iiif-images.library.upenn.edu/iiif/2/9e63d9be-53b4-4ce9-95d9-3309a43ce226/full/!200,200/0/default.jpg","https://iiif-images.library.upenn.edu/iiif/2/9e63d9be-53b4-4ce9-95d9-3309a43ce226/full/3500,/0/default.jpg",221,https://iiif-images.library.upenn.edu/iiif/3/9e63d9be-53b4-4ce9-95d9-3309a43ce226/info.json,"Mendelssohn, Moses|Smith, Goldwin|Wise, I. M.",391,https://digitalrepository.library.upenn.edu/iiif/2/items/dc71c7fc-63d6-40e0-908e-ba8930064eba/manifest,https://iiif-images.library.upenn.edu/iiif/2/9e63d9be-53b4-4ce9-95d9-3309a43ce226
obj378,The Decalogue.,The Jewish Record,Philadelphia,22-Feb,22-Feb,,,"https://iiif-images.library.upenn.edu/iiif/2/9e63d9be-53b4-4ce9-95d9-3309a43ce226/full/!200,200/0/default.jpg","https://iiif-images.library.upenn.edu/iiif/2/9e63d9be-53b4-4ce9-95d9-3309a43ce226/full/3500,/0/default.jpg",221,https://iiif-images.library.upenn.edu/iiif/3/9e63d9be-53b4-4ce9-95d9-3309a43ce226/info.json,"Wise, I. M.",392,https://digitalrepository.library.upenn.edu/iiif/2/items/dc71c7fc-63d6-40e0-908e-ba8930064eba/manifest,https://iiif-images.library.upenn.edu/iiif/2/9e63d9be-53b4-4ce9-95d9-3309a43ce226
obj379,Dr. Wise on the Oral Law.,The Jewish Record,Philadelphia,Feb-29,Feb-29,,,"https://iiif-images.library.upenn.edu/iiif/2/3dad0517-3d65-4eb7-a86d-3547726ef553/full/!200,200/0/default.jpg","https://iiif-images.library.upenn.edu/iiif/2/3dad0517-3d65-4eb7-a86d-3547726ef553/full/3500,/0/default.jpg",222,https://iiif-images.library.upenn.edu/iiif/3/3dad0517-3d65-4eb7-a86d-3547726ef553/info.json,"Nieto, David|Wise, I. M.",393,https://digitalrepository.library.upenn.edu/iiif/2/items/dc71c7fc-63d6-40e0-908e-ba8930064eba/manifest,https://iiif-images.library.upenn.edu/iiif/2/3dad0517-3d65-4eb7-a86d-3547726ef553
obj380,"For the American Hebrew: Judaism Anti-Proselytising, By S. Morais.",The American Hebrew,New York,Feb-29,Feb-29,,,"https://iiif-images.library.upenn.edu/iiif/2/2028542d-7b1a-4483-a00d-7e8b708e8d9a/full/!200,200/0/default.jpg","https://iiif-images.library.upenn.edu/iiif/2/2028542d-7b1a-4483-a00d-7e8b708e8d9a/full/3500,/0/default.jpg",223,https://iiif-images.library.upenn.edu/iiif/3/2028542d-7b1a-4483-a00d-7e8b708e8d9a/info.json,"American Hebrew|American Israelite|Basnage, Jacques|Channing|Gibbon, Edward|Character of|Muller, Max|Parker|Unitarianism",394,https://digitalrepository.library.upenn.edu/iiif/2/items/dc71c7fc-63d6-40e0-908e-ba8930064eba/manifest,https://iiif-images.library.upenn.edu/iiif/2/2028542d-7b1a-4483-a00d-7e8b708e8d9a
obj381,The Oral Law. II.,The Jewish Record,Philadelphia,7-Mar,7-Mar,,,"https://iiif-images.library.upenn.edu/iiif/2/e11fa114-86aa-450a-b8c4-1fe677611b37/full/!200,200/0/default.jpg","https://iiif-images.library.upenn.edu/iiif/2/e11fa114-86aa-450a-b8c4-1fe677611b37/full/3500,/0/default.jpg",224,https://iiif-images.library.upenn.edu/iiif/3/e11fa114-86aa-450a-b8c4-1fe677611b37/info.json,"Jerusalem|Wise, I. M.",395,https://digitalrepository.library.upenn.edu/iiif/2/items/dc71c7fc-63d6-40e0-908e-ba8930064eba/manifest,https://iiif-images.library.upenn.edu/iiif/2/e11fa114-86aa-450a-b8c4-1fe677611b37
obj382,None is to be appointed to a seat in the Sanhedrin [...].,The Jewish Record,Philadelphia,7-Mar,7-Mar,,,"https://iiif-images.library.upenn.edu/iiif/2/e11fa114-86aa-450a-b8c4-1fe677611b37/full/!200,200/0/default.jpg","https://iiif-images.library.upenn.edu/iiif/2/e11fa114-86aa-450a-b8c4-1fe677611b37/full/3500,/0/default.jpg",224,https://iiif-images.library.upenn.edu/iiif/3/e11fa114-86aa-450a-b8c4-1fe677611b37/info.json,The Trefa Banquet,396,https://digitalrepository.library.upenn.edu/iiif/2/items/dc71c7fc-63d6-40e0-908e-ba8930064eba/manifest,https://iiif-images.library.upenn.edu/iiif/2/e11fa114-86aa-450a-b8c4-1fe677611b37
obj383,Purim.,The Jewish Record,Philadelphia,7-Mar,7-Mar,,,"https://iiif-images.library.upenn.edu/iiif/2/e11fa114-86aa-450a-b8c4-1fe677611b37/full/!200,200/0/default.jpg","https://iiif-images.library.upenn.edu/iiif/2/e11fa114-86aa-450a-b8c4-1fe677611b37/full/3500,/0/default.jpg",224,https://iiif-images.library.upenn.edu/iiif/3/e11fa114-86aa-450a-b8c4-1fe677611b37/info.json,Alliance IsraA?lite Universelle,397,https://digitalrepository.library.upenn.edu/iiif/2/items/dc71c7fc-63d6-40e0-908e-ba8930064eba/manifest,https://iiif-images.library.upenn.edu/iiif/2/e11fa114-86aa-450a-b8c4-1fe677611b37
obj384,Appeal on Behalf of the Alliance Israelite Universalle.,The Jewish Record,Philadelphia,7-Mar,7-Mar,,,"https://iiif-images.library.upenn.edu/iiif/2/f053bedf-0a0b-4857-a009-afb2cd767f7e/full/!200,200/0/default.jpg","https://iiif-images.library.upenn.edu/iiif/2/f053bedf-0a0b-4857-a009-afb2cd767f7e/full/3500,/0/default.jpg",225,https://iiif-images.library.upenn.edu/iiif/3/f053bedf-0a0b-4857-a009-afb2cd767f7e/info.json,"Alliance IsraA?lite Universelle|Muhr, Simon",398,https://digitalrepository.library.upenn.edu/iiif/2/items/dc71c7fc-63d6-40e0-908e-ba8930064eba/manifest,https://iiif-images.library.upenn.edu/iiif/2/f053bedf-0a0b-4857-a009-afb2cd767f7e
obj385,"""Dina De-Malchutha Dina"": ""The Law of the Land is Law.""",The Jewish Record,Philadelphia,14-Mar,14-Mar,,,"https://iiif-images.library.upenn.edu/iiif/2/f053bedf-0a0b-4857-a009-afb2cd767f7e/full/!200,200/0/default.jpg","https://iiif-images.library.upenn.edu/iiif/2/f053bedf-0a0b-4857-a009-afb2cd767f7e/full/3500,/0/default.jpg",225,https://iiif-images.library.upenn.edu/iiif/3/f053bedf-0a0b-4857-a009-afb2cd767f7e/info.json,"Wise, I. M.",399,https://digitalrepository.library.upenn.edu/iiif/2/items/dc71c7fc-63d6-40e0-908e-ba8930064eba/manifest,https://iiif-images.library.upenn.edu/iiif/2/f053bedf-0a0b-4857-a009-afb2cd767f7e
obj386,An Explanation. [Letter to the] Editor Jewish Record:,The Jewish Record,Philadelphia,14-Mar,14-Mar,,,"https://iiif-images.library.upenn.edu/iiif/2/975aa8d5-c391-4909-a2ed-6b00e9361283/full/!200,200/0/default.jpg","https://iiif-images.library.upenn.edu/iiif/2/975aa8d5-c391-4909-a2ed-6b00e9361283/full/3500,/0/default.jpg",226,https://iiif-images.library.upenn.edu/iiif/3/975aa8d5-c391-4909-a2ed-6b00e9361283/info.json,"Wise, I. M.",400,https://digitalrepository.library.upenn.edu/iiif/2/items/dc71c7fc-63d6-40e0-908e-ba8930064eba/manifest,https://iiif-images.library.upenn.edu/iiif/2/975aa8d5-c391-4909-a2ed-6b00e9361283
obj387,Rationalistic Judaism.,The Jewish Record,Philadelphia,21-Mar,21-Mar,,,"https://iiif-images.library.upenn.edu/iiif/2/975aa8d5-c391-4909-a2ed-6b00e9361283/full/!200,200/0/default.jpg","https://iiif-images.library.upenn.edu/iiif/2/975aa8d5-c391-4909-a2ed-6b00e9361283/full/3500,/0/default.jpg",226,https://iiif-images.library.upenn.edu/iiif/3/975aa8d5-c391-4909-a2ed-6b00e9361283/info.json,"Creating a unified American Rite|Reform Judaism, (also ""Neology""/""Gentilism"")|Wise, I. M.",401,https://digitalrepository.library.upenn.edu/iiif/2/items/dc71c7fc-63d6-40e0-908e-ba8930064eba/manifest,https://iiif-images.library.upenn.edu/iiif/2/975aa8d5-c391-4909-a2ed-6b00e9361283
obj388,The Alleged Impulse to Reform.,Jewish Record,Philadelphia,28-Mar,28-Mar,,,"https://iiif-images.library.upenn.edu/iiif/2/4ab7cbc7-49da-440e-bb3c-6206a0d8cf3c/full/!200,200/0/default.jpg","https://iiif-images.library.upenn.edu/iiif/2/4ab7cbc7-49da-440e-bb3c-6206a0d8cf3c/full/3500,/0/default.jpg",227,https://iiif-images.library.upenn.edu/iiif/3/4ab7cbc7-49da-440e-bb3c-6206a0d8cf3c/info.json,"Wise, I. M.",402,https://digitalrepository.library.upenn.edu/iiif/2/items/dc71c7fc-63d6-40e0-908e-ba8930064eba/manifest,https://iiif-images.library.upenn.edu/iiif/2/4ab7cbc7-49da-440e-bb3c-6206a0d8cf3c
obj389,Board of Ministers. [Letter to the] Editor Jewish Record: [...].,Jewish Record,Philadelphia,25-Apr,25-Apr,,,"https://iiif-images.library.upenn.edu/iiif/2/4ab7cbc7-49da-440e-bb3c-6206a0d8cf3c/full/!200,200/0/default.jpg","https://iiif-images.library.upenn.edu/iiif/2/4ab7cbc7-49da-440e-bb3c-6206a0d8cf3c/full/3500,/0/default.jpg",227,https://iiif-images.library.upenn.edu/iiif/3/4ab7cbc7-49da-440e-bb3c-6206a0d8cf3c/info.json,"Board of Hebrew Ministers, Philadelphia|Jastrow, Marcus|Hackenberg family|Burial|Mikveh Israel",403,https://digitalrepository.library.upenn.edu/iiif/2/items/dc71c7fc-63d6-40e0-908e-ba8930064eba/manifest,https://iiif-images.library.upenn.edu/iiif/2/4ab7cbc7-49da-440e-bb3c-6206a0d8cf3c
obj390,"Nuova Antologia Della Prosa Italiana Moderna Colla Traduzione A Fronte. By Aristide Provenzal, [...].",[The] American [Hebrew],New York,3-May,3-May,,,"https://iiif-images.library.upenn.edu/iiif/2/ff89c1fc-3299-4828-aca9-7ac2b656b0f8/full/!200,200/0/default.jpg","https://iiif-images.library.upenn.edu/iiif/2/ff89c1fc-3299-4828-aca9-7ac2b656b0f8/full/3500,/0/default.jpg",228,https://iiif-images.library.upenn.edu/iiif/3/ff89c1fc-3299-4828-aca9-7ac2b656b0f8/info.json,"Nuova Antologia Della Prosa Italiana Moderna Colla Traduzione A Fronte|Provenzal, Aristide",404,https://digitalrepository.library.upenn.edu/iiif/2/items/dc71c7fc-63d6-40e0-908e-ba8930064eba/manifest,https://iiif-images.library.upenn.edu/iiif/2/ff89c1fc-3299-4828-aca9-7ac2b656b0f8
obj391,"James and Lucretia Mott. Life and Letters. Edited by their Granddaughter Anna Davis Hallowell. With Portraits. Boston: Houghton, Mifflin & Co., 1884.",American Hebrew,New York,16-May,16-May,,,"https://iiif-images.library.upenn.edu/iiif/2/ff89c1fc-3299-4828-aca9-7ac2b656b0f8/full/!200,200/0/default.jpg","https://iiif-images.library.upenn.edu/iiif/2/ff89c1fc-3299-4828-aca9-7ac2b656b0f8/full/3500,/0/default.jpg",228,https://iiif-images.library.upenn.edu/iiif/3/ff89c1fc-3299-4828-aca9-7ac2b656b0f8/info.json,"American Hebrew|Mott, James and Lucretia|Quakers|Abolitionism",405,https://digitalrepository.library.upenn.edu/iiif/2/items/dc71c7fc-63d6-40e0-908e-ba8930064eba/manifest,https://iiif-images.library.upenn.edu/iiif/2/ff89c1fc-3299-4828-aca9-7ac2b656b0f8
obj392,Pentecost.,The Jewish Record,Philadelphia,30-May,30-May,,,"https://iiif-images.library.upenn.edu/iiif/2/6c14678d-c66f-4e58-aa9b-0f73d73ef08b/full/!200,200/0/default.jpg","https://iiif-images.library.upenn.edu/iiif/2/6c14678d-c66f-4e58-aa9b-0f73d73ef08b/full/3500,/0/default.jpg",229,https://iiif-images.library.upenn.edu/iiif/3/6c14678d-c66f-4e58-aa9b-0f73d73ef08b/info.json,Pentecost,406,https://digitalrepository.library.upenn.edu/iiif/2/items/dc71c7fc-63d6-40e0-908e-ba8930064eba/manifest,https://iiif-images.library.upenn.edu/iiif/2/6c14678d-c66f-4e58-aa9b-0f73d73ef08b
obj393,Shall We Observe the Sabbath.,American Hebrew,New York,6-Jun,6-Jun,,,"https://iiif-images.library.upenn.edu/iiif/2/fdea97ca-0e86-4238-8fed-82d43f2ae1ea/full/!200,200/0/default.jpg","https://iiif-images.library.upenn.edu/iiif/2/fdea97ca-0e86-4238-8fed-82d43f2ae1ea/full/3500,/0/default.jpg",230,https://iiif-images.library.upenn.edu/iiif/3/fdea97ca-0e86-4238-8fed-82d43f2ae1ea/info.json,American Hebrew|Pentecost,407,https://digitalrepository.library.upenn.edu/iiif/2/items/dc71c7fc-63d6-40e0-908e-ba8930064eba/manifest,https://iiif-images.library.upenn.edu/iiif/2/fdea97ca-0e86-4238-8fed-82d43f2ae1ea
obj394,Literary. Appendice Delle Abbreviature E Sigle Da Pietro Perreau.,The Jewish Record,Philadelphia,4-Jul,4-Jul,,,"https://iiif-images.library.upenn.edu/iiif/2/757b207c-878b-4fab-b71c-5d6ae80a1b12/full/!200,200/0/default.jpg","https://iiif-images.library.upenn.edu/iiif/2/757b207c-878b-4fab-b71c-5d6ae80a1b12/full/3500,/0/default.jpg",231,https://iiif-images.library.upenn.edu/iiif/3/757b207c-878b-4fab-b71c-5d6ae80a1b12/info.json,"Perreau, Pietro",408,https://digitalrepository.library.upenn.edu/iiif/2/items/dc71c7fc-63d6-40e0-908e-ba8930064eba/manifest,https://iiif-images.library.upenn.edu/iiif/2/757b207c-878b-4fab-b71c-5d6ae80a1b12
obj395,Rev. George Jacobs.,The Jewish Record,Philadelphia,18-Jul,18-Jul,,,"https://iiif-images.library.upenn.edu/iiif/2/757b207c-878b-4fab-b71c-5d6ae80a1b12/full/!200,200/0/default.jpg","https://iiif-images.library.upenn.edu/iiif/2/757b207c-878b-4fab-b71c-5d6ae80a1b12/full/3500,/0/default.jpg",231,https://iiif-images.library.upenn.edu/iiif/3/757b207c-878b-4fab-b71c-5d6ae80a1b12/info.json,"Jacobs, George (Rev.)",409,https://digitalrepository.library.upenn.edu/iiif/2/items/dc71c7fc-63d6-40e0-908e-ba8930064eba/manifest,https://iiif-images.library.upenn.edu/iiif/2/757b207c-878b-4fab-b71c-5d6ae80a1b12
obj396,In Memoriam. Address Delivered Last Sabbath by Rev. S. Morais.,The Jewish Record,Philadelphia,25-Jul,25-Jul,,,"https://iiif-images.library.upenn.edu/iiif/2/757b207c-878b-4fab-b71c-5d6ae80a1b12/full/!200,200/0/default.jpg","https://iiif-images.library.upenn.edu/iiif/2/757b207c-878b-4fab-b71c-5d6ae80a1b12/full/3500,/0/default.jpg",231,https://iiif-images.library.upenn.edu/iiif/3/757b207c-878b-4fab-b71c-5d6ae80a1b12/info.json,"Jacobs, George (Rev.)|Young Men's Hebrew Association",410,https://digitalrepository.library.upenn.edu/iiif/2/items/dc71c7fc-63d6-40e0-908e-ba8930064eba/manifest,https://iiif-images.library.upenn.edu/iiif/2/757b207c-878b-4fab-b71c-5d6ae80a1b12
obj397,The Passover Holidays.,"""Short articles, Addresses, Prayers, Letters, etc., in various secular and Jewish newspapers, written at different periods, and to which, in most cases, no date is attached. (Furnished by the writer, and in some instances, reported by others).""",[n.d.],,,,,"https://iiif-images.library.upenn.edu/iiif/2/4c2ebd2a-ccf9-4eac-95d7-a2d4f7e9f949/full/!200,200/0/default.jpg","https://iiif-images.library.upenn.edu/iiif/2/4c2ebd2a-ccf9-4eac-95d7-a2d4f7e9f949/full/3500,/0/default.jpg",232,https://iiif-images.library.upenn.edu/iiif/3/4c2ebd2a-ccf9-4eac-95d7-a2d4f7e9f949/info.json,Passover,411,https://digitalrepository.library.upenn.edu/iiif/2/items/dc71c7fc-63d6-40e0-908e-ba8930064eba/manifest,https://iiif-images.library.upenn.edu/iiif/2/4c2ebd2a-ccf9-4eac-95d7-a2d4f7e9f949
obj398,Hebrew Feast of the Tabernacle.,[n.p.],[n.d.],,,,,"https://iiif-images.library.upenn.edu/iiif/2/4c2ebd2a-ccf9-4eac-95d7-a2d4f7e9f949/full/!200,200/0/default.jpg","https://iiif-images.library.upenn.edu/iiif/2/4c2ebd2a-ccf9-4eac-95d7-a2d4f7e9f949/full/3500,/0/default.jpg",232,https://iiif-images.library.upenn.edu/iiif/3/4c2ebd2a-ccf9-4eac-95d7-a2d4f7e9f949/info.json,Succoth,412,https://digitalrepository.library.upenn.edu/iiif/2/items/dc71c7fc-63d6-40e0-908e-ba8930064eba/manifest,https://iiif-images.library.upenn.edu/iiif/2/4c2ebd2a-ccf9-4eac-95d7-a2d4f7e9f949
obj399,The Feast of Purim.,[n.p.],[n.d.],,,,,"https://iiif-images.library.upenn.edu/iiif/2/4c2ebd2a-ccf9-4eac-95d7-a2d4f7e9f949/full/!200,200/0/default.jpg","https://iiif-images.library.upenn.edu/iiif/2/4c2ebd2a-ccf9-4eac-95d7-a2d4f7e9f949/full/3500,/0/default.jpg",232,https://iiif-images.library.upenn.edu/iiif/3/4c2ebd2a-ccf9-4eac-95d7-a2d4f7e9f949/info.json,Purim,413,https://digitalrepository.library.upenn.edu/iiif/2/items/dc71c7fc-63d6-40e0-908e-ba8930064eba/manifest,https://iiif-images.library.upenn.edu/iiif/2/4c2ebd2a-ccf9-4eac-95d7-a2d4f7e9f949
obj400,Cremation and the Israelites. Mr. Editor: [...].,The Public Ledger,Philadelphia,[n.d.],[n.d.],,,"https://iiif-images.library.upenn.edu/iiif/2/4c2ebd2a-ccf9-4eac-95d7-a2d4f7e9f949/full/!200,200/0/default.jpg","https://iiif-images.library.upenn.edu/iiif/2/4c2ebd2a-ccf9-4eac-95d7-a2d4f7e9f949/full/3500,/0/default.jpg",232,https://iiif-images.library.upenn.edu/iiif/3/4c2ebd2a-ccf9-4eac-95d7-a2d4f7e9f949/info.json,"Frazer, Prof.|and Cremation|Public Ledger, The|Social Science Association",414,https://digitalrepository.library.upenn.edu/iiif/2/items/dc71c7fc-63d6-40e0-908e-ba8930064eba/manifest,https://iiif-images.library.upenn.edu/iiif/2/4c2ebd2a-ccf9-4eac-95d7-a2d4f7e9f949
obj401,The Christian Religion in the State Constitution. Messrs. Editors: [...].,The Public Ledger,Philadelphia,[n.d.],[n.d.],,,"https://iiif-images.library.upenn.edu/iiif/2/4c2ebd2a-ccf9-4eac-95d7-a2d4f7e9f949/full/!200,200/0/default.jpg","https://iiif-images.library.upenn.edu/iiif/2/4c2ebd2a-ccf9-4eac-95d7-a2d4f7e9f949/full/3500,/0/default.jpg",232,https://iiif-images.library.upenn.edu/iiif/3/4c2ebd2a-ccf9-4eac-95d7-a2d4f7e9f949/info.json,"Public Ledger, The|Seperation of Church and State",415,https://digitalrepository.library.upenn.edu/iiif/2/items/dc71c7fc-63d6-40e0-908e-ba8930064eba/manifest,https://iiif-images.library.upenn.edu/iiif/2/4c2ebd2a-ccf9-4eac-95d7-a2d4f7e9f949
obj402,"""The So-Called Conference of Rabbis for Jewish Reform.""","[n.p.], 1869",,,,,,"https://iiif-images.library.upenn.edu/iiif/2/4261eb62-c091-40dc-8c20-96ae296075a7/full/!200,200/0/default.jpg","https://iiif-images.library.upenn.edu/iiif/2/4261eb62-c091-40dc-8c20-96ae296075a7/full/3500,/0/default.jpg",233,https://iiif-images.library.upenn.edu/iiif/3/4261eb62-c091-40dc-8c20-96ae296075a7/info.json,Constitution|Conference of Rabbis for Jewish Reform,416,https://digitalrepository.library.upenn.edu/iiif/2/items/dc71c7fc-63d6-40e0-908e-ba8930064eba/manifest,https://iiif-images.library.upenn.edu/iiif/2/4261eb62-c091-40dc-8c20-96ae296075a7
obj403,The Convention of Rabbis.,"[n.p.], 1869",,,,,,"https://iiif-images.library.upenn.edu/iiif/2/4261eb62-c091-40dc-8c20-96ae296075a7/full/!200,200/0/default.jpg","https://iiif-images.library.upenn.edu/iiif/2/4261eb62-c091-40dc-8c20-96ae296075a7/full/3500,/0/default.jpg",233,https://iiif-images.library.upenn.edu/iiif/3/4261eb62-c091-40dc-8c20-96ae296075a7/info.json,Conference of Rabbis for Jewish Reform,417,https://digitalrepository.library.upenn.edu/iiif/2/items/dc71c7fc-63d6-40e0-908e-ba8930064eba/manifest,https://iiif-images.library.upenn.edu/iiif/2/4261eb62-c091-40dc-8c20-96ae296075a7
obj404,"Open Doors to Correspondents. ""The Day of Atonement."" [Letter to the] Ed. Phila. Inquirer: [...].",The Philadelphia Inquirer,,,,,,"https://iiif-images.library.upenn.edu/iiif/2/4261eb62-c091-40dc-8c20-96ae296075a7/full/!200,200/0/default.jpg","https://iiif-images.library.upenn.edu/iiif/2/4261eb62-c091-40dc-8c20-96ae296075a7/full/3500,/0/default.jpg",233,https://iiif-images.library.upenn.edu/iiif/3/4261eb62-c091-40dc-8c20-96ae296075a7/info.json,Yom Kippur,418,https://digitalrepository.library.upenn.edu/iiif/2/items/dc71c7fc-63d6-40e0-908e-ba8930064eba/manifest,https://iiif-images.library.upenn.edu/iiif/2/4261eb62-c091-40dc-8c20-96ae296075a7
obj405,Restoration of the Israelites. Mr. Editor: [...].,The Public Ledger,Philadelphia,[n.d.],[n.d.],,,"https://iiif-images.library.upenn.edu/iiif/2/a4394958-b906-4143-a1bc-da97a7703351/full/!200,200/0/default.jpg","https://iiif-images.library.upenn.edu/iiif/2/a4394958-b906-4143-a1bc-da97a7703351/full/3500,/0/default.jpg",234,https://iiif-images.library.upenn.edu/iiif/3/a4394958-b906-4143-a1bc-da97a7703351/info.json,"Messianic faith|Public Ledger, The",419,https://digitalrepository.library.upenn.edu/iiif/2/items/dc71c7fc-63d6-40e0-908e-ba8930064eba/manifest,https://iiif-images.library.upenn.edu/iiif/2/a4394958-b906-4143-a1bc-da97a7703351
obj406,Boston's Fire. A Prayer by a Hebrew Minister.,Evening Telegraph,Philadelphia,[n.d.],[n.d.],,,"https://iiif-images.library.upenn.edu/iiif/2/a4394958-b906-4143-a1bc-da97a7703351/full/!200,200/0/default.jpg","https://iiif-images.library.upenn.edu/iiif/2/a4394958-b906-4143-a1bc-da97a7703351/full/3500,/0/default.jpg",234,https://iiif-images.library.upenn.edu/iiif/3/a4394958-b906-4143-a1bc-da97a7703351/info.json,"Disasters, natural & man-made|Grant, Ulysses S.",420,https://digitalrepository.library.upenn.edu/iiif/2/items/dc71c7fc-63d6-40e0-908e-ba8930064eba/manifest,https://iiif-images.library.upenn.edu/iiif/2/a4394958-b906-4143-a1bc-da97a7703351
obj407,Fasting in Hot Weather. Mr. Editor: [...].,The Public Ledger,Philadelphia,[n.d.],[n.d.],,,"https://iiif-images.library.upenn.edu/iiif/2/a4394958-b906-4143-a1bc-da97a7703351/full/!200,200/0/default.jpg","https://iiif-images.library.upenn.edu/iiif/2/a4394958-b906-4143-a1bc-da97a7703351/full/3500,/0/default.jpg",234,https://iiif-images.library.upenn.edu/iiif/3/a4394958-b906-4143-a1bc-da97a7703351/info.json,"Public Ledger, The",421,https://digitalrepository.library.upenn.edu/iiif/2/items/dc71c7fc-63d6-40e0-908e-ba8930064eba/manifest,https://iiif-images.library.upenn.edu/iiif/2/a4394958-b906-4143-a1bc-da97a7703351
obj408,Jewish Rules about Eating. Mr. Editor: [...].,The Public Ledger,Philadelphia,[n.d.],[n.d.],,,"https://iiif-images.library.upenn.edu/iiif/2/a4394958-b906-4143-a1bc-da97a7703351/full/!200,200/0/default.jpg","https://iiif-images.library.upenn.edu/iiif/2/a4394958-b906-4143-a1bc-da97a7703351/full/3500,/0/default.jpg",234,https://iiif-images.library.upenn.edu/iiif/3/a4394958-b906-4143-a1bc-da97a7703351/info.json,"and Fasting|Public Ledger, The|and Dietary Law",422,https://digitalrepository.library.upenn.edu/iiif/2/items/dc71c7fc-63d6-40e0-908e-ba8930064eba/manifest,https://iiif-images.library.upenn.edu/iiif/2/a4394958-b906-4143-a1bc-da97a7703351
obj409,A Note from Rabbi Morais. To the Editor of The Times: [...].,The Times,Philadelphia,[n.d.],[n.d.],,,"https://iiif-images.library.upenn.edu/iiif/2/a4394958-b906-4143-a1bc-da97a7703351/full/!200,200/0/default.jpg","https://iiif-images.library.upenn.edu/iiif/2/a4394958-b906-4143-a1bc-da97a7703351/full/3500,/0/default.jpg",234,https://iiif-images.library.upenn.edu/iiif/3/a4394958-b906-4143-a1bc-da97a7703351/info.json,Yom Kippur,423,https://digitalrepository.library.upenn.edu/iiif/2/items/dc71c7fc-63d6-40e0-908e-ba8930064eba/manifest,https://iiif-images.library.upenn.edu/iiif/2/a4394958-b906-4143-a1bc-da97a7703351
obj410,Annual Meeting of the Female Hebrew Benevolent Society.,,[Philadelphia],[n.d.],[n.d.],,,"https://iiif-images.library.upenn.edu/iiif/2/a4394958-b906-4143-a1bc-da97a7703351/full/!200,200/0/default.jpg","https://iiif-images.library.upenn.edu/iiif/2/a4394958-b906-4143-a1bc-da97a7703351/full/3500,/0/default.jpg",234,https://iiif-images.library.upenn.edu/iiif/3/a4394958-b906-4143-a1bc-da97a7703351/info.json,"Female Hebrew Benevolent Society|Hart, Mrs.",424,https://digitalrepository.library.upenn.edu/iiif/2/items/dc71c7fc-63d6-40e0-908e-ba8930064eba/manifest,https://iiif-images.library.upenn.edu/iiif/2/a4394958-b906-4143-a1bc-da97a7703351
obj411,Thanksgiving in the Synagogues.,[n.p.],[n.d.],,,,,"https://iiif-images.library.upenn.edu/iiif/2/a4394958-b906-4143-a1bc-da97a7703351/full/!200,200/0/default.jpg","https://iiif-images.library.upenn.edu/iiif/2/a4394958-b906-4143-a1bc-da97a7703351/full/3500,/0/default.jpg",234,https://iiif-images.library.upenn.edu/iiif/3/a4394958-b906-4143-a1bc-da97a7703351/info.json,"Alliance Israelite Universelle|Beth Israel|Beth el Emeth|Cremieux, Isaac Adolphe|Mitchell, Mrs.|Thanksgiving",425,https://digitalrepository.library.upenn.edu/iiif/2/items/dc71c7fc-63d6-40e0-908e-ba8930064eba/manifest,https://iiif-images.library.upenn.edu/iiif/2/a4394958-b906-4143-a1bc-da97a7703351
obj412,Old Judaism. The Liberal Jewish Theory Answered. A Rabbi's Tribute to Morton McMichael.,[n.p.],,,,,,"https://iiif-images.library.upenn.edu/iiif/2/a4394958-b906-4143-a1bc-da97a7703351/full/!200,200/0/default.jpg","https://iiif-images.library.upenn.edu/iiif/2/a4394958-b906-4143-a1bc-da97a7703351/full/3500,/0/default.jpg",234,https://iiif-images.library.upenn.edu/iiif/3/a4394958-b906-4143-a1bc-da97a7703351/info.json,"McMichael, Morton|Mikveh Israel",426,https://digitalrepository.library.upenn.edu/iiif/2/items/dc71c7fc-63d6-40e0-908e-ba8930064eba/manifest,https://iiif-images.library.upenn.edu/iiif/2/a4394958-b906-4143-a1bc-da97a7703351
obj413,The Day in the Synagogue.,[n.p.],[n.d.],,,,,"https://iiif-images.library.upenn.edu/iiif/2/a4394958-b906-4143-a1bc-da97a7703351/full/!200,200/0/default.jpg","https://iiif-images.library.upenn.edu/iiif/2/a4394958-b906-4143-a1bc-da97a7703351/full/3500,/0/default.jpg",234,https://iiif-images.library.upenn.edu/iiif/3/a4394958-b906-4143-a1bc-da97a7703351/info.json,"Adler, Felix|Beth Israel|Beth el Emeth|Lilienthal, Dr. M.|Thanksgiving",427,https://digitalrepository.library.upenn.edu/iiif/2/items/dc71c7fc-63d6-40e0-908e-ba8930064eba/manifest,https://iiif-images.library.upenn.edu/iiif/2/a4394958-b906-4143-a1bc-da97a7703351
obj414,Prayer.,[n.p.],[n.d.],,,,,"https://iiif-images.library.upenn.edu/iiif/2/a4394958-b906-4143-a1bc-da97a7703351/full/!200,200/0/default.jpg","https://iiif-images.library.upenn.edu/iiif/2/a4394958-b906-4143-a1bc-da97a7703351/full/3500,/0/default.jpg",234,https://iiif-images.library.upenn.edu/iiif/3/a4394958-b906-4143-a1bc-da97a7703351/info.json,Prayer|Thanksgiving|Union (United States),428,https://digitalrepository.library.upenn.edu/iiif/2/items/dc71c7fc-63d6-40e0-908e-ba8930064eba/manifest,https://iiif-images.library.upenn.edu/iiif/2/a4394958-b906-4143-a1bc-da97a7703351
obj415,"Hebrews, Israelites or Jews?",[n.p.],[n.d.],,,,,"https://iiif-images.library.upenn.edu/iiif/2/1539d039-4608-42c9-901f-da64784c3da5/full/!200,200/0/default.jpg","https://iiif-images.library.upenn.edu/iiif/2/1539d039-4608-42c9-901f-da64784c3da5/full/3500,/0/default.jpg",235,https://iiif-images.library.upenn.edu/iiif/3/1539d039-4608-42c9-901f-da64784c3da5/info.json,"Hebrews, Israelites or Jews|Jewish identity|Jewish names",429,https://digitalrepository.library.upenn.edu/iiif/2/items/dc71c7fc-63d6-40e0-908e-ba8930064eba/manifest,https://iiif-images.library.upenn.edu/iiif/2/1539d039-4608-42c9-901f-da64784c3da5
obj416,"Obituary. Rebecca Gratz died in Philadelphia, in her eighty ninth year [...].",[n.p.],,,,,,"https://iiif-images.library.upenn.edu/iiif/2/1539d039-4608-42c9-901f-da64784c3da5/full/!200,200/0/default.jpg","https://iiif-images.library.upenn.edu/iiif/2/1539d039-4608-42c9-901f-da64784c3da5/full/3500,/0/default.jpg",235,https://iiif-images.library.upenn.edu/iiif/3/1539d039-4608-42c9-901f-da64784c3da5/info.json,"Gratz, Rebecca",430,https://digitalrepository.library.upenn.edu/iiif/2/items/dc71c7fc-63d6-40e0-908e-ba8930064eba/manifest,https://iiif-images.library.upenn.edu/iiif/2/1539d039-4608-42c9-901f-da64784c3da5
obj417,Rabbi Morais? Tribute to Morton McMichael.,[n.p.],[n.d.],,,,,"https://iiif-images.library.upenn.edu/iiif/2/1539d039-4608-42c9-901f-da64784c3da5/full/!200,200/0/default.jpg","https://iiif-images.library.upenn.edu/iiif/2/1539d039-4608-42c9-901f-da64784c3da5/full/3500,/0/default.jpg",235,https://iiif-images.library.upenn.edu/iiif/3/1539d039-4608-42c9-901f-da64784c3da5/info.json,"McMichael, Morton",431,https://digitalrepository.library.upenn.edu/iiif/2/items/dc71c7fc-63d6-40e0-908e-ba8930064eba/manifest,https://iiif-images.library.upenn.edu/iiif/2/1539d039-4608-42c9-901f-da64784c3da5
obj418,A communication was received from the Board of Hebrew Ministers [...].,[n.p.],[n.d.],,,,,"https://iiif-images.library.upenn.edu/iiif/2/1539d039-4608-42c9-901f-da64784c3da5/full/!200,200/0/default.jpg","https://iiif-images.library.upenn.edu/iiif/2/1539d039-4608-42c9-901f-da64784c3da5/full/3500,/0/default.jpg",235,https://iiif-images.library.upenn.edu/iiif/3/1539d039-4608-42c9-901f-da64784c3da5/info.json,"Board of Hebrew Ministers, Philadelphia|Elkin, Dr. M.|Jacobs|North American",432,https://digitalrepository.library.upenn.edu/iiif/2/items/dc71c7fc-63d6-40e0-908e-ba8930064eba/manifest,https://iiif-images.library.upenn.edu/iiif/2/1539d039-4608-42c9-901f-da64784c3da5
obj419,The Thanksgiving Proclamation. [Letter] To the Editor of The Evening Telegraph: [...].,The Evening Telegraph,,,,,,"https://iiif-images.library.upenn.edu/iiif/2/1539d039-4608-42c9-901f-da64784c3da5/full/!200,200/0/default.jpg","https://iiif-images.library.upenn.edu/iiif/2/1539d039-4608-42c9-901f-da64784c3da5/full/3500,/0/default.jpg",235,https://iiif-images.library.upenn.edu/iiif/3/1539d039-4608-42c9-901f-da64784c3da5/info.json,Thanksgiving,433,https://digitalrepository.library.upenn.edu/iiif/2/items/dc71c7fc-63d6-40e0-908e-ba8930064eba/manifest,https://iiif-images.library.upenn.edu/iiif/2/1539d039-4608-42c9-901f-da64784c3da5
obj420,Israelites Praying for the President. Mr. Editor: [...].,The Public Ledger,,,,,,"https://iiif-images.library.upenn.edu/iiif/2/1539d039-4608-42c9-901f-da64784c3da5/full/!200,200/0/default.jpg","https://iiif-images.library.upenn.edu/iiif/2/1539d039-4608-42c9-901f-da64784c3da5/full/3500,/0/default.jpg",235,https://iiif-images.library.upenn.edu/iiif/3/1539d039-4608-42c9-901f-da64784c3da5/info.json,"Penn, William|Pennsylvania, Governor of|Public Ledger, The",434,https://digitalrepository.library.upenn.edu/iiif/2/items/dc71c7fc-63d6-40e0-908e-ba8930064eba/manifest,https://iiif-images.library.upenn.edu/iiif/2/1539d039-4608-42c9-901f-da64784c3da5
obj421,"On Saturday evening, January 17th, Rev. S. Morais lectured [...].",[n.p.],[n.d.],,,,,"https://iiif-images.library.upenn.edu/iiif/2/41f23ea0-65b9-437c-8e30-8def07af80bc/full/!200,200/0/default.jpg","https://iiif-images.library.upenn.edu/iiif/2/41f23ea0-65b9-437c-8e30-8def07af80bc/full/3500,/0/default.jpg",236,https://iiif-images.library.upenn.edu/iiif/3/41f23ea0-65b9-437c-8e30-8def07af80bc/info.json,Alliance IsraA?lite Universelle|Falashas|North American Review|Young Men's Hebrew Association,435,https://digitalrepository.library.upenn.edu/iiif/2/items/dc71c7fc-63d6-40e0-908e-ba8930064eba/manifest,https://iiif-images.library.upenn.edu/iiif/2/41f23ea0-65b9-437c-8e30-8def07af80bc
obj422,"Would Penn Have Been Grieved? ""The Press"" Correspondent at Berlin Wounds the Feelings of Loyal Hebrews. [Letter] To the Editor of The Press: [...].",The Press,,,,,,"https://iiif-images.library.upenn.edu/iiif/2/41f23ea0-65b9-437c-8e30-8def07af80bc/full/!200,200/0/default.jpg","https://iiif-images.library.upenn.edu/iiif/2/41f23ea0-65b9-437c-8e30-8def07af80bc/full/3500,/0/default.jpg",236,https://iiif-images.library.upenn.edu/iiif/3/41f23ea0-65b9-437c-8e30-8def07af80bc/info.json,"Hallevi, Joseph",436,https://digitalrepository.library.upenn.edu/iiif/2/items/dc71c7fc-63d6-40e0-908e-ba8930064eba/manifest,https://iiif-images.library.upenn.edu/iiif/2/41f23ea0-65b9-437c-8e30-8def07af80bc
obj423,Communication. Messrs. Editors: [...].,Episcopal Register,Philadelphia,[n.d.],[n.d.],,,"https://iiif-images.library.upenn.edu/iiif/2/41f23ea0-65b9-437c-8e30-8def07af80bc/full/!200,200/0/default.jpg","https://iiif-images.library.upenn.edu/iiif/2/41f23ea0-65b9-437c-8e30-8def07af80bc/full/3500,/0/default.jpg",236,https://iiif-images.library.upenn.edu/iiif/3/41f23ea0-65b9-437c-8e30-8def07af80bc/info.json,"Hoyt, Mr.|Statue of Religious Liberty",437,https://digitalrepository.library.upenn.edu/iiif/2/items/dc71c7fc-63d6-40e0-908e-ba8930064eba/manifest,https://iiif-images.library.upenn.edu/iiif/2/41f23ea0-65b9-437c-8e30-8def07af80bc
obj424,The Russian Refugees. [Letter to the] Editor of The Record: [...].,[n.p.],[n.d.],,,,,"https://iiif-images.library.upenn.edu/iiif/2/41f23ea0-65b9-437c-8e30-8def07af80bc/full/!200,200/0/default.jpg","https://iiif-images.library.upenn.edu/iiif/2/41f23ea0-65b9-437c-8e30-8def07af80bc/full/3500,/0/default.jpg",236,https://iiif-images.library.upenn.edu/iiif/3/41f23ea0-65b9-437c-8e30-8def07af80bc/info.json,"Sternberg, Mr.|Vineland Colony, N.J.",438,https://digitalrepository.library.upenn.edu/iiif/2/items/dc71c7fc-63d6-40e0-908e-ba8930064eba/manifest,https://iiif-images.library.upenn.edu/iiif/2/41f23ea0-65b9-437c-8e30-8def07af80bc
obj425,Henry Cohen,[n.p.],,,,,,"https://iiif-images.library.upenn.edu/iiif/2/41f23ea0-65b9-437c-8e30-8def07af80bc/full/!200,200/0/default.jpg","https://iiif-images.library.upenn.edu/iiif/2/41f23ea0-65b9-437c-8e30-8def07af80bc/full/3500,/0/default.jpg",236,https://iiif-images.library.upenn.edu/iiif/3/41f23ea0-65b9-437c-8e30-8def07af80bc/info.json,"Cohen, Henry|Henry, Mr.",439,https://digitalrepository.library.upenn.edu/iiif/2/items/dc71c7fc-63d6-40e0-908e-ba8930064eba/manifest,https://iiif-images.library.upenn.edu/iiif/2/41f23ea0-65b9-437c-8e30-8def07af80bc
obj426,"""A Nation Wounded."" Opinions as Expressed in the Synagogue by a Prominent Rabbi: [...].",[n.p.],[n.d.],,,,,"https://iiif-images.library.upenn.edu/iiif/2/41f23ea0-65b9-437c-8e30-8def07af80bc/full/!200,200/0/default.jpg","https://iiif-images.library.upenn.edu/iiif/2/41f23ea0-65b9-437c-8e30-8def07af80bc/full/3500,/0/default.jpg",236,https://iiif-images.library.upenn.edu/iiif/3/41f23ea0-65b9-437c-8e30-8def07af80bc/info.json,"Garfield, James Abram|Jewish Foster Home and Orphan Asylum, Philadelphia",440,https://digitalrepository.library.upenn.edu/iiif/2/items/dc71c7fc-63d6-40e0-908e-ba8930064eba/manifest,https://iiif-images.library.upenn.edu/iiif/2/41f23ea0-65b9-437c-8e30-8def07af80bc
obj427,A Petition in the Synagogue. Rabbi Morais? Fervent Petition Before the Mickve Israel Congregation: [...].,[n.p.],[n.d.],,,,,"https://iiif-images.library.upenn.edu/iiif/2/a169a286-dbfb-40ac-8f60-9861cd829436/full/!200,200/0/default.jpg","https://iiif-images.library.upenn.edu/iiif/2/a169a286-dbfb-40ac-8f60-9861cd829436/full/3500,/0/default.jpg",237,https://iiif-images.library.upenn.edu/iiif/3/a169a286-dbfb-40ac-8f60-9861cd829436/info.json,"Garfield, James Abram",441,https://digitalrepository.library.upenn.edu/iiif/2/items/dc71c7fc-63d6-40e0-908e-ba8930064eba/manifest,https://iiif-images.library.upenn.edu/iiif/2/a169a286-dbfb-40ac-8f60-9861cd829436
obj428,"Sarah Levi Nathan, staunchest friend of Joseph Mazzini [...].",[n.p.],[n.d.],,,,,"https://iiif-images.library.upenn.edu/iiif/2/a169a286-dbfb-40ac-8f60-9861cd829436/full/!200,200/0/default.jpg","https://iiif-images.library.upenn.edu/iiif/2/a169a286-dbfb-40ac-8f60-9861cd829436/full/3500,/0/default.jpg",237,https://iiif-images.library.upenn.edu/iiif/3/a169a286-dbfb-40ac-8f60-9861cd829436/info.json,"Alatri, Samuel|Mazzini, Joseph|Nathan, Joseph|Nathan, Sarah Levi",442,https://digitalrepository.library.upenn.edu/iiif/2/items/dc71c7fc-63d6-40e0-908e-ba8930064eba/manifest,https://iiif-images.library.upenn.edu/iiif/2/a169a286-dbfb-40ac-8f60-9861cd829436
obj429,Pennsylvania's Founder. An Eloquent Tribute to the Character and Work of William Penn.,Daily Mercury,Philadelphia,[n.d.],[n.d.],,,"https://iiif-images.library.upenn.edu/iiif/2/a169a286-dbfb-40ac-8f60-9861cd829436/full/!200,200/0/default.jpg","https://iiif-images.library.upenn.edu/iiif/2/a169a286-dbfb-40ac-8f60-9861cd829436/full/3500,/0/default.jpg",237,https://iiif-images.library.upenn.edu/iiif/3/a169a286-dbfb-40ac-8f60-9861cd829436/info.json,"Morais, Nina",443,https://digitalrepository.library.upenn.edu/iiif/2/items/dc71c7fc-63d6-40e0-908e-ba8930064eba/manifest,https://iiif-images.library.upenn.edu/iiif/2/a169a286-dbfb-40ac-8f60-9861cd829436
obj430,The Philadelphia Ministers and the Judenhetze.,[n.p.],,,,,,"https://iiif-images.library.upenn.edu/iiif/2/a169a286-dbfb-40ac-8f60-9861cd829436/full/!200,200/0/default.jpg","https://iiif-images.library.upenn.edu/iiif/2/a169a286-dbfb-40ac-8f60-9861cd829436/full/3500,/0/default.jpg",237,https://iiif-images.library.upenn.edu/iiif/3/a169a286-dbfb-40ac-8f60-9861cd829436/info.json,Bicentennial|Thanksgiving,444,https://digitalrepository.library.upenn.edu/iiif/2/items/dc71c7fc-63d6-40e0-908e-ba8930064eba/manifest,https://iiif-images.library.upenn.edu/iiif/2/a169a286-dbfb-40ac-8f60-9861cd829436
obj431,Communication. Mr. Editor: [...].,The Jewish Record,Philadelphia,January,January,,,"https://iiif-images.library.upenn.edu/iiif/2/a169a286-dbfb-40ac-8f60-9861cd829436/full/!200,200/0/default.jpg","https://iiif-images.library.upenn.edu/iiif/2/a169a286-dbfb-40ac-8f60-9861cd829436/full/3500,/0/default.jpg",237,https://iiif-images.library.upenn.edu/iiif/3/a169a286-dbfb-40ac-8f60-9861cd829436/info.json,and Marriage,445,https://digitalrepository.library.upenn.edu/iiif/2/items/dc71c7fc-63d6-40e0-908e-ba8930064eba/manifest,https://iiif-images.library.upenn.edu/iiif/2/a169a286-dbfb-40ac-8f60-9861cd829436
obj432,Orthodox Judaism. A stalwart defence of the Jewish Race-Judaism to be justly judged by non-Jews. To the Editor of the Herald: [...].,[n.p.],[n.d.],,,,,"https://iiif-images.library.upenn.edu/iiif/2/3e469218-f0c2-47c5-a7b6-a8c1979d0ff5/full/!200,200/0/default.jpg","https://iiif-images.library.upenn.edu/iiif/2/3e469218-f0c2-47c5-a7b6-a8c1979d0ff5/full/3500,/0/default.jpg",238,https://iiif-images.library.upenn.edu/iiif/3/3e469218-f0c2-47c5-a7b6-a8c1979d0ff5/info.json,"Adler, Dr. Nathan M. (Chief Rabbi of Great Britain)|Orthodox (also ""Mosaism"")|Morandes, S. H.|Press, The|Smith, Goldwin|Stern, Dr.",446,https://digitalrepository.library.upenn.edu/iiif/2/items/dc71c7fc-63d6-40e0-908e-ba8930064eba/manifest,https://iiif-images.library.upenn.edu/iiif/2/3e469218-f0c2-47c5-a7b6-a8c1979d0ff5
obj433,"On Sabbath last, Rev. S. Morais [...].",[n.p.],[n.d.],,,,,"https://iiif-images.library.upenn.edu/iiif/2/3e469218-f0c2-47c5-a7b6-a8c1979d0ff5/full/!200,200/0/default.jpg","https://iiif-images.library.upenn.edu/iiif/2/3e469218-f0c2-47c5-a7b6-a8c1979d0ff5/full/3500,/0/default.jpg",238,https://iiif-images.library.upenn.edu/iiif/3/3e469218-f0c2-47c5-a7b6-a8c1979d0ff5/info.json,"Louisa B. Hart Sewing School|VanBeil, Mrs. Emily",447,https://digitalrepository.library.upenn.edu/iiif/2/items/dc71c7fc-63d6-40e0-908e-ba8930064eba/manifest,https://iiif-images.library.upenn.edu/iiif/2/3e469218-f0c2-47c5-a7b6-a8c1979d0ff5
obj434,"We send the venerable champion of Israel, our heartiest congratulations [...].",[n.p.],[n.d.],,,,,"https://iiif-images.library.upenn.edu/iiif/2/3e469218-f0c2-47c5-a7b6-a8c1979d0ff5/full/!200,200/0/default.jpg","https://iiif-images.library.upenn.edu/iiif/2/3e469218-f0c2-47c5-a7b6-a8c1979d0ff5/full/3500,/0/default.jpg",238,https://iiif-images.library.upenn.edu/iiif/3/3e469218-f0c2-47c5-a7b6-a8c1979d0ff5/info.json,"Alliance IsraA?lite Universelle|Montefiore, Moses|Rebecca Gratz School",448,https://digitalrepository.library.upenn.edu/iiif/2/items/dc71c7fc-63d6-40e0-908e-ba8930064eba/manifest,https://iiif-images.library.upenn.edu/iiif/2/3e469218-f0c2-47c5-a7b6-a8c1979d0ff5
obj435,Help the Alliance!,[n.p.],[n.d.],,,,,"https://iiif-images.library.upenn.edu/iiif/2/3e469218-f0c2-47c5-a7b6-a8c1979d0ff5/full/!200,200/0/default.jpg","https://iiif-images.library.upenn.edu/iiif/2/3e469218-f0c2-47c5-a7b6-a8c1979d0ff5/full/3500,/0/default.jpg",238,https://iiif-images.library.upenn.edu/iiif/3/3e469218-f0c2-47c5-a7b6-a8c1979d0ff5/info.json,"Alliance IsraA?lite Universelle|Dropsie, Moses A.",449,https://digitalrepository.library.upenn.edu/iiif/2/items/dc71c7fc-63d6-40e0-908e-ba8930064eba/manifest,https://iiif-images.library.upenn.edu/iiif/2/3e469218-f0c2-47c5-a7b6-a8c1979d0ff5
obj436,Rev. S. Morais called attention to the approaching centennial anniversary [...].,[n.p.],[n.d.],,,,,"https://iiif-images.library.upenn.edu/iiif/2/3e469218-f0c2-47c5-a7b6-a8c1979d0ff5/full/!200,200/0/default.jpg","https://iiif-images.library.upenn.edu/iiif/2/3e469218-f0c2-47c5-a7b6-a8c1979d0ff5/full/3500,/0/default.jpg",238,https://iiif-images.library.upenn.edu/iiif/3/3e469218-f0c2-47c5-a7b6-a8c1979d0ff5/info.json,Mikveh Israel,450,https://digitalrepository.library.upenn.edu/iiif/2/items/dc71c7fc-63d6-40e0-908e-ba8930064eba/manifest,https://iiif-images.library.upenn.edu/iiif/2/3e469218-f0c2-47c5-a7b6-a8c1979d0ff5
obj437,Chevalier Veneziani and the Work of the Alliance.,The Jewish Record,Philadelphia,18-Aug,18-Aug,,,"https://iiif-images.library.upenn.edu/iiif/2/2fedde64-0730-4dfa-a0f6-b4beb9356bf5/full/!200,200/0/default.jpg","https://iiif-images.library.upenn.edu/iiif/2/2fedde64-0730-4dfa-a0f6-b4beb9356bf5/full/3500,/0/default.jpg",239,https://iiif-images.library.upenn.edu/iiif/3/2fedde64-0730-4dfa-a0f6-b4beb9356bf5/info.json,"Alliance IsraA?lite Universelle|Derenburg, Joseph|Goldschmidt, S. H.|Isidor, Rabbi L.|Lehmann, L.|Leven, N.|Loeb, Isidore M.|Russian Jews|Veneziani, Emanuel",451,https://digitalrepository.library.upenn.edu/iiif/2/items/dc71c7fc-63d6-40e0-908e-ba8930064eba/manifest,https://iiif-images.library.upenn.edu/iiif/2/2fedde64-0730-4dfa-a0f6-b4beb9356bf5
obj438,Honor to Whom Honor is Due.,[n.p.],[n.d.],,,,,"https://iiif-images.library.upenn.edu/iiif/2/2fedde64-0730-4dfa-a0f6-b4beb9356bf5/full/!200,200/0/default.jpg","https://iiif-images.library.upenn.edu/iiif/2/2fedde64-0730-4dfa-a0f6-b4beb9356bf5/full/3500,/0/default.jpg",239,https://iiif-images.library.upenn.edu/iiif/3/2fedde64-0730-4dfa-a0f6-b4beb9356bf5/info.json,"Mikveh Israel|Rabinowitz, Joel (Cape Town)",452,https://digitalrepository.library.upenn.edu/iiif/2/items/dc71c7fc-63d6-40e0-908e-ba8930064eba/manifest,https://iiif-images.library.upenn.edu/iiif/2/2fedde64-0730-4dfa-a0f6-b4beb9356bf5
obj439,"On Sabbath last, Rev. S. Morais alluded to the fact [...].",[n.p.],[n.d.],,,,,"https://iiif-images.library.upenn.edu/iiif/2/3a227353-cc64-4ec2-9265-bdd688a43252/full/!200,200/0/default.jpg","https://iiif-images.library.upenn.edu/iiif/2/3a227353-cc64-4ec2-9265-bdd688a43252/full/3500,/0/default.jpg",240,https://iiif-images.library.upenn.edu/iiif/3/3a227353-cc64-4ec2-9265-bdd688a43252/info.json,American Hebrew|Mikveh Israel,453,https://digitalrepository.library.upenn.edu/iiif/2/items/dc71c7fc-63d6-40e0-908e-ba8930064eba/manifest,https://iiif-images.library.upenn.edu/iiif/2/3a227353-cc64-4ec2-9265-bdd688a43252
obj440,Mickve Israel Congregation. [Letter] To the American Hebrew [...].,American Hebrew,New York,[n.d.],[n.d.],,,"https://iiif-images.library.upenn.edu/iiif/2/3a227353-cc64-4ec2-9265-bdd688a43252/full/!200,200/0/default.jpg","https://iiif-images.library.upenn.edu/iiif/2/3a227353-cc64-4ec2-9265-bdd688a43252/full/3500,/0/default.jpg",240,https://iiif-images.library.upenn.edu/iiif/3/3a227353-cc64-4ec2-9265-bdd688a43252/info.json,American Hebrew|Mikveh Israel,454,https://digitalrepository.library.upenn.edu/iiif/2/items/dc71c7fc-63d6-40e0-908e-ba8930064eba/manifest,https://iiif-images.library.upenn.edu/iiif/2/3a227353-cc64-4ec2-9265-bdd688a43252
obj441,"On Saturday, Rev. S. Morais delivered a lecture [...].",[n.p.],[n.d.],,,,,"https://iiif-images.library.upenn.edu/iiif/2/3a227353-cc64-4ec2-9265-bdd688a43252/full/!200,200/0/default.jpg","https://iiif-images.library.upenn.edu/iiif/2/3a227353-cc64-4ec2-9265-bdd688a43252/full/3500,/0/default.jpg",240,https://iiif-images.library.upenn.edu/iiif/3/3a227353-cc64-4ec2-9265-bdd688a43252/info.json,"Anti-Semitism|Bismark, Otto von|Lasker, Edward|Treitschke, Prof. Heinrich von|Yom Kippur Before Metz",455,https://digitalrepository.library.upenn.edu/iiif/2/items/dc71c7fc-63d6-40e0-908e-ba8930064eba/manifest,https://iiif-images.library.upenn.edu/iiif/2/3a227353-cc64-4ec2-9265-bdd688a43252
obj442,Dr. A. S. Isaacs in Philadelphia.,[n.p.],[n.d.],,,,,"https://iiif-images.library.upenn.edu/iiif/2/3a227353-cc64-4ec2-9265-bdd688a43252/full/!200,200/0/default.jpg","https://iiif-images.library.upenn.edu/iiif/2/3a227353-cc64-4ec2-9265-bdd688a43252/full/3500,/0/default.jpg",240,https://iiif-images.library.upenn.edu/iiif/3/3a227353-cc64-4ec2-9265-bdd688a43252/info.json,"Isaacs, Dr. A. S|Isaacs, S. Meyer Rev|Oppenheim, Moritz Daniel",456,https://digitalrepository.library.upenn.edu/iiif/2/items/dc71c7fc-63d6-40e0-908e-ba8930064eba/manifest,https://iiif-images.library.upenn.edu/iiif/2/3a227353-cc64-4ec2-9265-bdd688a43252
obj443,On the first day of Passover the Rev. S. Morais [...].,[n.p.],[n.d.],,,,,"https://iiif-images.library.upenn.edu/iiif/2/48e0b095-2f83-40ae-9e70-7337bb4d288b/full/!200,200/0/default.jpg","https://iiif-images.library.upenn.edu/iiif/2/48e0b095-2f83-40ae-9e70-7337bb4d288b/full/3500,/0/default.jpg",241,https://iiif-images.library.upenn.edu/iiif/3/48e0b095-2f83-40ae-9e70-7337bb4d288b/info.json,Domestic|Passover,457,https://digitalrepository.library.upenn.edu/iiif/2/items/dc71c7fc-63d6-40e0-908e-ba8930064eba/manifest,https://iiif-images.library.upenn.edu/iiif/2/48e0b095-2f83-40ae-9e70-7337bb4d288b
obj444,"Rev. S. Morais on Sabbath last, cut to pieces Dr. Kohler's article on old and new Judaism [...].",[n.p.],[n.d.],,,,,"https://iiif-images.library.upenn.edu/iiif/2/48e0b095-2f83-40ae-9e70-7337bb4d288b/full/!200,200/0/default.jpg","https://iiif-images.library.upenn.edu/iiif/2/48e0b095-2f83-40ae-9e70-7337bb4d288b/full/3500,/0/default.jpg",241,https://iiif-images.library.upenn.edu/iiif/3/48e0b095-2f83-40ae-9e70-7337bb4d288b/info.json,"Kohler, Kaufmann|Hebrew Review, The|Reform Judaism, (also ""Neology""/""Gentilism"")",458,https://digitalrepository.library.upenn.edu/iiif/2/items/dc71c7fc-63d6-40e0-908e-ba8930064eba/manifest,https://iiif-images.library.upenn.edu/iiif/2/48e0b095-2f83-40ae-9e70-7337bb4d288b
obj445,In the Seventh Street Synagogue services were conducted [...].,[n.p.],[n.d.],,,,,"https://iiif-images.library.upenn.edu/iiif/2/48e0b095-2f83-40ae-9e70-7337bb4d288b/full/!200,200/0/default.jpg","https://iiif-images.library.upenn.edu/iiif/2/48e0b095-2f83-40ae-9e70-7337bb4d288b/full/3500,/0/default.jpg",241,https://iiif-images.library.upenn.edu/iiif/3/48e0b095-2f83-40ae-9e70-7337bb4d288b/info.json,Yom Kippur,459,https://digitalrepository.library.upenn.edu/iiif/2/items/dc71c7fc-63d6-40e0-908e-ba8930064eba/manifest,https://iiif-images.library.upenn.edu/iiif/2/48e0b095-2f83-40ae-9e70-7337bb4d288b
obj446,Morais referred to the peculiar wording of the opening sentence of the parasha [...].,[n.p.],[n.d.],,,,,"https://iiif-images.library.upenn.edu/iiif/2/48e0b095-2f83-40ae-9e70-7337bb4d288b/full/!200,200/0/default.jpg","https://iiif-images.library.upenn.edu/iiif/2/48e0b095-2f83-40ae-9e70-7337bb4d288b/full/3500,/0/default.jpg",241,https://iiif-images.library.upenn.edu/iiif/3/48e0b095-2f83-40ae-9e70-7337bb4d288b/info.json,Domestic|Religious education|Sabbath observance,460,https://digitalrepository.library.upenn.edu/iiif/2/items/dc71c7fc-63d6-40e0-908e-ba8930064eba/manifest,https://iiif-images.library.upenn.edu/iiif/2/48e0b095-2f83-40ae-9e70-7337bb4d288b
obj447,"On the first day of Shabuoth, Rev. S. Morais spoke of the doubts [...].",[n.p.],[n.d.],,,,,"https://iiif-images.library.upenn.edu/iiif/2/904ee52a-c4d1-4883-a603-f56c61429c81/full/!200,200/0/default.jpg","https://iiif-images.library.upenn.edu/iiif/2/904ee52a-c4d1-4883-a603-f56c61429c81/full/3500,/0/default.jpg",242,https://iiif-images.library.upenn.edu/iiif/3/904ee52a-c4d1-4883-a603-f56c61429c81/info.json,"Association Review|Eger, Akiba|Elias of Vilna [Elijah / Vilna Gaon]|Harkavy, Albert|Hartenstein, Daniel|Lebensohn, A. D.|Letteris, Mayer M.|Mapu, Abraham|Nicholas, Czar|Russian Jews",461,https://digitalrepository.library.upenn.edu/iiif/2/items/dc71c7fc-63d6-40e0-908e-ba8930064eba/manifest,https://iiif-images.library.upenn.edu/iiif/2/904ee52a-c4d1-4883-a603-f56c61429c81
obj448,"On Sabbath last, Rev. S. Morais resumed his series of sermons [...].",[n.p.],[n.d.],,,,,"https://iiif-images.library.upenn.edu/iiif/2/904ee52a-c4d1-4883-a603-f56c61429c81/full/!200,200/0/default.jpg","https://iiif-images.library.upenn.edu/iiif/2/904ee52a-c4d1-4883-a603-f56c61429c81/full/3500,/0/default.jpg",242,https://iiif-images.library.upenn.edu/iiif/3/904ee52a-c4d1-4883-a603-f56c61429c81/info.json,"Immortality|Slonimsky, H. S.",462,https://digitalrepository.library.upenn.edu/iiif/2/items/dc71c7fc-63d6-40e0-908e-ba8930064eba/manifest,https://iiif-images.library.upenn.edu/iiif/2/904ee52a-c4d1-4883-a603-f56c61429c81
obj449,"It goes, as a matter of course, that the devout (?) worshippers of Adonai on Rosh Hashanah and Kippur [...].",[n.p.],[n.d.],,,,,"https://iiif-images.library.upenn.edu/iiif/2/904ee52a-c4d1-4883-a603-f56c61429c81/full/!200,200/0/default.jpg","https://iiif-images.library.upenn.edu/iiif/2/904ee52a-c4d1-4883-a603-f56c61429c81/full/3500,/0/default.jpg",242,https://iiif-images.library.upenn.edu/iiif/3/904ee52a-c4d1-4883-a603-f56c61429c81/info.json,"Wise, I. M.",463,https://digitalrepository.library.upenn.edu/iiif/2/items/dc71c7fc-63d6-40e0-908e-ba8930064eba/manifest,https://iiif-images.library.upenn.edu/iiif/2/904ee52a-c4d1-4883-a603-f56c61429c81
obj450,"Rev. S. Morais is indeed ""thrillingly eloquent,"" [...].",[n.p.],[n.d.],,,,,"https://iiif-images.library.upenn.edu/iiif/2/baa41e93-e38b-4a48-bd15-013be26f5119/full/!200,200/0/default.jpg","https://iiif-images.library.upenn.edu/iiif/2/baa41e93-e38b-4a48-bd15-013be26f5119/full/3500,/0/default.jpg",243,https://iiif-images.library.upenn.edu/iiif/3/baa41e93-e38b-4a48-bd15-013be26f5119/info.json,May Laws|Ninth of Ab|Russian Jews,464,https://digitalrepository.library.upenn.edu/iiif/2/items/dc71c7fc-63d6-40e0-908e-ba8930064eba/manifest,https://iiif-images.library.upenn.edu/iiif/2/baa41e93-e38b-4a48-bd15-013be26f5119
obj451,"The Rev. S. Morais has been delivering, at intervals, for some time past, [...].",[n.p.],[n.d.],,,,,"https://iiif-images.library.upenn.edu/iiif/2/baa41e93-e38b-4a48-bd15-013be26f5119/full/!200,200/0/default.jpg","https://iiif-images.library.upenn.edu/iiif/2/baa41e93-e38b-4a48-bd15-013be26f5119/full/3500,/0/default.jpg",243,https://iiif-images.library.upenn.edu/iiif/3/baa41e93-e38b-4a48-bd15-013be26f5119/info.json,"Christianity, origins of|Jesus|Post-Biblical history|Talmud",465,https://digitalrepository.library.upenn.edu/iiif/2/items/dc71c7fc-63d6-40e0-908e-ba8930064eba/manifest,https://iiif-images.library.upenn.edu/iiif/2/baa41e93-e38b-4a48-bd15-013be26f5119
obj452,The Fast of Ab.,The Jewish Record.,Philadelphia,25-Jul,25-Jul,,,"https://iiif-images.library.upenn.edu/iiif/2/5646eec0-1442-4d1d-9472-7eb1de228c43/full/!200,200/0/default.jpg","https://iiif-images.library.upenn.edu/iiif/2/5646eec0-1442-4d1d-9472-7eb1de228c43/full/3500,/0/default.jpg",244,https://iiif-images.library.upenn.edu/iiif/3/5646eec0-1442-4d1d-9472-7eb1de228c43/info.json,Alliance IsraA?lite Universelle|Ninth of Ab,466,https://digitalrepository.library.upenn.edu/iiif/2/items/dc71c7fc-63d6-40e0-908e-ba8930064eba/manifest,https://iiif-images.library.upenn.edu/iiif/2/5646eec0-1442-4d1d-9472-7eb1de228c43
obj453,Mr. Editor. Will you have the goodness to insert the following [...].,[n.p.],[n.d.],,,,,"https://iiif-images.library.upenn.edu/iiif/2/5646eec0-1442-4d1d-9472-7eb1de228c43/full/!200,200/0/default.jpg","https://iiif-images.library.upenn.edu/iiif/2/5646eec0-1442-4d1d-9472-7eb1de228c43/full/3500,/0/default.jpg",244,https://iiif-images.library.upenn.edu/iiif/3/5646eec0-1442-4d1d-9472-7eb1de228c43/info.json,"Graeber, Eisig (of Przemysl)|Luzzatto, S.D. Prof.|Index raison?e des livres de correspondance du feu SD Luzzatto|Rapoport, S.L.",467,https://digitalrepository.library.upenn.edu/iiif/2/items/dc71c7fc-63d6-40e0-908e-ba8930064eba/manifest,https://iiif-images.library.upenn.edu/iiif/2/5646eec0-1442-4d1d-9472-7eb1de228c43
obj454,"""Kether Shem Tob"": (The Crown of a Good Name) [...].",The Jewish Record,Philadelphia,1-Aug,1-Aug,,,"https://iiif-images.library.upenn.edu/iiif/2/5646eec0-1442-4d1d-9472-7eb1de228c43/full/!200,200/0/default.jpg","https://iiif-images.library.upenn.edu/iiif/2/5646eec0-1442-4d1d-9472-7eb1de228c43/full/3500,/0/default.jpg",244,https://iiif-images.library.upenn.edu/iiif/3/5646eec0-1442-4d1d-9472-7eb1de228c43/info.json,"Montefiore, Moses",468,https://digitalrepository.library.upenn.edu/iiif/2/items/dc71c7fc-63d6-40e0-908e-ba8930064eba/manifest,https://iiif-images.library.upenn.edu/iiif/2/5646eec0-1442-4d1d-9472-7eb1de228c43
obj455,Report of the Sub-Committee [regarding the Montefiore centennial birthday].,The Jewish Record,Philadelphia,1-Aug,1-Aug,,,"https://iiif-images.library.upenn.edu/iiif/2/5646eec0-1442-4d1d-9472-7eb1de228c43/full/!200,200/0/default.jpg","https://iiif-images.library.upenn.edu/iiif/2/5646eec0-1442-4d1d-9472-7eb1de228c43/full/3500,/0/default.jpg",244,https://iiif-images.library.upenn.edu/iiif/3/5646eec0-1442-4d1d-9472-7eb1de228c43/info.json,"Alliance IsraA?lite Universelle|Hirsch, M. C.|Jones, Alfred|Meyerhoff, M. S.|Montefiore, Moses",469,https://digitalrepository.library.upenn.edu/iiif/2/items/dc71c7fc-63d6-40e0-908e-ba8930064eba/manifest,https://iiif-images.library.upenn.edu/iiif/2/5646eec0-1442-4d1d-9472-7eb1de228c43
obj456,[...],American Hebrew,New York,31-Oct,31-Oct,,,"https://iiif-images.library.upenn.edu/iiif/2/02723e1b-79bb-4cc7-9add-9ed0f0a504a4/full/!200,200/0/default.jpg","https://iiif-images.library.upenn.edu/iiif/2/02723e1b-79bb-4cc7-9add-9ed0f0a504a4/full/3500,/0/default.jpg",245,https://iiif-images.library.upenn.edu/iiif/3/02723e1b-79bb-4cc7-9add-9ed0f0a504a4/info.json,"American Hebrew|Montefiore, Moses",470,https://digitalrepository.library.upenn.edu/iiif/2/items/dc71c7fc-63d6-40e0-908e-ba8930064eba/manifest,https://iiif-images.library.upenn.edu/iiif/2/02723e1b-79bb-4cc7-9add-9ed0f0a504a4
obj457,The Church and Its Duty. Rev. S. Morais on the limits of Politics in the Pulpit.,The Philadelphia Inquirer,Philadelphia,28-Nov,28-Nov,,,"https://iiif-images.library.upenn.edu/iiif/2/06c559c6-3d80-4348-98e2-ca2b50bc5f34/full/!200,200/0/default.jpg","https://iiif-images.library.upenn.edu/iiif/2/06c559c6-3d80-4348-98e2-ca2b50bc5f34/full/3500,/0/default.jpg",246,https://iiif-images.library.upenn.edu/iiif/3/06c559c6-3d80-4348-98e2-ca2b50bc5f34/info.json,"Arnold, Matthew|Disasters, natural & man-made|Humbert IV|Lowell, James Russell|Pulpit & politics",471,https://digitalrepository.library.upenn.edu/iiif/2/items/dc71c7fc-63d6-40e0-908e-ba8930064eba/manifest,https://iiif-images.library.upenn.edu/iiif/2/06c559c6-3d80-4348-98e2-ca2b50bc5f34
obj458,It used to be claimed that the Sephardic (or Portuguese) Congregation [...].,American Hebrew,New York,13-Feb,13-Feb,,,"https://iiif-images.library.upenn.edu/iiif/2/06c559c6-3d80-4348-98e2-ca2b50bc5f34/full/!200,200/0/default.jpg","https://iiif-images.library.upenn.edu/iiif/2/06c559c6-3d80-4348-98e2-ca2b50bc5f34/full/3500,/0/default.jpg",246,https://iiif-images.library.upenn.edu/iiif/3/06c559c6-3d80-4348-98e2-ca2b50bc5f34/info.json,"Alliance IsraA?lite Universelle|American Hebrew|Guenee, Abbott",472,https://digitalrepository.library.upenn.edu/iiif/2/items/dc71c7fc-63d6-40e0-908e-ba8930064eba/manifest,https://iiif-images.library.upenn.edu/iiif/2/06c559c6-3d80-4348-98e2-ca2b50bc5f34
obj459,Our Philadelphia Letter. To the American Hebrew: in Y. M. H. A. circles.,American Hebrew,New York,26-Dec,26-Dec,,,"https://iiif-images.library.upenn.edu/iiif/2/4cfd56a2-a858-40ce-a863-319bd90e97f3/full/!200,200/0/default.jpg","https://iiif-images.library.upenn.edu/iiif/2/4cfd56a2-a858-40ce-a863-319bd90e97f3/full/3500,/0/default.jpg",247,https://iiif-images.library.upenn.edu/iiif/3/4cfd56a2-a858-40ce-a863-319bd90e97f3/info.json,American Hebrew,473,https://digitalrepository.library.upenn.edu/iiif/2/items/dc71c7fc-63d6-40e0-908e-ba8930064eba/manifest,https://iiif-images.library.upenn.edu/iiif/2/4cfd56a2-a858-40ce-a863-319bd90e97f3
obj460,[Letter to the] Editor Jewish Record: [...].,The Jewish Record,Philadelphia,2-Jan,2-Jan,,,"https://iiif-images.library.upenn.edu/iiif/2/4cfd56a2-a858-40ce-a863-319bd90e97f3/full/!200,200/0/default.jpg","https://iiif-images.library.upenn.edu/iiif/2/4cfd56a2-a858-40ce-a863-319bd90e97f3/full/3500,/0/default.jpg",247,https://iiif-images.library.upenn.edu/iiif/3/4cfd56a2-a858-40ce-a863-319bd90e97f3/info.json,Deborah,474,https://digitalrepository.library.upenn.edu/iiif/2/items/dc71c7fc-63d6-40e0-908e-ba8930064eba/manifest,https://iiif-images.library.upenn.edu/iiif/2/4cfd56a2-a858-40ce-a863-319bd90e97f3
obj461,25th Anniversary of the Founding of the Alliance.,American Hebrew,New York,2-Jan,2-Jan,,,"https://iiif-images.library.upenn.edu/iiif/2/c71fcd04-2129-4726-a42f-ca0b46911c66/full/!200,200/0/default.jpg","https://iiif-images.library.upenn.edu/iiif/2/c71fcd04-2129-4726-a42f-ca0b46911c66/full/3500,/0/default.jpg",248,https://iiif-images.library.upenn.edu/iiif/3/c71fcd04-2129-4726-a42f-ca0b46911c66/info.json,Alliance IsraA?lite Universelle|American Hebrew,475,https://digitalrepository.library.upenn.edu/iiif/2/items/dc71c7fc-63d6-40e0-908e-ba8930064eba/manifest,https://iiif-images.library.upenn.edu/iiif/2/c71fcd04-2129-4726-a42f-ca0b46911c66
obj462,Our Philadelphia Letter. To the American Hebrew: Y. M. H. A. Affairs.,American Hebrew,New York,6-Feb,6-Feb,,,"https://iiif-images.library.upenn.edu/iiif/2/c71fcd04-2129-4726-a42f-ca0b46911c66/full/!200,200/0/default.jpg","https://iiif-images.library.upenn.edu/iiif/2/c71fcd04-2129-4726-a42f-ca0b46911c66/full/3500,/0/default.jpg",248,https://iiif-images.library.upenn.edu/iiif/3/c71fcd04-2129-4726-a42f-ca0b46911c66/info.json,American Hebrew|Yom Kippur,476,https://digitalrepository.library.upenn.edu/iiif/2/items/dc71c7fc-63d6-40e0-908e-ba8930064eba/manifest,https://iiif-images.library.upenn.edu/iiif/2/c71fcd04-2129-4726-a42f-ca0b46911c66
obj463,Our Philadelphia Letter. To the American Hebrew: Y. M. H. A. Doings.,American Hebrew,New York,23-Jan,23-Jan,,,"https://iiif-images.library.upenn.edu/iiif/2/f4395dae-d5e1-4496-a19a-95b5b43bbc92/full/!200,200/0/default.jpg","https://iiif-images.library.upenn.edu/iiif/2/f4395dae-d5e1-4496-a19a-95b5b43bbc92/full/3500,/0/default.jpg",249,https://iiif-images.library.upenn.edu/iiif/3/f4395dae-d5e1-4496-a19a-95b5b43bbc92/info.json,American Hebrew,477,https://digitalrepository.library.upenn.edu/iiif/2/items/dc71c7fc-63d6-40e0-908e-ba8930064eba/manifest,https://iiif-images.library.upenn.edu/iiif/2/f4395dae-d5e1-4496-a19a-95b5b43bbc92
obj464,"A Few Words on Penitence. A Sermon Delivered at the Synagogue Mikve Israel of Philadelphia, on Sabbath Teshuba, October 4, [...], 5612.","The Occident [Offprint, pp. 443-452]",Philadelphia,December,December,,,"https://iiif-images.library.upenn.edu/iiif/2/342ee0fd-e186-41b9-b64f-8d72146f7748/full/!200,200/0/default.jpg","https://iiif-images.library.upenn.edu/iiif/2/342ee0fd-e186-41b9-b64f-8d72146f7748/full/3500,/0/default.jpg","251,251c,251d,251e","https://iiif-images.library.upenn.edu/iiif/3/342ee0fd-e186-41b9-b64f-8d72146f7748/info.json, https://iiif-images.library.upenn.edu/iiif/3/c9de1f30-f448-4c91-8ff8-953f804bd414/info.json, https://iiif-images.library.upenn.edu/iiif/3/5b9fd4f5-2fb0-479a-bd4e-930f693b5cc1/info.json, https://iiif-images.library.upenn.edu/iiif/3/7320df72-0d7a-4d08-b461-dcfeb04ca667/info.json","Occident, The",478,https://digitalrepository.library.upenn.edu/iiif/2/items/dc71c7fc-63d6-40e0-908e-ba8930064eba/manifest,https://iiif-images.library.upenn.edu/iiif/2/342ee0fd-e186-41b9-b64f-8d72146f7748|https://iiif-images.library.upenn.edu/iiif/2/c9de1f30-f448-4c91-8ff8-953f804bd414|https://iiif-images.library.upenn.edu/iiif/2/5b9fd4f5-2fb0-479a-bd4e-930f693b5cc1|https://iiif-images.library.upenn.edu/iiif/2/7320df72-0d7a-4d08-b461-dcfeb04ca667
obj465,First Annual Dinner in Aid of the Funds of the Hebrew Education and Fuel Societies.,"The Occident [Offprint, pp. 21-24]",Philadelphia,April,April,,,"https://iiif-images.library.upenn.edu/iiif/2/3ba82585-5d41-4b06-a036-22ce37228157/full/!200,200/0/default.jpg","https://iiif-images.library.upenn.edu/iiif/2/3ba82585-5d41-4b06-a036-22ce37228157/full/3500,/0/default.jpg","252,252c","https://iiif-images.library.upenn.edu/iiif/3/3ba82585-5d41-4b06-a036-22ce37228157/info.json, https://iiif-images.library.upenn.edu/iiif/3/644dd4fe-9d2a-47dc-ab5f-f2cf92168a9c/info.json","Occident, The",479,https://digitalrepository.library.upenn.edu/iiif/2/items/dc71c7fc-63d6-40e0-908e-ba8930064eba/manifest,https://iiif-images.library.upenn.edu/iiif/2/3ba82585-5d41-4b06-a036-22ce37228157|https://iiif-images.library.upenn.edu/iiif/2/644dd4fe-9d2a-47dc-ab5f-f2cf92168a9c
obj466,Dedication of the School-House of the Hebrew Education Society of Philadelphia.,"The Occident [Offprint, pp. 473-475]",Philadelphia,January,January,,,"https://iiif-images.library.upenn.edu/iiif/2/74ffaaaa-4548-4798-b2ff-a3f116601f23/full/!200,200/0/default.jpg","https://iiif-images.library.upenn.edu/iiif/2/74ffaaaa-4548-4798-b2ff-a3f116601f23/full/3500,/0/default.jpg","253,253c","https://iiif-images.library.upenn.edu/iiif/3/74ffaaaa-4548-4798-b2ff-a3f116601f23/info.json, https://iiif-images.library.upenn.edu/iiif/3/301f82ae-6b7c-44e4-a7f7-6a7eedb13f82/info.json","Hebrew Education Society School|Occident, The",480,https://digitalrepository.library.upenn.edu/iiif/2/items/dc71c7fc-63d6-40e0-908e-ba8930064eba/manifest,https://iiif-images.library.upenn.edu/iiif/2/74ffaaaa-4548-4798-b2ff-a3f116601f23|https://iiif-images.library.upenn.edu/iiif/2/301f82ae-6b7c-44e4-a7f7-6a7eedb13f82
obj467,Jewish Foster Home Society of Philadelphia. First Annual meeting.,"The Occident and American Jewish Advocate [Offprint, pp. 605-617]",Philadelphia,March,March,,,"https://iiif-images.library.upenn.edu/iiif/2/fec0bded-2012-4cf2-8a3f-c8df8987b9e2/full/!200,200/0/default.jpg","https://iiif-images.library.upenn.edu/iiif/2/fec0bded-2012-4cf2-8a3f-c8df8987b9e2/full/3500,/0/default.jpg","254,254c,254d,254e","https://iiif-images.library.upenn.edu/iiif/3/fec0bded-2012-4cf2-8a3f-c8df8987b9e2/info.json, https://iiif-images.library.upenn.edu/iiif/3/ebe346b2-1f1a-4efc-87b1-5de5512fbbd4/info.json, https://iiif-images.library.upenn.edu/iiif/3/b8bd3016-41bc-4ad8-9c0d-7aff37d8cd25/info.json, https://iiif-images.library.upenn.edu/iiif/3/fb8cb244-ed4b-459e-9c2f-769914f2da96/info.json","Keneseth Israel|Jewish Foster Home and Orphan Asylum, Philadelphia|Naumburg, Rev. L.|Occident, The",481,https://digitalrepository.library.upenn.edu/iiif/2/items/dc71c7fc-63d6-40e0-908e-ba8930064eba/manifest,https://iiif-images.library.upenn.edu/iiif/2/fec0bded-2012-4cf2-8a3f-c8df8987b9e2|https://iiif-images.library.upenn.edu/iiif/2/ebe346b2-1f1a-4efc-87b1-5de5512fbbd4|https://iiif-images.library.upenn.edu/iiif/2/b8bd3016-41bc-4ad8-9c0d-7aff37d8cd25|https://iiif-images.library.upenn.edu/iiif/2/fb8cb244-ed4b-459e-9c2f-769914f2da96
obj468,Interment in Public Cemeteries.,"The Occident [Offprint, pp. 181-187]",Philadelphia,July,July,,,"https://iiif-images.library.upenn.edu/iiif/2/ef044c36-c45c-4f5d-96b9-213138fa15b9/full/!200,200/0/default.jpg","https://iiif-images.library.upenn.edu/iiif/2/ef044c36-c45c-4f5d-96b9-213138fa15b9/full/3500,/0/default.jpg","255,255c","https://iiif-images.library.upenn.edu/iiif/3/ef044c36-c45c-4f5d-96b9-213138fa15b9/info.json, https://iiif-images.library.upenn.edu/iiif/3/caf48a27-d19d-4589-9b35-5c957b32c804/info.json","Occident, The|Piperno, Abraham Benedict",482,https://digitalrepository.library.upenn.edu/iiif/2/items/dc71c7fc-63d6-40e0-908e-ba8930064eba/manifest,https://iiif-images.library.upenn.edu/iiif/2/ef044c36-c45c-4f5d-96b9-213138fa15b9|https://iiif-images.library.upenn.edu/iiif/2/caf48a27-d19d-4589-9b35-5c957b32c804
obj469,Death of Haham Piperno.,"The Occident [Offprint, pp. 366-370]",Philadelphia,November,November,,,"https://iiif-images.library.upenn.edu/iiif/2/bb38cf5a-e55f-44bc-a6e4-a49b267d4f72/full/!200,200/0/default.jpg","https://iiif-images.library.upenn.edu/iiif/2/bb38cf5a-e55f-44bc-a6e4-a49b267d4f72/full/3500,/0/default.jpg","256,256c","https://iiif-images.library.upenn.edu/iiif/3/bb38cf5a-e55f-44bc-a6e4-a49b267d4f72/info.json, https://iiif-images.library.upenn.edu/iiif/3/d6b5d044-ea59-4326-8865-de23f82916ca/info.json","Occident, The|Piperno, Abraham Benedict",483,https://digitalrepository.library.upenn.edu/iiif/2/items/dc71c7fc-63d6-40e0-908e-ba8930064eba/manifest,https://iiif-images.library.upenn.edu/iiif/2/bb38cf5a-e55f-44bc-a6e4-a49b267d4f72|https://iiif-images.library.upenn.edu/iiif/2/d6b5d044-ea59-4326-8865-de23f82916ca
obj470,Proselytes.,"The Occident [Offprint, pp. 34-40]",Philadelphia,April,April,,,"https://iiif-images.library.upenn.edu/iiif/2/0ec434e2-6aa0-4f8b-adda-dd21beee59f5/full/!200,200/0/default.jpg","https://iiif-images.library.upenn.edu/iiif/2/0ec434e2-6aa0-4f8b-adda-dd21beee59f5/full/3500,/0/default.jpg","257,257c","https://iiif-images.library.upenn.edu/iiif/3/0ec434e2-6aa0-4f8b-adda-dd21beee59f5/info.json, https://iiif-images.library.upenn.edu/iiif/3/152a23bf-29e3-437f-8ef9-c63c85ef82d0/info.json","Occident, The|Proselytes",484,https://digitalrepository.library.upenn.edu/iiif/2/items/dc71c7fc-63d6-40e0-908e-ba8930064eba/manifest,https://iiif-images.library.upenn.edu/iiif/2/0ec434e2-6aa0-4f8b-adda-dd21beee59f5|https://iiif-images.library.upenn.edu/iiif/2/152a23bf-29e3-437f-8ef9-c63c85ef82d0
obj471,Anniversary of the Hebrew Sunday School of Philadelphia. Prayer by the Rev. S. Morais.,The Occident [Offprint. pp. 79-80],Philadelphia,May 1865,May 1865,,,"https://iiif-images.library.upenn.edu/iiif/2/8f6b13d3-6d84-4f4c-84bb-167f052d30bc/full/!200,200/0/default.jpg","https://iiif-images.library.upenn.edu/iiif/2/8f6b13d3-6d84-4f4c-84bb-167f052d30bc/full/3500,/0/default.jpg","258,258c","https://iiif-images.library.upenn.edu/iiif/3/8f6b13d3-6d84-4f4c-84bb-167f052d30bc/info.json, https://iiif-images.library.upenn.edu/iiif/3/72fff543-3a47-4c26-a000-41f2b55cf7f4/info.json","Hebrew Sunday School of Philadelphia|Occident, The",485,https://digitalrepository.library.upenn.edu/iiif/2/items/dc71c7fc-63d6-40e0-908e-ba8930064eba/manifest,https://iiif-images.library.upenn.edu/iiif/2/8f6b13d3-6d84-4f4c-84bb-167f052d30bc|https://iiif-images.library.upenn.edu/iiif/2/72fff543-3a47-4c26-a000-41f2b55cf7f4
obj472,Samuel David Luzzatto.,"The Occident [Offprint, pp. 442-451]",Philadelphia,January,January,,,"https://iiif-images.library.upenn.edu/iiif/2/54b6a57c-0865-4e7c-ab9c-119a68a702cf/full/!200,200/0/default.jpg","https://iiif-images.library.upenn.edu/iiif/2/54b6a57c-0865-4e7c-ab9c-119a68a702cf/full/3500,/0/default.jpg","259,259c,259d,259e","https://iiif-images.library.upenn.edu/iiif/3/54b6a57c-0865-4e7c-ab9c-119a68a702cf/info.json, https://iiif-images.library.upenn.edu/iiif/3/9b312f78-abbb-4073-b964-6abadf7d4733/info.json, https://iiif-images.library.upenn.edu/iiif/3/085428ab-1dee-405b-a943-e08e68eda4ab/info.json, https://iiif-images.library.upenn.edu/iiif/3/a0c5e0a0-69bc-4424-be2d-8e9db81e365b/info.json","Luzzatto, S.D. Prof.|Occident, The",486,https://digitalrepository.library.upenn.edu/iiif/2/items/dc71c7fc-63d6-40e0-908e-ba8930064eba/manifest,https://iiif-images.library.upenn.edu/iiif/2/54b6a57c-0865-4e7c-ab9c-119a68a702cf|https://iiif-images.library.upenn.edu/iiif/2/9b312f78-abbb-4073-b964-6abadf7d4733|https://iiif-images.library.upenn.edu/iiif/2/085428ab-1dee-405b-a943-e08e68eda4ab|https://iiif-images.library.upenn.edu/iiif/2/a0c5e0a0-69bc-4424-be2d-8e9db81e365b
obj473,Samuel David Luzzatto. No II.,"The Occident [Offprint, pp. 505-508]",Philadelphia,February 1866,February 1866,,,"https://iiif-images.library.upenn.edu/iiif/2/d4b6a616-2cdb-4d60-8523-811aada29c8b/full/!200,200/0/default.jpg","https://iiif-images.library.upenn.edu/iiif/2/d4b6a616-2cdb-4d60-8523-811aada29c8b/full/3500,/0/default.jpg","260,260c","https://iiif-images.library.upenn.edu/iiif/3/d4b6a616-2cdb-4d60-8523-811aada29c8b/info.json, https://iiif-images.library.upenn.edu/iiif/3/7ddd4a11-2dd3-4d23-849a-1278a5aa54ec/info.json","Luzzatto, S.D. Prof.|Occident, The",487,https://digitalrepository.library.upenn.edu/iiif/2/items/dc71c7fc-63d6-40e0-908e-ba8930064eba/manifest,https://iiif-images.library.upenn.edu/iiif/2/d4b6a616-2cdb-4d60-8523-811aada29c8b|https://iiif-images.library.upenn.edu/iiif/2/7ddd4a11-2dd3-4d23-849a-1278a5aa54ec
obj474,Hebrew Sunday School of Philadelphia.,"The Occident [Offprint, pp. 87-90]",Philadelphia,May 1866,May 1866,,,"https://iiif-images.library.upenn.edu/iiif/2/2a498991-2778-46f0-8df1-24d66be0b3f1/full/!200,200/0/default.jpg","https://iiif-images.library.upenn.edu/iiif/2/2a498991-2778-46f0-8df1-24d66be0b3f1/full/3500,/0/default.jpg","261,261c","https://iiif-images.library.upenn.edu/iiif/3/2a498991-2778-46f0-8df1-24d66be0b3f1/info.json, https://iiif-images.library.upenn.edu/iiif/3/03d64276-bcb8-4ccb-add6-9219d44cc67d/info.json","Hebrew Sunday School of Philadelphia|Occident, The|History of the Hebrew Second Commonwealth",488,https://digitalrepository.library.upenn.edu/iiif/2/items/dc71c7fc-63d6-40e0-908e-ba8930064eba/manifest,https://iiif-images.library.upenn.edu/iiif/2/2a498991-2778-46f0-8df1-24d66be0b3f1|https://iiif-images.library.upenn.edu/iiif/2/03d64276-bcb8-4ccb-add6-9219d44cc67d
obj475,Solomon L. Rapoport.,"The Occident [Offprint, pp. 118-127]",Philadelphia,June,June,,,"https://iiif-images.library.upenn.edu/iiif/2/99341481-81a8-4af8-bc71-ed7c711bbf5d/full/!200,200/0/default.jpg","https://iiif-images.library.upenn.edu/iiif/2/99341481-81a8-4af8-bc71-ed7c711bbf5d/full/3500,/0/default.jpg","262,262c,262d,262e,","https://iiif-images.library.upenn.edu/iiif/3/99341481-81a8-4af8-bc71-ed7c711bbf5d/info.json, https://iiif-images.library.upenn.edu/iiif/3/5e614e91-cb9b-43b1-8d39-10fb0dce01ea/info.json, https://iiif-images.library.upenn.edu/iiif/3/670aa4c3-0b4f-4f36-bc10-c2963d4b4120/info.json, https://iiif-images.library.upenn.edu/iiif/3/d09e6db0-3cd2-4190-8344-5b4a75386441/info.json","Maimonides, Moses|Occident, The|Rapoport, S.L.",489,https://digitalrepository.library.upenn.edu/iiif/2/items/dc71c7fc-63d6-40e0-908e-ba8930064eba/manifest,https://iiif-images.library.upenn.edu/iiif/2/99341481-81a8-4af8-bc71-ed7c711bbf5d|https://iiif-images.library.upenn.edu/iiif/2/5e614e91-cb9b-43b1-8d39-10fb0dce01ea|https://iiif-images.library.upenn.edu/iiif/2/670aa4c3-0b4f-4f36-bc10-c2963d4b4120|https://iiif-images.library.upenn.edu/iiif/2/d09e6db0-3cd2-4190-8344-5b4a75386441
obj476,"The Talmud. A Review of an Article in Lipincott's Magazine for May, 1868.","The Occident [Offprint, pp. 164-171]",Philadelphia,July,July,,,"https://iiif-images.library.upenn.edu/iiif/2/b217bae8-e8f3-4401-a676-ab0a6b1f9a69/full/!200,200/0/default.jpg","https://iiif-images.library.upenn.edu/iiif/2/b217bae8-e8f3-4401-a676-ab0a6b1f9a69/full/3500,/0/default.jpg","263,263c,263d,263e,","https://iiif-images.library.upenn.edu/iiif/3/b217bae8-e8f3-4401-a676-ab0a6b1f9a69/info.json, https://iiif-images.library.upenn.edu/iiif/3/58896707-ec44-4520-a7a3-5bd02a4a0a6f/info.json, https://iiif-images.library.upenn.edu/iiif/3/f803b4b4-135e-463c-b065-c7e041e8b5c8/info.json, https://iiif-images.library.upenn.edu/iiif/3/e531e6c0-27ee-4877-be25-117e220a1ff3/info.json","Occident, The|Talmud",490,https://digitalrepository.library.upenn.edu/iiif/2/items/dc71c7fc-63d6-40e0-908e-ba8930064eba/manifest,https://iiif-images.library.upenn.edu/iiif/2/b217bae8-e8f3-4401-a676-ab0a6b1f9a69|https://iiif-images.library.upenn.edu/iiif/2/58896707-ec44-4520-a7a3-5bd02a4a0a6f|https://iiif-images.library.upenn.edu/iiif/2/f803b4b4-135e-463c-b065-c7e041e8b5c8|https://iiif-images.library.upenn.edu/iiif/2/e531e6c0-27ee-4877-be25-117e220a1ff3
obj477,Solomon L. Rapoport,"The Occident [Offprint, pp. 266-273]",Philadelphia,September 1868,September 1868,,,"https://iiif-images.library.upenn.edu/iiif/2/895e7463-cc75-461d-9386-e2fc0deb14b1/full/!200,200/0/default.jpg","https://iiif-images.library.upenn.edu/iiif/2/895e7463-cc75-461d-9386-e2fc0deb14b1/full/3500,/0/default.jpg","264,264c,264d,264e","https://iiif-images.library.upenn.edu/iiif/3/895e7463-cc75-461d-9386-e2fc0deb14b1/info.json, https://iiif-images.library.upenn.edu/iiif/3/192d58c5-27b0-4de0-b00b-b9d17f0b52db/info.json, https://iiif-images.library.upenn.edu/iiif/3/99ee8729-88a4-45f7-a0f8-51f18321083b/info.json, https://iiif-images.library.upenn.edu/iiif/3/54791505-78fd-44a8-8f2c-983b54920150/info.json","Occident, The|Rapoport, S.L.",491,https://digitalrepository.library.upenn.edu/iiif/2/items/dc71c7fc-63d6-40e0-908e-ba8930064eba/manifest,https://iiif-images.library.upenn.edu/iiif/2/895e7463-cc75-461d-9386-e2fc0deb14b1|https://iiif-images.library.upenn.edu/iiif/2/192d58c5-27b0-4de0-b00b-b9d17f0b52db|https://iiif-images.library.upenn.edu/iiif/2/99ee8729-88a4-45f7-a0f8-51f18321083b|https://iiif-images.library.upenn.edu/iiif/2/54791505-78fd-44a8-8f2c-983b54920150
obj478,Solomon L. Rapoport. (Concluded [...]).,"The Occident [Offprint, pp. 314-321]",Philadelphia,October,October,,,"https://iiif-images.library.upenn.edu/iiif/2/2d67d2fa-bd32-48ea-b5e4-b027bbcaa3c8/full/!200,200/0/default.jpg","https://iiif-images.library.upenn.edu/iiif/2/2d67d2fa-bd32-48ea-b5e4-b027bbcaa3c8/full/3500,/0/default.jpg","265,265c","https://iiif-images.library.upenn.edu/iiif/3/2d67d2fa-bd32-48ea-b5e4-b027bbcaa3c8/info.json, https://iiif-images.library.upenn.edu/iiif/3/40834fb4-69d4-4c54-9dee-26435e7b1170/info.json","Occident, The|Rapoport, S.L.",492,https://digitalrepository.library.upenn.edu/iiif/2/items/dc71c7fc-63d6-40e0-908e-ba8930064eba/manifest,https://iiif-images.library.upenn.edu/iiif/2/2d67d2fa-bd32-48ea-b5e4-b027bbcaa3c8|https://iiif-images.library.upenn.edu/iiif/2/40834fb4-69d4-4c54-9dee-26435e7b1170
obj479,The Falashas.,Penn Monthly,Philadelphia,April,April,,,"https://iiif-images.library.upenn.edu/iiif/2/031cb79a-9a68-458c-a051-d934c5f103c8/full/!200,200/0/default.jpg","https://iiif-images.library.upenn.edu/iiif/2/031cb79a-9a68-458c-a051-d934c5f103c8/full/3500,/0/default.jpg",266,https://iiif-images.library.upenn.edu/iiif/3/031cb79a-9a68-458c-a051-d934c5f103c8/info.json,"Falashas|Smith, Willaim Robertson",493,https://digitalrepository.library.upenn.edu/iiif/2/items/dc71c7fc-63d6-40e0-908e-ba8930064eba/manifest,https://iiif-images.library.upenn.edu/iiif/2/031cb79a-9a68-458c-a051-d934c5f103c8
obj480,[Falashas].,The Penn Monthly,Philadelphia,April,April,,,"https://iiif-images.library.upenn.edu/iiif/2/1a4a83fd-9175-478a-8a45-7791a69d02ed/full/!200,200/0/default.jpg","https://iiif-images.library.upenn.edu/iiif/2/1a4a83fd-9175-478a-8a45-7791a69d02ed/full/3500,/0/default.jpg",267,https://iiif-images.library.upenn.edu/iiif/3/1a4a83fd-9175-478a-8a45-7791a69d02ed/info.json,"Falashas|Luzzatto, S.D. Prof.|Smith, Willaim Robertson",494,https://digitalrepository.library.upenn.edu/iiif/2/items/dc71c7fc-63d6-40e0-908e-ba8930064eba/manifest,https://iiif-images.library.upenn.edu/iiif/2/1a4a83fd-9175-478a-8a45-7791a69d02ed
obj481,[Falashas].,The Penn Monthly,Philadelphia,April,April,,,"https://iiif-images.library.upenn.edu/iiif/2/3d825bb4-c659-464a-a5d5-cc0039808687/full/!200,200/0/default.jpg","https://iiif-images.library.upenn.edu/iiif/2/3d825bb4-c659-464a-a5d5-cc0039808687/full/3500,/0/default.jpg",268,https://iiif-images.library.upenn.edu/iiif/3/3d825bb4-c659-464a-a5d5-cc0039808687/info.json,"Falashas|Smith, Willaim Robertson",495,https://digitalrepository.library.upenn.edu/iiif/2/items/dc71c7fc-63d6-40e0-908e-ba8930064eba/manifest,https://iiif-images.library.upenn.edu/iiif/2/3d825bb4-c659-464a-a5d5-cc0039808687
obj482,[Falashas].,The Penn Monthly,Philadelphia,April,April,,,"https://iiif-images.library.upenn.edu/iiif/2/802a019e-5a74-40c0-b817-0c226ac7aa7a/full/!200,200/0/default.jpg","https://iiif-images.library.upenn.edu/iiif/2/802a019e-5a74-40c0-b817-0c226ac7aa7a/full/3500,/0/default.jpg",269,https://iiif-images.library.upenn.edu/iiif/3/802a019e-5a74-40c0-b817-0c226ac7aa7a/info.json,"Falashas|Smith, Willaim Robertson",496,https://digitalrepository.library.upenn.edu/iiif/2/items/dc71c7fc-63d6-40e0-908e-ba8930064eba/manifest,https://iiif-images.library.upenn.edu/iiif/2/802a019e-5a74-40c0-b817-0c226ac7aa7a
obj483,[Falashas].,The Penn Monthly,Philadelphia,April,April,,,"https://iiif-images.library.upenn.edu/iiif/2/b32a9ae9-d1e1-42e0-8451-75d17221dcce/full/!200,200/0/default.jpg","https://iiif-images.library.upenn.edu/iiif/2/b32a9ae9-d1e1-42e0-8451-75d17221dcce/full/3500,/0/default.jpg",270,https://iiif-images.library.upenn.edu/iiif/3/b32a9ae9-d1e1-42e0-8451-75d17221dcce/info.json,Falashas,497,https://digitalrepository.library.upenn.edu/iiif/2/items/dc71c7fc-63d6-40e0-908e-ba8930064eba/manifest,https://iiif-images.library.upenn.edu/iiif/2/b32a9ae9-d1e1-42e0-8451-75d17221dcce
obj484,[Falashas].,The Penn Monthly,Philadelphia,April,April,,,"https://iiif-images.library.upenn.edu/iiif/2/8119cdd7-8fcf-4f3e-adde-5f2508a1cb44/full/!200,200/0/default.jpg","https://iiif-images.library.upenn.edu/iiif/2/8119cdd7-8fcf-4f3e-adde-5f2508a1cb44/full/3500,/0/default.jpg",271,https://iiif-images.library.upenn.edu/iiif/3/8119cdd7-8fcf-4f3e-adde-5f2508a1cb44/info.json,Falashas,498,https://digitalrepository.library.upenn.edu/iiif/2/items/dc71c7fc-63d6-40e0-908e-ba8930064eba/manifest,https://iiif-images.library.upenn.edu/iiif/2/8119cdd7-8fcf-4f3e-adde-5f2508a1cb44
obj485,[Falashas].,The Penn Monthly,Philadelphia,April,April,,,"https://iiif-images.library.upenn.edu/iiif/2/dd81a655-ea8c-4d5f-8af3-2eeb12f403e6/full/!200,200/0/default.jpg","https://iiif-images.library.upenn.edu/iiif/2/dd81a655-ea8c-4d5f-8af3-2eeb12f403e6/full/3500,/0/default.jpg",272,https://iiif-images.library.upenn.edu/iiif/3/dd81a655-ea8c-4d5f-8af3-2eeb12f403e6/info.json,Falashas,499,https://digitalrepository.library.upenn.edu/iiif/2/items/dc71c7fc-63d6-40e0-908e-ba8930064eba/manifest,https://iiif-images.library.upenn.edu/iiif/2/dd81a655-ea8c-4d5f-8af3-2eeb12f403e6
obj486,"History of the Hebrew's Second Commonwealth. By Isaac M. Wise. Cincinnati: Bloch & Co., 1880.",The Penn Monthly,Philadelphia,September,September,,,"https://iiif-images.library.upenn.edu/iiif/2/ddbe5d57-e3f0-4ac3-b819-10f36f91bb37/full/!200,200/0/default.jpg","https://iiif-images.library.upenn.edu/iiif/2/ddbe5d57-e3f0-4ac3-b819-10f36f91bb37/full/3500,/0/default.jpg",273,https://iiif-images.library.upenn.edu/iiif/3/ddbe5d57-e3f0-4ac3-b819-10f36f91bb37/info.json,"Wise, I. M.",500,https://digitalrepository.library.upenn.edu/iiif/2/items/dc71c7fc-63d6-40e0-908e-ba8930064eba/manifest,https://iiif-images.library.upenn.edu/iiif/2/ddbe5d57-e3f0-4ac3-b819-10f36f91bb37
obj487,Mediaeval Jews.,The Association Bulletin. Vol. II. No. 2,January,,,,,"https://iiif-images.library.upenn.edu/iiif/2/3b55622e-1614-444a-bd99-2afc0babd62e/full/!200,200/0/default.jpg","https://iiif-images.library.upenn.edu/iiif/2/3b55622e-1614-444a-bd99-2afc0babd62e/full/3500,/0/default.jpg",274,https://iiif-images.library.upenn.edu/iiif/3/3b55622e-1614-444a-bd99-2afc0babd62e/info.json,"Cohen, Emanuel (of Scranton)|Young Men's Hebrew Association",501,https://digitalrepository.library.upenn.edu/iiif/2/items/dc71c7fc-63d6-40e0-908e-ba8930064eba/manifest,https://iiif-images.library.upenn.edu/iiif/2/3b55622e-1614-444a-bd99-2afc0babd62e
obj488,[Mediaeval Jews].,The Association Bulletin,January,,,,,"https://iiif-images.library.upenn.edu/iiif/2/243e74cc-46a3-4975-92da-c80360479540/full/!200,200/0/default.jpg","https://iiif-images.library.upenn.edu/iiif/2/243e74cc-46a3-4975-92da-c80360479540/full/3500,/0/default.jpg",275,https://iiif-images.library.upenn.edu/iiif/3/243e74cc-46a3-4975-92da-c80360479540/info.json,"Cohen, Emanuel (of Scranton)|Mediaeval Jews|Nieto, David|Menasseh ben Israel",502,https://digitalrepository.library.upenn.edu/iiif/2/items/dc71c7fc-63d6-40e0-908e-ba8930064eba/manifest,https://iiif-images.library.upenn.edu/iiif/2/243e74cc-46a3-4975-92da-c80360479540
obj489,The King and the Rabbi.,The Association Bulletin,January,,,,,"https://iiif-images.library.upenn.edu/iiif/2/243e74cc-46a3-4975-92da-c80360479540/full/!200,200/0/default.jpg","https://iiif-images.library.upenn.edu/iiif/2/243e74cc-46a3-4975-92da-c80360479540/full/3500,/0/default.jpg",275,https://iiif-images.library.upenn.edu/iiif/3/243e74cc-46a3-4975-92da-c80360479540/info.json,"Cohen, Emanuel (of Scranton)|Nathan the Wise|Lessing|Boccaccio|Solomon ben Verga",503,https://digitalrepository.library.upenn.edu/iiif/2/items/dc71c7fc-63d6-40e0-908e-ba8930064eba/manifest,https://iiif-images.library.upenn.edu/iiif/2/243e74cc-46a3-4975-92da-c80360479540
obj490,"A Talk. A lecture delivered before the YMHA of Philadelphia, Saturday evening, November 19th, 1881, by the Rev. S. Morais.",The Association Bulletin,[n.d.],,,,,"https://iiif-images.library.upenn.edu/iiif/2/acdb507f-3ff4-425f-a377-2df5909d751d/full/!200,200/0/default.jpg","https://iiif-images.library.upenn.edu/iiif/2/acdb507f-3ff4-425f-a377-2df5909d751d/full/3500,/0/default.jpg",276,https://iiif-images.library.upenn.edu/iiif/3/acdb507f-3ff4-425f-a377-2df5909d751d/info.json,"Ingersoll|Muller, Max|Young Men's Hebrew Association",504,https://digitalrepository.library.upenn.edu/iiif/2/items/dc71c7fc-63d6-40e0-908e-ba8930064eba/manifest,https://iiif-images.library.upenn.edu/iiif/2/acdb507f-3ff4-425f-a377-2df5909d751d
obj491,A Talk [continued from previous item].,The Association Bulletin,[n.d.],,,,,"https://iiif-images.library.upenn.edu/iiif/2/143b0bf1-ca23-4fed-9d3d-3f703a276470/full/!200,200/0/default.jpg","https://iiif-images.library.upenn.edu/iiif/2/143b0bf1-ca23-4fed-9d3d-3f703a276470/full/3500,/0/default.jpg",277,https://iiif-images.library.upenn.edu/iiif/3/143b0bf1-ca23-4fed-9d3d-3f703a276470/info.json,"Smith, Willaim Robertson|Watts (of Belfast), Prof.|Young Men's Hebrew Association",505,https://digitalrepository.library.upenn.edu/iiif/2/items/dc71c7fc-63d6-40e0-908e-ba8930064eba/manifest,https://iiif-images.library.upenn.edu/iiif/2/143b0bf1-ca23-4fed-9d3d-3f703a276470
obj492,A Talk [continued].,The Association Bulletin,[n.d.],,,,,"https://iiif-images.library.upenn.edu/iiif/2/d97e3b06-f173-4618-8ac5-dca597a09774/full/!200,200/0/default.jpg","https://iiif-images.library.upenn.edu/iiif/2/d97e3b06-f173-4618-8ac5-dca597a09774/full/3500,/0/default.jpg",278,https://iiif-images.library.upenn.edu/iiif/3/d97e3b06-f173-4618-8ac5-dca597a09774/info.json,"Smith, Willaim Robertson",506,https://digitalrepository.library.upenn.edu/iiif/2/items/dc71c7fc-63d6-40e0-908e-ba8930064eba/manifest,https://iiif-images.library.upenn.edu/iiif/2/d97e3b06-f173-4618-8ac5-dca597a09774
obj493,A Talk [continued].,The Association Bulletin,[n.d.],,,,,"https://iiif-images.library.upenn.edu/iiif/2/fd8c6d12-c5df-4314-b471-33d1f8422365/full/!200,200/0/default.jpg","https://iiif-images.library.upenn.edu/iiif/2/fd8c6d12-c5df-4314-b471-33d1f8422365/full/3500,/0/default.jpg",279,https://iiif-images.library.upenn.edu/iiif/3/fd8c6d12-c5df-4314-b471-33d1f8422365/info.json,"Smith, Willaim Robertson",507,https://digitalrepository.library.upenn.edu/iiif/2/items/dc71c7fc-63d6-40e0-908e-ba8930064eba/manifest,https://iiif-images.library.upenn.edu/iiif/2/fd8c6d12-c5df-4314-b471-33d1f8422365
obj494,A Talk [continued],The Association Bulletin,[n.d.],,,,,"https://iiif-images.library.upenn.edu/iiif/2/b9796f77-b781-45cd-8a49-b5cba83dacda/full/!200,200/0/default.jpg","https://iiif-images.library.upenn.edu/iiif/2/b9796f77-b781-45cd-8a49-b5cba83dacda/full/3500,/0/default.jpg",280,https://iiif-images.library.upenn.edu/iiif/3/b9796f77-b781-45cd-8a49-b5cba83dacda/info.json,"Smith, Willaim Robertson",508,https://digitalrepository.library.upenn.edu/iiif/2/items/dc71c7fc-63d6-40e0-908e-ba8930064eba/manifest,https://iiif-images.library.upenn.edu/iiif/2/b9796f77-b781-45cd-8a49-b5cba83dacda
obj495,A Talk [concluded].,The Association Bulletin,[n.d.],,,,,"https://iiif-images.library.upenn.edu/iiif/2/1a56c006-9cf0-4a88-86ef-e70f802cbcd4/full/!200,200/0/default.jpg","https://iiif-images.library.upenn.edu/iiif/2/1a56c006-9cf0-4a88-86ef-e70f802cbcd4/full/3500,/0/default.jpg",281,https://iiif-images.library.upenn.edu/iiif/3/1a56c006-9cf0-4a88-86ef-e70f802cbcd4/info.json,"Smith, Willaim Robertson",509,https://digitalrepository.library.upenn.edu/iiif/2/items/dc71c7fc-63d6-40e0-908e-ba8930064eba/manifest,https://iiif-images.library.upenn.edu/iiif/2/1a56c006-9cf0-4a88-86ef-e70f802cbcd4
obj496,Monthly Report of the Second Annual Dinner of the Hebrew Charitable Fund.,"Title was written in pencil at the top of the page above the newspaper clipping. Noted in pencil at the bottom, as follows: ""(For first Annual Dinner, See Page 252)""",,,,,,"https://iiif-images.library.upenn.edu/iiif/2/c8bc48a4-5c6b-4123-871e-7705a6398bc1/full/!200,200/0/default.jpg","https://iiif-images.library.upenn.edu/iiif/2/c8bc48a4-5c6b-4123-871e-7705a6398bc1/full/3500,/0/default.jpg",282,https://iiif-images.library.upenn.edu/iiif/3/c8bc48a4-5c6b-4123-871e-7705a6398bc1/info.json,Hebrew Charitable Fund,510,https://digitalrepository.library.upenn.edu/iiif/2/items/dc71c7fc-63d6-40e0-908e-ba8930064eba/manifest,https://iiif-images.library.upenn.edu/iiif/2/c8bc48a4-5c6b-4123-871e-7705a6398bc1
obj497,The Jewish Foster Home Society - Third Annual Report.,,Philadelphia,,,,,"https://iiif-images.library.upenn.edu/iiif/2/36484cef-e896-4283-9f5e-b0875ea78ee8/full/!200,200/0/default.jpg","https://iiif-images.library.upenn.edu/iiif/2/36484cef-e896-4283-9f5e-b0875ea78ee8/full/3500,/0/default.jpg","286,286c","https://iiif-images.library.upenn.edu/iiif/3/36484cef-e896-4283-9f5e-b0875ea78ee8/info.json, https://iiif-images.library.upenn.edu/iiif/3/1ec83f41-7164-4e2f-b09b-3554acf9991b/info.json","Jewish Foster Home Society, Philadelphia",511,https://digitalrepository.library.upenn.edu/iiif/2/items/dc71c7fc-63d6-40e0-908e-ba8930064eba/manifest,https://iiif-images.library.upenn.edu/iiif/2/36484cef-e896-4283-9f5e-b0875ea78ee8|https://iiif-images.library.upenn.edu/iiif/2/1ec83f41-7164-4e2f-b09b-3554acf9991b
obj498,The Jewish Foster Home Society - Fourth Annual Report.,,,,,,,"https://iiif-images.library.upenn.edu/iiif/2/f9096fd2-4667-41c3-b77e-d3d62056bebc/full/!200,200/0/default.jpg","https://iiif-images.library.upenn.edu/iiif/2/f9096fd2-4667-41c3-b77e-d3d62056bebc/full/3500,/0/default.jpg","287,287c","https://iiif-images.library.upenn.edu/iiif/3/f9096fd2-4667-41c3-b77e-d3d62056bebc/info.json, https://iiif-images.library.upenn.edu/iiif/3/850ad8fa-6f1b-4a35-8a11-c8dc102074f4/info.json","Jewish Foster Home Society, Philadelphia",512,https://digitalrepository.library.upenn.edu/iiif/2/items/dc71c7fc-63d6-40e0-908e-ba8930064eba/manifest,https://iiif-images.library.upenn.edu/iiif/2/f9096fd2-4667-41c3-b77e-d3d62056bebc|https://iiif-images.library.upenn.edu/iiif/2/850ad8fa-6f1b-4a35-8a11-c8dc102074f4
obj499,The Jewish Foster Home Society - Sixth Annual Report.,,,,,,,"https://iiif-images.library.upenn.edu/iiif/2/6b6c13f7-63d2-4c30-bb8c-1e92db0dbd15/full/!200,200/0/default.jpg","https://iiif-images.library.upenn.edu/iiif/2/6b6c13f7-63d2-4c30-bb8c-1e92db0dbd15/full/3500,/0/default.jpg","290,290c","https://iiif-images.library.upenn.edu/iiif/3/6b6c13f7-63d2-4c30-bb8c-1e92db0dbd15/info.json, https://iiif-images.library.upenn.edu/iiif/3/530b1f2a-d8c1-4584-8c59-eb4c0576a25b/info.json","Jewish Foster Home Society, Philadelphia",513,https://digitalrepository.library.upenn.edu/iiif/2/items/dc71c7fc-63d6-40e0-908e-ba8930064eba/manifest,https://iiif-images.library.upenn.edu/iiif/2/6b6c13f7-63d2-4c30-bb8c-1e92db0dbd15|https://iiif-images.library.upenn.edu/iiif/2/530b1f2a-d8c1-4584-8c59-eb4c0576a25b
obj500,At the Dedication of the new Jewish Hospital of Philadelphia.,,,,,,,"https://iiif-images.library.upenn.edu/iiif/2/71c830c1-fc69-47ea-943d-e5bd9b406625/full/!200,200/0/default.jpg","https://iiif-images.library.upenn.edu/iiif/2/71c830c1-fc69-47ea-943d-e5bd9b406625/full/3500,/0/default.jpg","296,296c","https://iiif-images.library.upenn.edu/iiif/3/71c830c1-fc69-47ea-943d-e5bd9b406625/info.json, https://iiif-images.library.upenn.edu/iiif/3/ae6f7646-0d09-40e9-bf02-85206a93b6fb/info.json","Jewish Hospital and Home of the Aged, Philadelphia",514,https://digitalrepository.library.upenn.edu/iiif/2/items/dc71c7fc-63d6-40e0-908e-ba8930064eba/manifest,https://iiif-images.library.upenn.edu/iiif/2/71c830c1-fc69-47ea-943d-e5bd9b406625|https://iiif-images.library.upenn.edu/iiif/2/ae6f7646-0d09-40e9-bf02-85206a93b6fb
obj501,Hebrew Sunday School of Philadelphia.,,[n.d.],,,,,"https://iiif-images.library.upenn.edu/iiif/2/5c67597a-3abf-4a9b-bab3-3b2a1eadaedc/full/!200,200/0/default.jpg","https://iiif-images.library.upenn.edu/iiif/2/5c67597a-3abf-4a9b-bab3-3b2a1eadaedc/full/3500,/0/default.jpg","297,297c","https://iiif-images.library.upenn.edu/iiif/3/5c67597a-3abf-4a9b-bab3-3b2a1eadaedc/info.json, https://iiif-images.library.upenn.edu/iiif/3/1f709314-2735-40b0-bdf0-57e706c98ac0/info.json",Hebrew Sunday School of Philadelphia,515,https://digitalrepository.library.upenn.edu/iiif/2/items/dc71c7fc-63d6-40e0-908e-ba8930064eba/manifest,https://iiif-images.library.upenn.edu/iiif/2/5c67597a-3abf-4a9b-bab3-3b2a1eadaedc|https://iiif-images.library.upenn.edu/iiif/2/1f709314-2735-40b0-bdf0-57e706c98ac0
obj502,"Address of Rev. Sabato Morais, Rabbi of the Congregation of Mikve Israel. At the 17th Anniversary at the Pennsylvania Peace Society, on November 29, 1883.",,,,,,,"https://iiif-images.library.upenn.edu/iiif/2/f1f7a7ac-c146-415b-b3b9-109a39033536/full/!200,200/0/default.jpg","https://iiif-images.library.upenn.edu/iiif/2/f1f7a7ac-c146-415b-b3b9-109a39033536/full/3500,/0/default.jpg",299,https://iiif-images.library.upenn.edu/iiif/3/f1f7a7ac-c146-415b-b3b9-109a39033536/info.json,"Jastrow, Marcus",516,https://digitalrepository.library.upenn.edu/iiif/2/items/dc71c7fc-63d6-40e0-908e-ba8930064eba/manifest,https://iiif-images.library.upenn.edu/iiif/2/f1f7a7ac-c146-415b-b3b9-109a39033536
obj503,"The Lucretia Mott Memorial Meeting on January 3rd 1884, at the Broad St. Synagogue. The Rev. Dr. S. Morais who also opened the meeting with prayer.",The Peacemaker,Philadelphia,8-Feb,8-Feb,,,"https://iiif-images.library.upenn.edu/iiif/2/f1f7a7ac-c146-415b-b3b9-109a39033536/full/!200,200/0/default.jpg","https://iiif-images.library.upenn.edu/iiif/2/f1f7a7ac-c146-415b-b3b9-109a39033536/full/3500,/0/default.jpg",299,https://iiif-images.library.upenn.edu/iiif/3/f1f7a7ac-c146-415b-b3b9-109a39033536/info.json,"Mott, Lucretia",517,https://digitalrepository.library.upenn.edu/iiif/2/items/dc71c7fc-63d6-40e0-908e-ba8930064eba/manifest,https://iiif-images.library.upenn.edu/iiif/2/f1f7a7ac-c146-415b-b3b9-109a39033536
obj504,"Invocation to God Delivered over the remains of E.L. Moss by Rev. S. Morais, February 21st, 1871",,,,,,,"https://iiif-images.library.upenn.edu/iiif/2/7444595b-afad-4400-ad36-36264d2523b0/full/!200,200/0/default.jpg","https://iiif-images.library.upenn.edu/iiif/2/7444595b-afad-4400-ad36-36264d2523b0/full/3500,/0/default.jpg",300,https://iiif-images.library.upenn.edu/iiif/3/7444595b-afad-4400-ad36-36264d2523b0/info.json,"Graetz, Dr. Heinrich|Moss, E. L.|Neubauer, A.",518,https://digitalrepository.library.upenn.edu/iiif/2/items/dc71c7fc-63d6-40e0-908e-ba8930064eba/manifest,https://iiif-images.library.upenn.edu/iiif/2/7444595b-afad-4400-ad36-36264d2523b0
obj505,"In Memoriam. Funeral Oration by the Rev. S. Morais. January 25th, 1872.",,,,,,,"https://iiif-images.library.upenn.edu/iiif/2/6c475bd8-029e-4325-9612-39f03a07402b/full/!200,200/0/default.jpg","https://iiif-images.library.upenn.edu/iiif/2/6c475bd8-029e-4325-9612-39f03a07402b/full/3500,/0/default.jpg","301,301c","https://iiif-images.library.upenn.edu/iiif/3/6c475bd8-029e-4325-9612-39f03a07402b/info.json, https://iiif-images.library.upenn.edu/iiif/3/87f3bf7b-8099-43fe-b9c8-d9114a2d94e7/info.json",Cornelia|Funeral oration,519,https://digitalrepository.library.upenn.edu/iiif/2/items/dc71c7fc-63d6-40e0-908e-ba8930064eba/manifest,https://iiif-images.library.upenn.edu/iiif/2/6c475bd8-029e-4325-9612-39f03a07402b|https://iiif-images.library.upenn.edu/iiif/2/87f3bf7b-8099-43fe-b9c8-d9114a2d94e7
obj506,"Invocation to God delivered over the remains of Lucien Herbert Moss by Rev. S. Morais, February 22nd, 1872.",,,,,,,"https://iiif-images.library.upenn.edu/iiif/2/db3f272c-16bb-492d-887b-d7b33d45db0d/full/!200,200/0/default.jpg","https://iiif-images.library.upenn.edu/iiif/2/db3f272c-16bb-492d-887b-d7b33d45db0d/full/3500,/0/default.jpg",302,https://iiif-images.library.upenn.edu/iiif/3/db3f272c-16bb-492d-887b-d7b33d45db0d/info.json,"Moss, Lucien Herbert",520,https://digitalrepository.library.upenn.edu/iiif/2/items/dc71c7fc-63d6-40e0-908e-ba8930064eba/manifest,https://iiif-images.library.upenn.edu/iiif/2/db3f272c-16bb-492d-887b-d7b33d45db0d
obj507,"Invocation by Rev. S. Morais; Delivered at the Funeral of Joseph L. Moss, January 30th, 1874.",,,,,,,"https://iiif-images.library.upenn.edu/iiif/2/5bc42e95-acbb-4374-9109-21b6e3043133/full/!200,200/0/default.jpg","https://iiif-images.library.upenn.edu/iiif/2/5bc42e95-acbb-4374-9109-21b6e3043133/full/3500,/0/default.jpg",303,https://iiif-images.library.upenn.edu/iiif/3/5bc42e95-acbb-4374-9109-21b6e3043133/info.json,"Moss, Joseph L.",521,https://digitalrepository.library.upenn.edu/iiif/2/items/dc71c7fc-63d6-40e0-908e-ba8930064eba/manifest,https://iiif-images.library.upenn.edu/iiif/2/5bc42e95-acbb-4374-9109-21b6e3043133
obj508,"In Memoriam. Funeral Oration by the Rev. S. Morais, May 25, 1874.",,,,,,,"https://iiif-images.library.upenn.edu/iiif/2/4417af97-22d9-4fb3-b16d-212fb8016b3a/full/!200,200/0/default.jpg","https://iiif-images.library.upenn.edu/iiif/2/4417af97-22d9-4fb3-b16d-212fb8016b3a/full/3500,/0/default.jpg","304,304c","https://iiif-images.library.upenn.edu/iiif/3/4417af97-22d9-4fb3-b16d-212fb8016b3a/info.json, https://iiif-images.library.upenn.edu/iiif/3/49cd48fd-28a9-49b8-af9b-8fd959791536/info.json","Hart, Louisa B.",522,https://digitalrepository.library.upenn.edu/iiif/2/items/dc71c7fc-63d6-40e0-908e-ba8930064eba/manifest,https://iiif-images.library.upenn.edu/iiif/2/4417af97-22d9-4fb3-b16d-212fb8016b3a|https://iiif-images.library.upenn.edu/iiif/2/49cd48fd-28a9-49b8-af9b-8fd959791536
obj509,Tribute of Respect to the memory of Dr. M. Emanuel. Delivered by Rev. S. Morais. July 3. 1880.,,,,,,,"https://iiif-images.library.upenn.edu/iiif/2/17bbb610-ff15-49e2-a376-40c19f877f86/full/!200,200/0/default.jpg","https://iiif-images.library.upenn.edu/iiif/2/17bbb610-ff15-49e2-a376-40c19f877f86/full/3500,/0/default.jpg",305,https://iiif-images.library.upenn.edu/iiif/3/17bbb610-ff15-49e2-a376-40c19f877f86/info.json,"Emanuel, Manly|Funeral oration",523,https://digitalrepository.library.upenn.edu/iiif/2/items/dc71c7fc-63d6-40e0-908e-ba8930064eba/manifest,https://iiif-images.library.upenn.edu/iiif/2/17bbb610-ff15-49e2-a376-40c19f877f86
obj510,"Tribute of Respect to the Memory of Mrs. Rebecca C. Hart, delivered by Rev. S. Morais at her funeral December 22nd, 1880.",,,,,,,"https://iiif-images.library.upenn.edu/iiif/2/06ad1da0-d5bd-4fc9-ba6a-ed965b0b8950/full/!200,200/0/default.jpg","https://iiif-images.library.upenn.edu/iiif/2/06ad1da0-d5bd-4fc9-ba6a-ed965b0b8950/full/3500,/0/default.jpg","306,306c","https://iiif-images.library.upenn.edu/iiif/3/06ad1da0-d5bd-4fc9-ba6a-ed965b0b8950/info.json, https://iiif-images.library.upenn.edu/iiif/3/3ffad34e-df0a-4b1c-b9fb-c06f4eaafb42/info.json","Hart, Rebecca C.",524,https://digitalrepository.library.upenn.edu/iiif/2/items/dc71c7fc-63d6-40e0-908e-ba8930064eba/manifest,https://iiif-images.library.upenn.edu/iiif/2/06ad1da0-d5bd-4fc9-ba6a-ed965b0b8950|https://iiif-images.library.upenn.edu/iiif/2/3ffad34e-df0a-4b1c-b9fb-c06f4eaafb42
obj511,"Prayer by the Rev. S. Morais at the funeral of Mrs. Lucien Moss, May 11th, 1883.",,,,,,,"https://iiif-images.library.upenn.edu/iiif/2/b1ef78d4-ac85-424d-af14-68f48834de25/full/!200,200/0/default.jpg","https://iiif-images.library.upenn.edu/iiif/2/b1ef78d4-ac85-424d-af14-68f48834de25/full/3500,/0/default.jpg",307,https://iiif-images.library.upenn.edu/iiif/3/b1ef78d4-ac85-424d-af14-68f48834de25/info.json,"Moss, Lucien Herbert|Smith, Willaim Robertson",525,https://digitalrepository.library.upenn.edu/iiif/2/items/dc71c7fc-63d6-40e0-908e-ba8930064eba/manifest,https://iiif-images.library.upenn.edu/iiif/2/b1ef78d4-ac85-424d-af14-68f48834de25
obj512,"Tribute of Respect to the memory of Miss Bluma Hart, delivered by Rev. S. Morais at her funeral, July 3rd, 1884.",,,,,,,"https://iiif-images.library.upenn.edu/iiif/2/34af67ef-06b9-4b35-ae27-5f2eb7208937/full/!200,200/0/default.jpg","https://iiif-images.library.upenn.edu/iiif/2/34af67ef-06b9-4b35-ae27-5f2eb7208937/full/3500,/0/default.jpg","309,309c","https://iiif-images.library.upenn.edu/iiif/3/34af67ef-06b9-4b35-ae27-5f2eb7208937/info.json, https://iiif-images.library.upenn.edu/iiif/3/21c5bc74-8cdb-4af3-b925-fdec311413ef/info.json","Hart, Bluma",526,https://digitalrepository.library.upenn.edu/iiif/2/items/dc71c7fc-63d6-40e0-908e-ba8930064eba/manifest,https://iiif-images.library.upenn.edu/iiif/2/34af67ef-06b9-4b35-ae27-5f2eb7208937|https://iiif-images.library.upenn.edu/iiif/2/21c5bc74-8cdb-4af3-b925-fdec311413ef
obj513,"The Persian Famine. Synopsis of an address delivered in the Synagogue, April 13, 1872, by the Rev. S. Morais.","The signature, ""S. Morais,"" appears at the foot of the page",,,,,,"https://iiif-images.library.upenn.edu/iiif/2/4c8dfad5-b061-4f2d-833e-69e17866b089/full/!200,200/0/default.jpg","https://iiif-images.library.upenn.edu/iiif/2/4c8dfad5-b061-4f2d-833e-69e17866b089/full/3500,/0/default.jpg",310,https://iiif-images.library.upenn.edu/iiif/3/4c8dfad5-b061-4f2d-833e-69e17866b089/info.json,"Disasters, natural & man-made",527,https://digitalrepository.library.upenn.edu/iiif/2/items/dc71c7fc-63d6-40e0-908e-ba8930064eba/manifest,https://iiif-images.library.upenn.edu/iiif/2/4c8dfad5-b061-4f2d-833e-69e17866b089
obj514,[Appeal on behalf of the Alliance Israelite Universelle].,"The signature, ""S. Morais,"" appears at the foot of the page",,,,,,"https://iiif-images.library.upenn.edu/iiif/2/69f4e86c-3d3e-4740-ba39-79f0b831eb69/full/!200,200/0/default.jpg","https://iiif-images.library.upenn.edu/iiif/2/69f4e86c-3d3e-4740-ba39-79f0b831eb69/full/3500,/0/default.jpg",311,https://iiif-images.library.upenn.edu/iiif/3/69f4e86c-3d3e-4740-ba39-79f0b831eb69/info.json,Alliance IsraA?lite Universelle,528,https://digitalrepository.library.upenn.edu/iiif/2/items/dc71c7fc-63d6-40e0-908e-ba8930064eba/manifest,https://iiif-images.library.upenn.edu/iiif/2/69f4e86c-3d3e-4740-ba39-79f0b831eb69
obj515,"Appeal on Behalf of the Alliance Israelite Universelle, 1884","The signature, ""S. Morais,"" appears at the foot of the page",,,,,,"https://iiif-images.library.upenn.edu/iiif/2/5c6d3527-84ae-4f37-b6c5-cb7eb2feade4/full/!200,200/0/default.jpg","https://iiif-images.library.upenn.edu/iiif/2/5c6d3527-84ae-4f37-b6c5-cb7eb2feade4/full/3500,/0/default.jpg",312,https://iiif-images.library.upenn.edu/iiif/3/5c6d3527-84ae-4f37-b6c5-cb7eb2feade4/info.json,"Alliance IsraA?lite Universelle|Sherif of London|Wilberforce, William",529,https://digitalrepository.library.upenn.edu/iiif/2/items/dc71c7fc-63d6-40e0-908e-ba8930064eba/manifest,https://iiif-images.library.upenn.edu/iiif/2/5c6d3527-84ae-4f37-b6c5-cb7eb2feade4
obj516,The Alliance Israelite Universelle.,"The signature, ""S. Morais,"" appears at the foot of the page",,,,,,"https://iiif-images.library.upenn.edu/iiif/2/0fb540bd-1f1e-4079-84c9-a0510935eba9/full/!200,200/0/default.jpg","https://iiif-images.library.upenn.edu/iiif/2/0fb540bd-1f1e-4079-84c9-a0510935eba9/full/3500,/0/default.jpg",313,https://iiif-images.library.upenn.edu/iiif/3/0fb540bd-1f1e-4079-84c9-a0510935eba9/info.json,Alliance IsraA?lite Universelle,530,https://digitalrepository.library.upenn.edu/iiif/2/items/dc71c7fc-63d6-40e0-908e-ba8930064eba/manifest,https://iiif-images.library.upenn.edu/iiif/2/0fb540bd-1f1e-4079-84c9-a0510935eba9
obj517,The Washington Monument. Address delivered last Sabbath by Rev. S. Morais.,The Jewish Record,Philadelphia,27-Feb,27-Feb,,,"https://iiif-images.library.upenn.edu/iiif/2/39278c1c-c7b4-402a-8b2c-2d7462f0ba7e/full/!200,200/0/default.jpg","https://iiif-images.library.upenn.edu/iiif/2/39278c1c-c7b4-402a-8b2c-2d7462f0ba7e/full/3500,/0/default.jpg",314,https://iiif-images.library.upenn.edu/iiif/3/39278c1c-c7b4-402a-8b2c-2d7462f0ba7e/info.json,Liquor dens|Washington Monument,531,https://digitalrepository.library.upenn.edu/iiif/2/items/dc71c7fc-63d6-40e0-908e-ba8930064eba/manifest,https://iiif-images.library.upenn.edu/iiif/2/39278c1c-c7b4-402a-8b2c-2d7462f0ba7e
obj518,Purim.,The Jewish Record,Philadelphia,2-Feb,2-Feb,,,"https://iiif-images.library.upenn.edu/iiif/2/39278c1c-c7b4-402a-8b2c-2d7462f0ba7e/full/!200,200/0/default.jpg","https://iiif-images.library.upenn.edu/iiif/2/39278c1c-c7b4-402a-8b2c-2d7462f0ba7e/full/3500,/0/default.jpg",314,https://iiif-images.library.upenn.edu/iiif/3/39278c1c-c7b4-402a-8b2c-2d7462f0ba7e/info.json,Alliance IsraA?lite Universelle|Purim,532,https://digitalrepository.library.upenn.edu/iiif/2/items/dc71c7fc-63d6-40e0-908e-ba8930064eba/manifest,https://iiif-images.library.upenn.edu/iiif/2/39278c1c-c7b4-402a-8b2c-2d7462f0ba7e
obj519,Alliance Israelite Universelle.,American Hebrew,New York,10-Apr,10-Apr,,,"https://iiif-images.library.upenn.edu/iiif/2/551497a3-abfa-4ac7-8f4d-b4d7374713b8/full/!200,200/0/default.jpg","https://iiif-images.library.upenn.edu/iiif/2/551497a3-abfa-4ac7-8f4d-b4d7374713b8/full/3500,/0/default.jpg",315,https://iiif-images.library.upenn.edu/iiif/3/551497a3-abfa-4ac7-8f4d-b4d7374713b8/info.json,Alliance IsraA?lite Universelle|American Hebrew|Minister's Conference,533,https://digitalrepository.library.upenn.edu/iiif/2/items/dc71c7fc-63d6-40e0-908e-ba8930064eba/manifest,https://iiif-images.library.upenn.edu/iiif/2/551497a3-abfa-4ac7-8f4d-b4d7374713b8
obj520,Alliance Israelite Universelle [concluded from previous item].,American Hebrew,New York,10-Apr,10-Apr,,,"https://iiif-images.library.upenn.edu/iiif/2/6afbb37d-3eaa-4fde-9db4-9aee41ec938d/full/!200,200/0/default.jpg","https://iiif-images.library.upenn.edu/iiif/2/6afbb37d-3eaa-4fde-9db4-9aee41ec938d/full/3500,/0/default.jpg",316,https://iiif-images.library.upenn.edu/iiif/3/6afbb37d-3eaa-4fde-9db4-9aee41ec938d/info.json,"Alliance IsraA?lite Universelle|American Hebrew|Benamozegh, Elias (of Leghorn)|Berliner, Dr. A.|Cohn, Albert|Cremieux, Isaac Adolphe|Graetz, Dr. Heinrich|Hirsch, Moses de|Jewish Ministers Association|Mendelssohn, Moses|Munk, S.|Wessely, Hertz",534,https://digitalrepository.library.upenn.edu/iiif/2/items/dc71c7fc-63d6-40e0-908e-ba8930064eba/manifest,https://iiif-images.library.upenn.edu/iiif/2/6afbb37d-3eaa-4fde-9db4-9aee41ec938d
obj521,"Extract of an address delivered at the Second Annual Meeting of the Pennsylvania Society to Protect Children from Cruelty in the evening of January 20th, 1879, at Association Hall, Philadelphia, and as published in the Report of the Society.","Noted in pencil on the left of the page: ""(Concluded from page 215)""",,,,,,"https://iiif-images.library.upenn.edu/iiif/2/6afbb37d-3eaa-4fde-9db4-9aee41ec938d/full/!200,200/0/default.jpg","https://iiif-images.library.upenn.edu/iiif/2/6afbb37d-3eaa-4fde-9db4-9aee41ec938d/full/3500,/0/default.jpg",316,https://iiif-images.library.upenn.edu/iiif/3/6afbb37d-3eaa-4fde-9db4-9aee41ec938d/info.json,Pennsylvania Society to Protect Children from Cruelty|Child welfare,535,https://digitalrepository.library.upenn.edu/iiif/2/items/dc71c7fc-63d6-40e0-908e-ba8930064eba/manifest,https://iiif-images.library.upenn.edu/iiif/2/6afbb37d-3eaa-4fde-9db4-9aee41ec938d
obj522,Rashi and His Grandsons. A Review of a Lecture.,The Hebrew Standard,New York,15-May,15-May,,,"https://iiif-images.library.upenn.edu/iiif/2/07f19a23-0923-44f8-a97b-59e70dd27abe/full/!200,200/0/default.jpg","https://iiif-images.library.upenn.edu/iiif/2/07f19a23-0923-44f8-a97b-59e70dd27abe/full/3500,/0/default.jpg",317,https://iiif-images.library.upenn.edu/iiif/3/07f19a23-0923-44f8-a97b-59e70dd27abe/info.json,"Hebrew Literary Society|Rashi|Schiller-Szinessy, S. M.",536,https://digitalrepository.library.upenn.edu/iiif/2/items/dc71c7fc-63d6-40e0-908e-ba8930064eba/manifest,https://iiif-images.library.upenn.edu/iiif/2/07f19a23-0923-44f8-a97b-59e70dd27abe
obj523,The Kimchi Family. A Review of a Lecture.,The Hebrew Standard,New York,5-Jun,5-Jun,,,"https://iiif-images.library.upenn.edu/iiif/2/82bcfd4c-c5da-47a4-a520-cc808473736a/full/!200,200/0/default.jpg","https://iiif-images.library.upenn.edu/iiif/2/82bcfd4c-c5da-47a4-a520-cc808473736a/full/3500,/0/default.jpg",318,https://iiif-images.library.upenn.edu/iiif/3/82bcfd4c-c5da-47a4-a520-cc808473736a/info.json,"Hebrew Literary Society|Kimchi, David",537,https://digitalrepository.library.upenn.edu/iiif/2/items/dc71c7fc-63d6-40e0-908e-ba8930064eba/manifest,https://iiif-images.library.upenn.edu/iiif/2/82bcfd4c-c5da-47a4-a520-cc808473736a
obj524,The Kimchi Family. A Review of a Lecture [concluded].,The Hebrew Standard,New York,5-Jun,5-Jun,,,"https://iiif-images.library.upenn.edu/iiif/2/f1a62431-1f0a-4373-8690-99697f550c7b/full/!200,200/0/default.jpg","https://iiif-images.library.upenn.edu/iiif/2/f1a62431-1f0a-4373-8690-99697f550c7b/full/3500,/0/default.jpg",319,https://iiif-images.library.upenn.edu/iiif/3/f1a62431-1f0a-4373-8690-99697f550c7b/info.json,"Kimchi, David",538,https://digitalrepository.library.upenn.edu/iiif/2/items/dc71c7fc-63d6-40e0-908e-ba8930064eba/manifest,https://iiif-images.library.upenn.edu/iiif/2/f1a62431-1f0a-4373-8690-99697f550c7b
obj525,Congratulatory Letter.,The Jewish Record,Philadelphia,12-Jun,12-Jun,,,"https://iiif-images.library.upenn.edu/iiif/2/f1a62431-1f0a-4373-8690-99697f550c7b/full/!200,200/0/default.jpg","https://iiif-images.library.upenn.edu/iiif/2/f1a62431-1f0a-4373-8690-99697f550c7b/full/3500,/0/default.jpg",319,https://iiif-images.library.upenn.edu/iiif/3/f1a62431-1f0a-4373-8690-99697f550c7b/info.json,"Hirsch, Samuel",539,https://digitalrepository.library.upenn.edu/iiif/2/items/dc71c7fc-63d6-40e0-908e-ba8930064eba/manifest,https://iiif-images.library.upenn.edu/iiif/2/f1a62431-1f0a-4373-8690-99697f550c7b
obj526,The Ibn Tibbon Family. A Review of a Lecture,The Hebrew Standard,New York,12-Jun,12-Jun,,,"https://iiif-images.library.upenn.edu/iiif/2/bf2e8d7f-0fb1-44ce-a2e2-9ca9b022dd4f/full/!200,200/0/default.jpg","https://iiif-images.library.upenn.edu/iiif/2/bf2e8d7f-0fb1-44ce-a2e2-9ca9b022dd4f/full/3500,/0/default.jpg",320,https://iiif-images.library.upenn.edu/iiif/3/bf2e8d7f-0fb1-44ce-a2e2-9ca9b022dd4f/info.json,"Hebrew Literary Society|Ibn Tibbon, Samuel",540,https://digitalrepository.library.upenn.edu/iiif/2/items/dc71c7fc-63d6-40e0-908e-ba8930064eba/manifest,https://iiif-images.library.upenn.edu/iiif/2/bf2e8d7f-0fb1-44ce-a2e2-9ca9b022dd4f
obj527,Morais to Kohler. I.,American Hebrew,New York,26-Jun,26-Jun,,,"https://iiif-images.library.upenn.edu/iiif/2/0a9f72b5-1613-435e-88b4-a6ee409fbc3e/full/!200,200/0/default.jpg","https://iiif-images.library.upenn.edu/iiif/2/0a9f72b5-1613-435e-88b4-a6ee409fbc3e/full/3500,/0/default.jpg",322,https://iiif-images.library.upenn.edu/iiif/3/0a9f72b5-1613-435e-88b4-a6ee409fbc3e/info.json,"American Hebrew|Kohler, Kaufmann",541,https://digitalrepository.library.upenn.edu/iiif/2/items/dc71c7fc-63d6-40e0-908e-ba8930064eba/manifest,https://iiif-images.library.upenn.edu/iiif/2/0a9f72b5-1613-435e-88b4-a6ee409fbc3e
obj528,Morais to Kohler,American Hebrew,New York,3-Jul,3-Jul,,,"https://iiif-images.library.upenn.edu/iiif/2/29c342f9-cd31-4388-918c-6380c0844b61/full/!200,200/0/default.jpg","https://iiif-images.library.upenn.edu/iiif/2/29c342f9-cd31-4388-918c-6380c0844b61/full/3500,/0/default.jpg",323,https://iiif-images.library.upenn.edu/iiif/3/29c342f9-cd31-4388-918c-6380c0844b61/info.json,"American Hebrew|Kohler, Kaufmann",542,https://digitalrepository.library.upenn.edu/iiif/2/items/dc71c7fc-63d6-40e0-908e-ba8930064eba/manifest,https://iiif-images.library.upenn.edu/iiif/2/29c342f9-cd31-4388-918c-6380c0844b61
obj529,Morais to Kohler. II.,American Hebrew,New York,3-Jul,3-Jul,,,"https://iiif-images.library.upenn.edu/iiif/2/36d66e62-4d59-4955-8668-ba2c840720db/full/!200,200/0/default.jpg","https://iiif-images.library.upenn.edu/iiif/2/36d66e62-4d59-4955-8668-ba2c840720db/full/3500,/0/default.jpg",324,https://iiif-images.library.upenn.edu/iiif/3/36d66e62-4d59-4955-8668-ba2c840720db/info.json,"American Hebrew|Colenso, John William|Kohler, Kaufmann|Kuenen, Abraham|Oort, H.|Old Testament in the Jewish Church",543,https://digitalrepository.library.upenn.edu/iiif/2/items/dc71c7fc-63d6-40e0-908e-ba8930064eba/manifest,https://iiif-images.library.upenn.edu/iiif/2/36d66e62-4d59-4955-8668-ba2c840720db
obj530,Morais to Kohler. III.,American Hebrew,New York,10-Jul,10-Jul,,,"https://iiif-images.library.upenn.edu/iiif/2/6d6f3917-4321-4cf7-b7ce-41e128083bdd/full/!200,200/0/default.jpg","https://iiif-images.library.upenn.edu/iiif/2/6d6f3917-4321-4cf7-b7ce-41e128083bdd/full/3500,/0/default.jpg",326,https://iiif-images.library.upenn.edu/iiif/3/6d6f3917-4321-4cf7-b7ce-41e128083bdd/info.json,"American Hebrew|Kohler, Kaufmann|Reform Judaism, (also ""Neology""/""Gentilism"")",544,https://digitalrepository.library.upenn.edu/iiif/2/items/dc71c7fc-63d6-40e0-908e-ba8930064eba/manifest,https://iiif-images.library.upenn.edu/iiif/2/6d6f3917-4321-4cf7-b7ce-41e128083bdd
obj531,Morais to Kohler. III. [concluded].,American Hebrew,New York,10-Jul,10-Jul,,,"https://iiif-images.library.upenn.edu/iiif/2/72e9072f-cfc6-4d0f-b459-dcebee025327/full/!200,200/0/default.jpg","https://iiif-images.library.upenn.edu/iiif/2/72e9072f-cfc6-4d0f-b459-dcebee025327/full/3500,/0/default.jpg",327,https://iiif-images.library.upenn.edu/iiif/3/72e9072f-cfc6-4d0f-b459-dcebee025327/info.json,"American Hebrew|Kohler, Kaufmann",545,https://digitalrepository.library.upenn.edu/iiif/2/items/dc71c7fc-63d6-40e0-908e-ba8930064eba/manifest,https://iiif-images.library.upenn.edu/iiif/2/72e9072f-cfc6-4d0f-b459-dcebee025327
obj532,Morais to Kohler. IV.,American Hebrew,New York,17-Jul,17-Jul,,,"https://iiif-images.library.upenn.edu/iiif/2/6828f551-b9cf-4828-831d-2a85e144217c/full/!200,200/0/default.jpg","https://iiif-images.library.upenn.edu/iiif/2/6828f551-b9cf-4828-831d-2a85e144217c/full/3500,/0/default.jpg",328,https://iiif-images.library.upenn.edu/iiif/3/6828f551-b9cf-4828-831d-2a85e144217c/info.json,"American Hebrew|Kohler, Kaufmann",546,https://digitalrepository.library.upenn.edu/iiif/2/items/dc71c7fc-63d6-40e0-908e-ba8930064eba/manifest,https://iiif-images.library.upenn.edu/iiif/2/6828f551-b9cf-4828-831d-2a85e144217c
obj533,The Fast of Ab.,The Jewish Record,Philadelphia,17-Jul,17-Jul,,,"https://iiif-images.library.upenn.edu/iiif/2/d9dca5ef-d40b-4097-8085-92f88914aa95/full/!200,200/0/default.jpg","https://iiif-images.library.upenn.edu/iiif/2/d9dca5ef-d40b-4097-8085-92f88914aa95/full/3500,/0/default.jpg",329,https://iiif-images.library.upenn.edu/iiif/3/d9dca5ef-d40b-4097-8085-92f88914aa95/info.json,Ninth of Ab,547,https://digitalrepository.library.upenn.edu/iiif/2/items/dc71c7fc-63d6-40e0-908e-ba8930064eba/manifest,https://iiif-images.library.upenn.edu/iiif/2/d9dca5ef-d40b-4097-8085-92f88914aa95
obj534,The Dead Philanthropist. Appropriate Action by our Hebrew Ministers.,The Jewish Record,Philadelphia,31-Jul,31-Jul,,,"https://iiif-images.library.upenn.edu/iiif/2/d9dca5ef-d40b-4097-8085-92f88914aa95/full/!200,200/0/default.jpg","https://iiif-images.library.upenn.edu/iiif/2/d9dca5ef-d40b-4097-8085-92f88914aa95/full/3500,/0/default.jpg",329,https://iiif-images.library.upenn.edu/iiif/3/d9dca5ef-d40b-4097-8085-92f88914aa95/info.json,"Montefiore, Moses|Board of Hebrew Ministers, Philadelphia",548,https://digitalrepository.library.upenn.edu/iiif/2/items/dc71c7fc-63d6-40e0-908e-ba8930064eba/manifest,https://iiif-images.library.upenn.edu/iiif/2/d9dca5ef-d40b-4097-8085-92f88914aa95
obj535,Sir Moses Montefiore. Substance of the Discourse Delivered Last Sabbath-Rev. S. Morais.,The Jewish Record,Philadelphia,7-Aug,7-Aug,,,"https://iiif-images.library.upenn.edu/iiif/2/d9dca5ef-d40b-4097-8085-92f88914aa95/full/!200,200/0/default.jpg","https://iiif-images.library.upenn.edu/iiif/2/d9dca5ef-d40b-4097-8085-92f88914aa95/full/3500,/0/default.jpg",329,https://iiif-images.library.upenn.edu/iiif/3/d9dca5ef-d40b-4097-8085-92f88914aa95/info.json,"Capital punishment|Montefiore, Moses",549,https://digitalrepository.library.upenn.edu/iiif/2/items/dc71c7fc-63d6-40e0-908e-ba8930064eba/manifest,https://iiif-images.library.upenn.edu/iiif/2/d9dca5ef-d40b-4097-8085-92f88914aa95
obj536,"Tribute of Respect. To the Memory of Mrs. Judith Finzi, Delivered by Rev. S. Morais, at her funeral. Philadelphia, April 5, 1885.",,,,,,,"https://iiif-images.library.upenn.edu/iiif/2/95a80f6b-7dd8-41d4-a149-f2763fa9cfaf/full/!200,200/0/default.jpg","https://iiif-images.library.upenn.edu/iiif/2/95a80f6b-7dd8-41d4-a149-f2763fa9cfaf/full/3500,/0/default.jpg","330,330c","https://iiif-images.library.upenn.edu/iiif/3/95a80f6b-7dd8-41d4-a149-f2763fa9cfaf/info.json, https://iiif-images.library.upenn.edu/iiif/3/e910fdbe-fe10-47dd-88ef-b4a89b0a531a/info.json","Finzi, Mrs. Judith",550,https://digitalrepository.library.upenn.edu/iiif/2/items/dc71c7fc-63d6-40e0-908e-ba8930064eba/manifest,https://iiif-images.library.upenn.edu/iiif/2/95a80f6b-7dd8-41d4-a149-f2763fa9cfaf|https://iiif-images.library.upenn.edu/iiif/2/e910fdbe-fe10-47dd-88ef-b4a89b0a531a
obj537,"A Tribute of Respect to the Memory of Abraham Hart. Delivered at the Funeral by Rev. S. Morais. July 24, 1885.",,,,,,,"https://iiif-images.library.upenn.edu/iiif/2/db10c0fb-8924-49f5-8d64-258235037fb8/full/!200,200/0/default.jpg","https://iiif-images.library.upenn.edu/iiif/2/db10c0fb-8924-49f5-8d64-258235037fb8/full/3500,/0/default.jpg","331,331c","https://iiif-images.library.upenn.edu/iiif/3/db10c0fb-8924-49f5-8d64-258235037fb8/info.json, https://iiif-images.library.upenn.edu/iiif/3/d497cfbf-3550-4737-b874-4bbd191fbe3b/info.json","Hart, Abraham",551,https://digitalrepository.library.upenn.edu/iiif/2/items/dc71c7fc-63d6-40e0-908e-ba8930064eba/manifest,https://iiif-images.library.upenn.edu/iiif/2/db10c0fb-8924-49f5-8d64-258235037fb8|https://iiif-images.library.upenn.edu/iiif/2/d497cfbf-3550-4737-b874-4bbd191fbe3b
obj538,"In Memoriam. Delia Rowland Newhouse. Rev. S. Morais. July 25th, 1886.",,,,,,,"https://iiif-images.library.upenn.edu/iiif/2/9d653b46-89f8-45b2-b088-9ef1e1d10e38/full/!200,200/0/default.jpg","https://iiif-images.library.upenn.edu/iiif/2/9d653b46-89f8-45b2-b088-9ef1e1d10e38/full/3500,/0/default.jpg","332,332c","https://iiif-images.library.upenn.edu/iiif/3/9d653b46-89f8-45b2-b088-9ef1e1d10e38/info.json, https://iiif-images.library.upenn.edu/iiif/3/ac240b65-d388-41d4-865c-1e0bf98a64b9/info.json","Neuhouse, Delia Rowland",552,https://digitalrepository.library.upenn.edu/iiif/2/items/dc71c7fc-63d6-40e0-908e-ba8930064eba/manifest,https://iiif-images.library.upenn.edu/iiif/2/9d653b46-89f8-45b2-b088-9ef1e1d10e38|https://iiif-images.library.upenn.edu/iiif/2/ac240b65-d388-41d4-865c-1e0bf98a64b9
obj539,"Meditations. At the Obsequies of Esther, wife of Edward L. Rothschild, and Daughter of Elias G. De Casseres by Rev. S. Morais. Died Tuesday, January 25, 1887. Philadelphia.",,,,,,,"https://iiif-images.library.upenn.edu/iiif/2/5ade40c1-5a58-4cd4-8a8b-20174721c36e/full/!200,200/0/default.jpg","https://iiif-images.library.upenn.edu/iiif/2/5ade40c1-5a58-4cd4-8a8b-20174721c36e/full/3500,/0/default.jpg","333,333c,333d,333e","https://iiif-images.library.upenn.edu/iiif/3/5ade40c1-5a58-4cd4-8a8b-20174721c36e/info.json, https://iiif-images.library.upenn.edu/iiif/3/19c8b570-fa04-4d54-a3b1-ac8af14dd926/info.json, https://iiif-images.library.upenn.edu/iiif/3/750ddb5f-c736-4c0f-a2d1-6bb172089863/info.json, https://iiif-images.library.upenn.edu/iiif/3/ea451dae-92b3-45a7-af14-cb413cf62a26/info.json","Rothschild, Esther",553,https://digitalrepository.library.upenn.edu/iiif/2/items/dc71c7fc-63d6-40e0-908e-ba8930064eba/manifest,https://iiif-images.library.upenn.edu/iiif/2/5ade40c1-5a58-4cd4-8a8b-20174721c36e|https://iiif-images.library.upenn.edu/iiif/2/19c8b570-fa04-4d54-a3b1-ac8af14dd926|https://iiif-images.library.upenn.edu/iiif/2/750ddb5f-c736-4c0f-a2d1-6bb172089863|https://iiif-images.library.upenn.edu/iiif/2/ea451dae-92b3-45a7-af14-cb413cf62a26
obj540,Rapoport's Encyclopedia. The author's ?Introduction?-translated for the Jewish Messenger by the Rev. S. Morais.,,,,,,,"https://iiif-images.library.upenn.edu/iiif/2/b1aa64a2-5d98-48ab-b44d-93b51d036c12/full/!200,200/0/default.jpg","https://iiif-images.library.upenn.edu/iiif/2/b1aa64a2-5d98-48ab-b44d-93b51d036c12/full/3500,/0/default.jpg","334,334d,334f,334h,334j","https://iiif-images.library.upenn.edu/iiif/3/b1aa64a2-5d98-48ab-b44d-93b51d036c12/info.json, https://iiif-images.library.upenn.edu/iiif/3/cfb37849-0c36-464e-96c9-572a603b9445/info.json, https://iiif-images.library.upenn.edu/iiif/3/7bb8c4d7-ec8d-43a2-a3b2-5e8b43acecf8/info.json, https://iiif-images.library.upenn.edu/iiif/3/2eedd9c2-770d-40eb-b27a-50e0182733c3/info.json, https://iiif-images.library.upenn.edu/iiif/3/685ea90e-49ad-41ea-828d-b60002c1652f/info.json",Jewish Messenger|Encyclopedia,554,https://digitalrepository.library.upenn.edu/iiif/2/items/dc71c7fc-63d6-40e0-908e-ba8930064eba/manifest,https://iiif-images.library.upenn.edu/iiif/2/b1aa64a2-5d98-48ab-b44d-93b51d036c12|https://iiif-images.library.upenn.edu/iiif/2/cfb37849-0c36-464e-96c9-572a603b9445|https://iiif-images.library.upenn.edu/iiif/2/7bb8c4d7-ec8d-43a2-a3b2-5e8b43acecf8|https://iiif-images.library.upenn.edu/iiif/2/2eedd9c2-770d-40eb-b27a-50e0182733c3|https://iiif-images.library.upenn.edu/iiif/2/685ea90e-49ad-41ea-828d-b60002c1652f
obj541,Abbe Perreau's Contribution to the Zunz Jubilee by Rev. S. Morais.,The Jewish Messenger,New York,14-Aug,14-Aug,,,"https://iiif-images.library.upenn.edu/iiif/2/086bed1b-028b-4be6-98e4-a44e83c2a5ba/full/!200,200/0/default.jpg","https://iiif-images.library.upenn.edu/iiif/2/086bed1b-028b-4be6-98e4-a44e83c2a5ba/full/3500,/0/default.jpg",336,https://iiif-images.library.upenn.edu/iiif/3/086bed1b-028b-4be6-98e4-a44e83c2a5ba/info.json,"Jewish Messenger|Perreau, Pietro|Zunz, Leopold",555,https://digitalrepository.library.upenn.edu/iiif/2/items/dc71c7fc-63d6-40e0-908e-ba8930064eba/manifest,https://iiif-images.library.upenn.edu/iiif/2/086bed1b-028b-4be6-98e4-a44e83c2a5ba
obj542,Abbe Perreau's Contribution to the Zunz Jubilee by Rev. S. Morais.,The Jewish Messenger,New York,21-Aug,21-Aug,,,"https://iiif-images.library.upenn.edu/iiif/2/f58ba928-7d54-4bdb-8182-500329516f54/full/!200,200/0/default.jpg","https://iiif-images.library.upenn.edu/iiif/2/f58ba928-7d54-4bdb-8182-500329516f54/full/3500,/0/default.jpg",337,https://iiif-images.library.upenn.edu/iiif/3/f58ba928-7d54-4bdb-8182-500329516f54/info.json,"Jewish Messenger|Perreau, Pietro|Zunz, Leopold",556,https://digitalrepository.library.upenn.edu/iiif/2/items/dc71c7fc-63d6-40e0-908e-ba8930064eba/manifest,https://iiif-images.library.upenn.edu/iiif/2/f58ba928-7d54-4bdb-8182-500329516f54
obj543,General Grant. Substance of a Discourse Delivered Last Sabbath by the Rev. S. Morais.,The Jewish Record,Philadelphia,14-Aug,14-Aug,,,"https://iiif-images.library.upenn.edu/iiif/2/0312db11-d925-4711-971b-3747a7279c0a/full/!200,200/0/default.jpg","https://iiif-images.library.upenn.edu/iiif/2/0312db11-d925-4711-971b-3747a7279c0a/full/3500,/0/default.jpg",338,https://iiif-images.library.upenn.edu/iiif/3/0312db11-d925-4711-971b-3747a7279c0a/info.json,"Grant, Ulysses S.",557,https://digitalrepository.library.upenn.edu/iiif/2/items/dc71c7fc-63d6-40e0-908e-ba8930064eba/manifest,https://iiif-images.library.upenn.edu/iiif/2/0312db11-d925-4711-971b-3747a7279c0a
obj544,"Dedication Sermon. A Discourse Delivered at the Dedication of a Synagogue in Wilmington, Delaware.",The Jewish Record,Philadelphia,21-Aug,21-Aug,,,"https://iiif-images.library.upenn.edu/iiif/2/a78ba737-fd5b-4475-858f-6de64632b68f/full/!200,200/0/default.jpg","https://iiif-images.library.upenn.edu/iiif/2/a78ba737-fd5b-4475-858f-6de64632b68f/full/3500,/0/default.jpg",339,https://iiif-images.library.upenn.edu/iiif/3/a78ba737-fd5b-4475-858f-6de64632b68f/info.json,"Synagogue dedication|Wilmington, Delaware|Smith, Goldwin|Montefiore, Moses",558,https://digitalrepository.library.upenn.edu/iiif/2/items/dc71c7fc-63d6-40e0-908e-ba8930064eba/manifest,https://iiif-images.library.upenn.edu/iiif/2/a78ba737-fd5b-4475-858f-6de64632b68f
obj545,The Prince of Virtue. An Eulogy on Sir Moses Montefiore.,Philadelphia Evening Bulletin,Philadelphia,31-Aug,31-Aug,,,"https://iiif-images.library.upenn.edu/iiif/2/95dc0d84-716b-4890-ac44-1379a0b9655f/full/!200,200/0/default.jpg","https://iiif-images.library.upenn.edu/iiif/2/95dc0d84-716b-4890-ac44-1379a0b9655f/full/3500,/0/default.jpg",340,https://iiif-images.library.upenn.edu/iiif/3/95dc0d84-716b-4890-ac44-1379a0b9655f/info.json,"Mendes, A. P.|Montefiore, Moses",559,https://digitalrepository.library.upenn.edu/iiif/2/items/dc71c7fc-63d6-40e0-908e-ba8930064eba/manifest,https://iiif-images.library.upenn.edu/iiif/2/95dc0d84-716b-4890-ac44-1379a0b9655f
obj546,"Rosh Hashanah, 5646.",The Jewish Record,Philadelphia,11-Sep,11-Sep,,,"https://iiif-images.library.upenn.edu/iiif/2/c78e4fad-edda-456b-8836-70ad678ffc63/full/!200,200/0/default.jpg","https://iiif-images.library.upenn.edu/iiif/2/c78e4fad-edda-456b-8836-70ad678ffc63/full/3500,/0/default.jpg",341,https://iiif-images.library.upenn.edu/iiif/3/c78e4fad-edda-456b-8836-70ad678ffc63/info.json,Rosh Hashanah,560,https://digitalrepository.library.upenn.edu/iiif/2/items/dc71c7fc-63d6-40e0-908e-ba8930064eba/manifest,https://iiif-images.library.upenn.edu/iiif/2/c78e4fad-edda-456b-8836-70ad678ffc63
obj547,A Penitential Sermon. By the Rev. S. Morais.,The Jewish Record,Philadelphia,18-Sep,18-Sep,,,"https://iiif-images.library.upenn.edu/iiif/2/8513e2ea-595f-4cd4-88ca-ccaea004b5af/full/!200,200/0/default.jpg","https://iiif-images.library.upenn.edu/iiif/2/8513e2ea-595f-4cd4-88ca-ccaea004b5af/full/3500,/0/default.jpg",342,https://iiif-images.library.upenn.edu/iiif/3/8513e2ea-595f-4cd4-88ca-ccaea004b5af/info.json,Yom Kippur,561,https://digitalrepository.library.upenn.edu/iiif/2/items/dc71c7fc-63d6-40e0-908e-ba8930064eba/manifest,https://iiif-images.library.upenn.edu/iiif/2/8513e2ea-595f-4cd4-88ca-ccaea004b5af
obj548,The Religion of Intellect and Sentiment. An Address by Rev. S. Morais.,The Jewish Record,Philadelphia,30-Oct,30-Oct,,,"https://iiif-images.library.upenn.edu/iiif/2/2a9890ab-0740-427a-8ee4-4a1f17863bd2/full/!200,200/0/default.jpg","https://iiif-images.library.upenn.edu/iiif/2/2a9890ab-0740-427a-8ee4-4a1f17863bd2/full/3500,/0/default.jpg",343,https://iiif-images.library.upenn.edu/iiif/3/2a9890ab-0740-427a-8ee4-4a1f17863bd2/info.json,Public school,562,https://digitalrepository.library.upenn.edu/iiif/2/items/dc71c7fc-63d6-40e0-908e-ba8930064eba/manifest,https://iiif-images.library.upenn.edu/iiif/2/2a9890ab-0740-427a-8ee4-4a1f17863bd2
obj549,[Letter] To the Shochatim of Philadelphia: [...].,American Hebrew,New York,27-Nov,27-Nov,,,"https://iiif-images.library.upenn.edu/iiif/2/cad89ade-cdc7-490f-a783-86a5bff171b9/full/!200,200/0/default.jpg","https://iiif-images.library.upenn.edu/iiif/2/cad89ade-cdc7-490f-a783-86a5bff171b9/full/3500,/0/default.jpg",344,https://iiif-images.library.upenn.edu/iiif/3/cad89ade-cdc7-490f-a783-86a5bff171b9/info.json,"American Hebrew|Caro, Victor|Chumaceiro, J.|Frankel, I.|Hebrew Ministers of Philadelphia|Reich, Rev. Leo|Roman ghetto",563,https://digitalrepository.library.upenn.edu/iiif/2/items/dc71c7fc-63d6-40e0-908e-ba8930064eba/manifest,https://iiif-images.library.upenn.edu/iiif/2/cad89ade-cdc7-490f-a783-86a5bff171b9
obj550,The Rev. S. Morais.,The Jewish Record,Philadelphia,27-Nov,27-Nov,,,"https://iiif-images.library.upenn.edu/iiif/2/cad89ade-cdc7-490f-a783-86a5bff171b9/full/!200,200/0/default.jpg","https://iiif-images.library.upenn.edu/iiif/2/cad89ade-cdc7-490f-a783-86a5bff171b9/full/3500,/0/default.jpg",344,https://iiif-images.library.upenn.edu/iiif/3/cad89ade-cdc7-490f-a783-86a5bff171b9/info.json,"Pittsburgh Convention|Reform Judaism, (also ""Neology""/""Gentilism"")",564,https://digitalrepository.library.upenn.edu/iiif/2/items/dc71c7fc-63d6-40e0-908e-ba8930064eba/manifest,https://iiif-images.library.upenn.edu/iiif/2/cad89ade-cdc7-490f-a783-86a5bff171b9
obj551,The Rev. S. Morais spoke last Sabbath [...].,American Hebrew,New York,27-Nov,27-Nov,,,"https://iiif-images.library.upenn.edu/iiif/2/cad89ade-cdc7-490f-a783-86a5bff171b9/full/!200,200/0/default.jpg","https://iiif-images.library.upenn.edu/iiif/2/cad89ade-cdc7-490f-a783-86a5bff171b9/full/3500,/0/default.jpg",344,https://iiif-images.library.upenn.edu/iiif/3/cad89ade-cdc7-490f-a783-86a5bff171b9/info.json,American Hebrew|Pittsburgh Convention,565,https://digitalrepository.library.upenn.edu/iiif/2/items/dc71c7fc-63d6-40e0-908e-ba8930064eba/manifest,https://iiif-images.library.upenn.edu/iiif/2/cad89ade-cdc7-490f-a783-86a5bff171b9
obj552,The Late Vice-President.,The Jewish Record,Philadelphia,4-Dec,4-Dec,,,"https://iiif-images.library.upenn.edu/iiif/2/19c6b330-13f8-46dc-a119-1ab36d03f258/full/!200,200/0/default.jpg","https://iiif-images.library.upenn.edu/iiif/2/19c6b330-13f8-46dc-a119-1ab36d03f258/full/3500,/0/default.jpg",345,https://iiif-images.library.upenn.edu/iiif/3/19c6b330-13f8-46dc-a119-1ab36d03f258/info.json,"Hendricks, Thomas A.",566,https://digitalrepository.library.upenn.edu/iiif/2/items/dc71c7fc-63d6-40e0-908e-ba8930064eba/manifest,https://iiif-images.library.upenn.edu/iiif/2/19c6b330-13f8-46dc-a119-1ab36d03f258
obj553,Interviewing the Clergy.,The Jewish Record,Philadelphia,4-Dec,4-Dec,,,"https://iiif-images.library.upenn.edu/iiif/2/19c6b330-13f8-46dc-a119-1ab36d03f258/full/!200,200/0/default.jpg","https://iiif-images.library.upenn.edu/iiif/2/19c6b330-13f8-46dc-a119-1ab36d03f258/full/3500,/0/default.jpg",345,https://iiif-images.library.upenn.edu/iiif/3/19c6b330-13f8-46dc-a119-1ab36d03f258/info.json,"Benedetti, Salvatore de|Pittsburgh Convention|Reform Judaism, (also ""Neology""/""Gentilism"")",567,https://digitalrepository.library.upenn.edu/iiif/2/items/dc71c7fc-63d6-40e0-908e-ba8930064eba/manifest,https://iiif-images.library.upenn.edu/iiif/2/19c6b330-13f8-46dc-a119-1ab36d03f258
obj554,"""The American Jews? Annual, for 5646,"" is just issued [...].",The Jewish Record,Philadelphia,"December 4, 1885",4-Dec,,1885,"https://iiif-images.library.upenn.edu/iiif/2/19c6b330-13f8-46dc-a119-1ab36d03f258/full/!200,200/0/default.jpg","https://iiif-images.library.upenn.edu/iiif/2/19c6b330-13f8-46dc-a119-1ab36d03f258/full/3500,/0/default.jpg",345,https://iiif-images.library.upenn.edu/iiif/3/19c6b330-13f8-46dc-a119-1ab36d03f258/info.json,American Jews? Annual,568,https://digitalrepository.library.upenn.edu/iiif/2/items/dc71c7fc-63d6-40e0-908e-ba8930064eba/manifest,https://iiif-images.library.upenn.edu/iiif/2/19c6b330-13f8-46dc-a119-1ab36d03f258
obj555,"The Chinese Question. Abstract of an Address, By the Rev. S. Morais.",The Jewish Record,Philadelphia,"December 4, 1885",4-Dec,,1885,"https://iiif-images.library.upenn.edu/iiif/2/19c6b330-13f8-46dc-a119-1ab36d03f258/full/!200,200/0/default.jpg","https://iiif-images.library.upenn.edu/iiif/2/19c6b330-13f8-46dc-a119-1ab36d03f258/full/3500,/0/default.jpg",345,https://iiif-images.library.upenn.edu/iiif/3/19c6b330-13f8-46dc-a119-1ab36d03f258/info.json,Chinese Exclusion Act,569,https://digitalrepository.library.upenn.edu/iiif/2/items/dc71c7fc-63d6-40e0-908e-ba8930064eba/manifest,https://iiif-images.library.upenn.edu/iiif/2/19c6b330-13f8-46dc-a119-1ab36d03f258
obj556,The Want of the Hour.,The Jewish Record,Philadelphia,"December 11, 1885",11-Dec,,1885,"https://iiif-images.library.upenn.edu/iiif/2/163de475-e4d3-4305-a6f1-b413f2cb2214/full/!200,200/0/default.jpg","https://iiif-images.library.upenn.edu/iiif/2/163de475-e4d3-4305-a6f1-b413f2cb2214/full/3500,/0/default.jpg",346,https://iiif-images.library.upenn.edu/iiif/3/163de475-e4d3-4305-a6f1-b413f2cb2214/info.json,Spanish and Portuguese synagogue in New York (Shearith Israel),570,https://digitalrepository.library.upenn.edu/iiif/2/items/dc71c7fc-63d6-40e0-908e-ba8930064eba/manifest,https://iiif-images.library.upenn.edu/iiif/2/163de475-e4d3-4305-a6f1-b413f2cb2214
obj557,Canon Farrar on the Talmud.,The Jewish Record,Philadelphia,"December 11, 1885",11-Dec,,1885,"https://iiif-images.library.upenn.edu/iiif/2/163de475-e4d3-4305-a6f1-b413f2cb2214/full/!200,200/0/default.jpg","https://iiif-images.library.upenn.edu/iiif/2/163de475-e4d3-4305-a6f1-b413f2cb2214/full/3500,/0/default.jpg",346,https://iiif-images.library.upenn.edu/iiif/3/163de475-e4d3-4305-a6f1-b413f2cb2214/info.json,Antologica Israelitica (of Corfu),571,https://digitalrepository.library.upenn.edu/iiif/2/items/dc71c7fc-63d6-40e0-908e-ba8930064eba/manifest,https://iiif-images.library.upenn.edu/iiif/2/163de475-e4d3-4305-a6f1-b413f2cb2214
obj558,The Keiley Rejection.,The Jewish Record,Philadelphia,"December 18, 1885",18-Dec,,1885,"https://iiif-images.library.upenn.edu/iiif/2/163de475-e4d3-4305-a6f1-b413f2cb2214/full/!200,200/0/default.jpg","https://iiif-images.library.upenn.edu/iiif/2/163de475-e4d3-4305-a6f1-b413f2cb2214/full/3500,/0/default.jpg",346,https://iiif-images.library.upenn.edu/iiif/3/163de475-e4d3-4305-a6f1-b413f2cb2214/info.json,"Keiley, Ambassador",572,https://digitalrepository.library.upenn.edu/iiif/2/items/dc71c7fc-63d6-40e0-908e-ba8930064eba/manifest,https://iiif-images.library.upenn.edu/iiif/2/163de475-e4d3-4305-a6f1-b413f2cb2214
obj559,The Rev. S. Morais on Friday Evening Service.,The Jewish Record,Philadelphia,"December 18, 1885",18-Dec,,1885,"https://iiif-images.library.upenn.edu/iiif/2/163de475-e4d3-4305-a6f1-b413f2cb2214/full/!200,200/0/default.jpg","https://iiif-images.library.upenn.edu/iiif/2/163de475-e4d3-4305-a6f1-b413f2cb2214/full/3500,/0/default.jpg",346,https://iiif-images.library.upenn.edu/iiif/3/163de475-e4d3-4305-a6f1-b413f2cb2214/info.json,Sabbath observance|Friday evening services,573,https://digitalrepository.library.upenn.edu/iiif/2/items/dc71c7fc-63d6-40e0-908e-ba8930064eba/manifest,https://iiif-images.library.upenn.edu/iiif/2/163de475-e4d3-4305-a6f1-b413f2cb2214
obj560,Nachmanides. A Review of a Lecture.,The Jewish Record,Philadelphia,"January 8, 1886",8-Jan,,1886,"https://iiif-images.library.upenn.edu/iiif/2/0c702a32-e377-4f2a-88c8-2c82c2b6cb3c/full/!200,200/0/default.jpg","https://iiif-images.library.upenn.edu/iiif/2/0c702a32-e377-4f2a-88c8-2c82c2b6cb3c/full/3500,/0/default.jpg",348,https://iiif-images.library.upenn.edu/iiif/3/0c702a32-e377-4f2a-88c8-2c82c2b6cb3c/info.json,Hebrew Literary Association|Milchamoth Chobah,574,https://digitalrepository.library.upenn.edu/iiif/2/items/dc71c7fc-63d6-40e0-908e-ba8930064eba/manifest,https://iiif-images.library.upenn.edu/iiif/2/0c702a32-e377-4f2a-88c8-2c82c2b6cb3c
obj561,"In the Synagogue Mickve Israel, the Rev. S. Morais described [...].",The Jewish Record,Philadelphia,"January 8, 1886",8-Jan,,1886,"https://iiif-images.library.upenn.edu/iiif/2/0c702a32-e377-4f2a-88c8-2c82c2b6cb3c/full/!200,200/0/default.jpg","https://iiif-images.library.upenn.edu/iiif/2/0c702a32-e377-4f2a-88c8-2c82c2b6cb3c/full/3500,/0/default.jpg",348,https://iiif-images.library.upenn.edu/iiif/3/0c702a32-e377-4f2a-88c8-2c82c2b6cb3c/info.json,"Mendelssohn, Moses",575,https://digitalrepository.library.upenn.edu/iiif/2/items/dc71c7fc-63d6-40e0-908e-ba8930064eba/manifest,https://iiif-images.library.upenn.edu/iiif/2/0c702a32-e377-4f2a-88c8-2c82c2b6cb3c
obj562,Ben Adereth and his Contemporaries. A Review of a Lecture.,The Jewish Record,Philadelphia,"January 22, 1886",22-Jan,,1886,"https://iiif-images.library.upenn.edu/iiif/2/47d02269-581f-4723-b3d1-1f5988f3b980/full/!200,200/0/default.jpg","https://iiif-images.library.upenn.edu/iiif/2/47d02269-581f-4723-b3d1-1f5988f3b980/full/3500,/0/default.jpg",349,https://iiif-images.library.upenn.edu/iiif/3/47d02269-581f-4723-b3d1-1f5988f3b980/info.json,"Adret, Solomon ben Abraham|Hebrew Literary Association",576,https://digitalrepository.library.upenn.edu/iiif/2/items/dc71c7fc-63d6-40e0-908e-ba8930064eba/manifest,https://iiif-images.library.upenn.edu/iiif/2/47d02269-581f-4723-b3d1-1f5988f3b980
obj563,"The Jewish Theological Seminary. Sermon delivered last Sabbath, in the ""Shearith Israel"" Synagogue, of New York, by the Rev. S. Morais.",The Jewish Record,Philadelphia,"February 5, 1886",5-Feb,,1886,"https://iiif-images.library.upenn.edu/iiif/2/f5c1ca87-b6ec-432e-87b8-81bd33a6618a/full/!200,200/0/default.jpg","https://iiif-images.library.upenn.edu/iiif/2/f5c1ca87-b6ec-432e-87b8-81bd33a6618a/full/3500,/0/default.jpg",350,https://iiif-images.library.upenn.edu/iiif/3/f5c1ca87-b6ec-432e-87b8-81bd33a6618a/info.json,Spanish and Portuguese synagogue in New York (Shearith Israel)|Jewish Theological Seminary,577,https://digitalrepository.library.upenn.edu/iiif/2/items/dc71c7fc-63d6-40e0-908e-ba8930064eba/manifest,https://iiif-images.library.upenn.edu/iiif/2/f5c1ca87-b6ec-432e-87b8-81bd33a6618a
obj564,Gersonides. A Review of a Lecture.,The Jewish Record,Philadelphia,"February 5, 1886",5-Feb,,1886,"https://iiif-images.library.upenn.edu/iiif/2/b182eea1-f1ae-46a2-bc22-f33713ff48c7/full/!200,200/0/default.jpg","https://iiif-images.library.upenn.edu/iiif/2/b182eea1-f1ae-46a2-bc22-f33713ff48c7/full/3500,/0/default.jpg",351,https://iiif-images.library.upenn.edu/iiif/3/b182eea1-f1ae-46a2-bc22-f33713ff48c7/info.json,Gersonides|Hebrew Literary Association,578,https://digitalrepository.library.upenn.edu/iiif/2/items/dc71c7fc-63d6-40e0-908e-ba8930064eba/manifest,https://iiif-images.library.upenn.edu/iiif/2/b182eea1-f1ae-46a2-bc22-f33713ff48c7
obj565,[Letter to the] Editor of The Jewish Record: [...].,The Jewish Record,Philadelphia,"February 12, 1886",12-Feb,,1886,"https://iiif-images.library.upenn.edu/iiif/2/b182eea1-f1ae-46a2-bc22-f33713ff48c7/full/!200,200/0/default.jpg","https://iiif-images.library.upenn.edu/iiif/2/b182eea1-f1ae-46a2-bc22-f33713ff48c7/full/3500,/0/default.jpg",351,https://iiif-images.library.upenn.edu/iiif/3/b182eea1-f1ae-46a2-bc22-f33713ff48c7/info.json,"Lambroso, G.|Leghorn|Vessillo Israelitico",579,https://digitalrepository.library.upenn.edu/iiif/2/items/dc71c7fc-63d6-40e0-908e-ba8930064eba/manifest,https://iiif-images.library.upenn.edu/iiif/2/b182eea1-f1ae-46a2-bc22-f33713ff48c7
obj566,"""To Learn and to Teach, To OBSERVE, AND TO PRACTISE""",,,,,,,"https://iiif-images.library.upenn.edu/iiif/2/d89badd0-9827-48f5-931e-5a8533763480/full/!200,200/0/default.jpg","https://iiif-images.library.upenn.edu/iiif/2/d89badd0-9827-48f5-931e-5a8533763480/full/3500,/0/default.jpg",352,https://iiif-images.library.upenn.edu/iiif/3/d89badd0-9827-48f5-931e-5a8533763480/info.json,Jewish Theological Seminary,580,https://digitalrepository.library.upenn.edu/iiif/2/items/dc71c7fc-63d6-40e0-908e-ba8930064eba/manifest,https://iiif-images.library.upenn.edu/iiif/2/d89badd0-9827-48f5-931e-5a8533763480
obj567,"To Ministers, Presidents, & Trustees of Congregations.",,,,,,,"https://iiif-images.library.upenn.edu/iiif/2/d89badd0-9827-48f5-931e-5a8533763480/full/!200,200/0/default.jpg","https://iiif-images.library.upenn.edu/iiif/2/d89badd0-9827-48f5-931e-5a8533763480/full/3500,/0/default.jpg",352,https://iiif-images.library.upenn.edu/iiif/3/d89badd0-9827-48f5-931e-5a8533763480/info.json,Jewish Theological Seminary,581,https://digitalrepository.library.upenn.edu/iiif/2/items/dc71c7fc-63d6-40e0-908e-ba8930064eba/manifest,https://iiif-images.library.upenn.edu/iiif/2/d89badd0-9827-48f5-931e-5a8533763480
obj568,The Jewish Theological Seminary. By Rev. S. Morais.,American Hebrew,New York,"February 19, 1886",19-Feb,,1886,"https://iiif-images.library.upenn.edu/iiif/2/8f9dc8b5-8370-454f-9a50-f6d21d0aea48/full/!200,200/0/default.jpg","https://iiif-images.library.upenn.edu/iiif/2/8f9dc8b5-8370-454f-9a50-f6d21d0aea48/full/3500,/0/default.jpg",354,https://iiif-images.library.upenn.edu/iiif/3/8f9dc8b5-8370-454f-9a50-f6d21d0aea48/info.json,American Hebrew|Jewish Theological Seminary,582,https://digitalrepository.library.upenn.edu/iiif/2/items/dc71c7fc-63d6-40e0-908e-ba8930064eba/manifest,https://iiif-images.library.upenn.edu/iiif/2/8f9dc8b5-8370-454f-9a50-f6d21d0aea48
obj569,The Seminary.,The Jewish Record,Philadelphia,"March 12, 1886",12-Mar,,1886,"https://iiif-images.library.upenn.edu/iiif/2/c0fc407b-fff5-4dff-88c0-c49f6a20ff19/full/!200,200/0/default.jpg","https://iiif-images.library.upenn.edu/iiif/2/c0fc407b-fff5-4dff-88c0-c49f6a20ff19/full/3500,/0/default.jpg",355,https://iiif-images.library.upenn.edu/iiif/3/c0fc407b-fff5-4dff-88c0-c49f6a20ff19/info.json,Jewish Theological Seminary,583,https://digitalrepository.library.upenn.edu/iiif/2/items/dc71c7fc-63d6-40e0-908e-ba8930064eba/manifest,https://iiif-images.library.upenn.edu/iiif/2/c0fc407b-fff5-4dff-88c0-c49f6a20ff19
obj570,A Note from Rabbi S. Morais [...].,Ledger and Transcript,Philadelphia,"April 7, 1886",7-Apr,,1886,"https://iiif-images.library.upenn.edu/iiif/2/c0fc407b-fff5-4dff-88c0-c49f6a20ff19/full/!200,200/0/default.jpg","https://iiif-images.library.upenn.edu/iiif/2/c0fc407b-fff5-4dff-88c0-c49f6a20ff19/full/3500,/0/default.jpg",355,https://iiif-images.library.upenn.edu/iiif/3/c0fc407b-fff5-4dff-88c0-c49f6a20ff19/info.json,"Graeber, Eisig (of Przemysl)|Society for the Prevention of Cruelty to Animals",584,https://digitalrepository.library.upenn.edu/iiif/2/items/dc71c7fc-63d6-40e0-908e-ba8930064eba/manifest,https://iiif-images.library.upenn.edu/iiif/2/c0fc407b-fff5-4dff-88c0-c49f6a20ff19
obj571,Crescas and Albo. A Review of a Lecture.,The Jewish Record,Philadelphia,"March 26, 1886",26-Mar,,1886,"https://iiif-images.library.upenn.edu/iiif/2/f91d79f1-869f-40db-bf09-c6d693a3eb2b/full/!200,200/0/default.jpg","https://iiif-images.library.upenn.edu/iiif/2/f91d79f1-869f-40db-bf09-c6d693a3eb2b/full/3500,/0/default.jpg",356,https://iiif-images.library.upenn.edu/iiif/3/f91d79f1-869f-40db-bf09-c6d693a3eb2b/info.json,"Albo, Joseph|Crescas, Hasdai|Hebrew Literary Association",585,https://digitalrepository.library.upenn.edu/iiif/2/items/dc71c7fc-63d6-40e0-908e-ba8930064eba/manifest,https://iiif-images.library.upenn.edu/iiif/2/f91d79f1-869f-40db-bf09-c6d693a3eb2b
obj572,A Thirty-Fifth Anniversary. Address Delivered Last Sabbath by the Rev. S. Morais.,The Jewish Record,Philadelphia,"April 2, 1886",2-Apr,,1886,"https://iiif-images.library.upenn.edu/iiif/2/ec8175db-b7f9-4331-929b-8a99db70960b/full/!200,200/0/default.jpg","https://iiif-images.library.upenn.edu/iiif/2/ec8175db-b7f9-4331-929b-8a99db70960b/full/3500,/0/default.jpg",357,https://iiif-images.library.upenn.edu/iiif/3/ec8175db-b7f9-4331-929b-8a99db70960b/info.json,Jewish Theological Seminary|Creating a unified American Rite,586,https://digitalrepository.library.upenn.edu/iiif/2/items/dc71c7fc-63d6-40e0-908e-ba8930064eba/manifest,https://iiif-images.library.upenn.edu/iiif/2/ec8175db-b7f9-4331-929b-8a99db70960b
obj573,Dear Sirs and Colleagues: [...].,The Jewish Record,Philadelphia,"April 9, 1886",9-Apr,,1886,"https://iiif-images.library.upenn.edu/iiif/2/e85492e6-0f4e-4bd1-a913-d8d135cd57a3/full/!200,200/0/default.jpg","https://iiif-images.library.upenn.edu/iiif/2/e85492e6-0f4e-4bd1-a913-d8d135cd57a3/full/3500,/0/default.jpg",358,https://iiif-images.library.upenn.edu/iiif/3/e85492e6-0f4e-4bd1-a913-d8d135cd57a3/info.json,Society for the Prevention of Cruelty to Animals,587,https://digitalrepository.library.upenn.edu/iiif/2/items/dc71c7fc-63d6-40e0-908e-ba8930064eba/manifest,https://iiif-images.library.upenn.edu/iiif/2/e85492e6-0f4e-4bd1-a913-d8d135cd57a3
obj574,Don Isaac Abarbanel. A Review of a Lecture.,The Jewish Record,Philadelphia,"April 6, 1886",6-Apr,,1886,"https://iiif-images.library.upenn.edu/iiif/2/cb8c8f90-573b-45fc-976d-894c2ca9a265/full/!200,200/0/default.jpg","https://iiif-images.library.upenn.edu/iiif/2/cb8c8f90-573b-45fc-976d-894c2ca9a265/full/3500,/0/default.jpg",359,https://iiif-images.library.upenn.edu/iiif/3/cb8c8f90-573b-45fc-976d-894c2ca9a265/info.json,"Abarbanel, Isaac ben Judah",588,https://digitalrepository.library.upenn.edu/iiif/2/items/dc71c7fc-63d6-40e0-908e-ba8930064eba/manifest,https://iiif-images.library.upenn.edu/iiif/2/cb8c8f90-573b-45fc-976d-894c2ca9a265
obj575,The Jewish Theological Seminary.,The Jewish Record,Philadelphia,"April 16, 1886",16-Apr,,1886,"https://iiif-images.library.upenn.edu/iiif/2/6b33ba2d-0ce5-4f2e-8c10-43b7f3f5d723/full/!200,200/0/default.jpg","https://iiif-images.library.upenn.edu/iiif/2/6b33ba2d-0ce5-4f2e-8c10-43b7f3f5d723/full/3500,/0/default.jpg",360,https://iiif-images.library.upenn.edu/iiif/3/6b33ba2d-0ce5-4f2e-8c10-43b7f3f5d723/info.json,Jewish Theological Seminary|Philadelphia|Public schools|Public school,589,https://digitalrepository.library.upenn.edu/iiif/2/items/dc71c7fc-63d6-40e0-908e-ba8930064eba/manifest,https://iiif-images.library.upenn.edu/iiif/2/6b33ba2d-0ce5-4f2e-8c10-43b7f3f5d723
obj576,Rev. S. Morais said on the first Day of the Passover.,The Jewish Record.,Philadelphia,"April 23, 1886",23-Apr,,1886,"https://iiif-images.library.upenn.edu/iiif/2/6b33ba2d-0ce5-4f2e-8c10-43b7f3f5d723/full/!200,200/0/default.jpg","https://iiif-images.library.upenn.edu/iiif/2/6b33ba2d-0ce5-4f2e-8c10-43b7f3f5d723/full/3500,/0/default.jpg",360,https://iiif-images.library.upenn.edu/iiif/3/6b33ba2d-0ce5-4f2e-8c10-43b7f3f5d723/info.json,Passover|Russian Jews,590,https://digitalrepository.library.upenn.edu/iiif/2/items/dc71c7fc-63d6-40e0-908e-ba8930064eba/manifest,https://iiif-images.library.upenn.edu/iiif/2/6b33ba2d-0ce5-4f2e-8c10-43b7f3f5d723
obj577,"Milligan, Moore and Morais. [Letter to the] Editor of The Record: [...].",The Philadelphia Record,Philadelphia,"May 1, 1886",1-May,,1886,"https://iiif-images.library.upenn.edu/iiif/2/8f3fae19-7591-431a-82c5-28cdd3e75dc3/full/!200,200/0/default.jpg","https://iiif-images.library.upenn.edu/iiif/2/8f3fae19-7591-431a-82c5-28cdd3e75dc3/full/3500,/0/default.jpg",361,https://iiif-images.library.upenn.edu/iiif/3/8f3fae19-7591-431a-82c5-28cdd3e75dc3/info.json,"Milligan, Rev. J. C. K.",591,https://digitalrepository.library.upenn.edu/iiif/2/items/dc71c7fc-63d6-40e0-908e-ba8930064eba/manifest,https://iiif-images.library.upenn.edu/iiif/2/8f3fae19-7591-431a-82c5-28cdd3e75dc3
obj578,The Genuineness of the Mosaic Code.,The Jewish Record,Philadelphia,"June 18, 1886",18-Jun,,1886,"https://iiif-images.library.upenn.edu/iiif/2/8f3fae19-7591-431a-82c5-28cdd3e75dc3/full/!200,200/0/default.jpg","https://iiif-images.library.upenn.edu/iiif/2/8f3fae19-7591-431a-82c5-28cdd3e75dc3/full/3500,/0/default.jpg",361,https://iiif-images.library.upenn.edu/iiif/3/8f3fae19-7591-431a-82c5-28cdd3e75dc3/info.json,Jewish Theological Seminary,592,https://digitalrepository.library.upenn.edu/iiif/2/items/dc71c7fc-63d6-40e0-908e-ba8930064eba/manifest,https://iiif-images.library.upenn.edu/iiif/2/8f3fae19-7591-431a-82c5-28cdd3e75dc3
obj579,Rabbis of Italy.,The Hebrew Standard,New York,"August 13, 1886",13-Aug,,1886,"https://iiif-images.library.upenn.edu/iiif/2/7b2e9e6d-cbd8-456a-a541-54ec34af0fc1/full/!200,200/0/default.jpg","https://iiif-images.library.upenn.edu/iiif/2/7b2e9e6d-cbd8-456a-a541-54ec34af0fc1/full/3500,/0/default.jpg",362,https://iiif-images.library.upenn.edu/iiif/3/7b2e9e6d-cbd8-456a-a541-54ec34af0fc1/info.json,"Humboldt, Alexander von|Italian Jewry|Mortara (Chief Rabbi of Mantua), Marco|Tedeschi (of Trieste), Moses|Vessillo Israelitico",593,https://digitalrepository.library.upenn.edu/iiif/2/items/dc71c7fc-63d6-40e0-908e-ba8930064eba/manifest,https://iiif-images.library.upenn.edu/iiif/2/7b2e9e6d-cbd8-456a-a541-54ec34af0fc1
obj580,"[Letter to ] Alfred A. Marcus, Esq. [...].",Boston Evening Traveller,Boston,"August 26, 1886",26-Aug,,1886,"https://iiif-images.library.upenn.edu/iiif/2/7b2e9e6d-cbd8-456a-a541-54ec34af0fc1/full/!200,200/0/default.jpg","https://iiif-images.library.upenn.edu/iiif/2/7b2e9e6d-cbd8-456a-a541-54ec34af0fc1/full/3500,/0/default.jpg",362,https://iiif-images.library.upenn.edu/iiif/3/7b2e9e6d-cbd8-456a-a541-54ec34af0fc1/info.json,Boston|Boston Evening Traveller,594,https://digitalrepository.library.upenn.edu/iiif/2/items/dc71c7fc-63d6-40e0-908e-ba8930064eba/manifest,https://iiif-images.library.upenn.edu/iiif/2/7b2e9e6d-cbd8-456a-a541-54ec34af0fc1
obj581,An Old Ritual.,American Hebrew,New York,"August 20, 1886",20-Aug,,1886,"https://iiif-images.library.upenn.edu/iiif/2/9566b8df-e92d-4516-9f39-86ce5d195153/full/!200,200/0/default.jpg","https://iiif-images.library.upenn.edu/iiif/2/9566b8df-e92d-4516-9f39-86ce5d195153/full/3500,/0/default.jpg",364,https://iiif-images.library.upenn.edu/iiif/3/9566b8df-e92d-4516-9f39-86ce5d195153/info.json,"American Hebrew|Italian Jewish Liturgy|Luzzatto, S.D. Prof.|Union League (of Philadelphia)|Wilburn, Cora",595,https://digitalrepository.library.upenn.edu/iiif/2/items/dc71c7fc-63d6-40e0-908e-ba8930064eba/manifest,https://iiif-images.library.upenn.edu/iiif/2/9566b8df-e92d-4516-9f39-86ce5d195153
obj582,"The Bible, and Italian Literature.",American Hebrew,New York,"September 3, 1886",3-Sep,,1886,"https://iiif-images.library.upenn.edu/iiif/2/07e1c83f-24c5-4537-be52-1c246e7601fa/full/!200,200/0/default.jpg","https://iiif-images.library.upenn.edu/iiif/2/07e1c83f-24c5-4537-be52-1c246e7601fa/full/3500,/0/default.jpg",365,https://iiif-images.library.upenn.edu/iiif/3/07e1c83f-24c5-4537-be52-1c246e7601fa/info.json,"American Hebrew|Benedetti, Salvatore de",596,https://digitalrepository.library.upenn.edu/iiif/2/items/dc71c7fc-63d6-40e0-908e-ba8930064eba/manifest,https://iiif-images.library.upenn.edu/iiif/2/07e1c83f-24c5-4537-be52-1c246e7601fa
obj583,A New Hebrew Annual. [Letter to] Mr. Editor: [...].,The Hebrew Standard,New York,"October 1, 1886",1-Oct,,1886,"https://iiif-images.library.upenn.edu/iiif/2/82ec7bd1-0f21-45d9-a478-2232478efd56/full/!200,200/0/default.jpg","https://iiif-images.library.upenn.edu/iiif/2/82ec7bd1-0f21-45d9-a478-2232478efd56/full/3500,/0/default.jpg",366,https://iiif-images.library.upenn.edu/iiif/3/82ec7bd1-0f21-45d9-a478-2232478efd56/info.json,"Buber, Salomon (of Lemberg)|Ehrenreich, Moses Leve (of Rome)|Graeber, Eisig (of Przemysl)|Halberstam (of Bielitz)|Szold, Benjamin|Tedeschi (of Trieste), Moses",597,https://digitalrepository.library.upenn.edu/iiif/2/items/dc71c7fc-63d6-40e0-908e-ba8930064eba/manifest,https://iiif-images.library.upenn.edu/iiif/2/82ec7bd1-0f21-45d9-a478-2232478efd56
obj584,[Hebrew poem accompanying 'A New Hebrew Annual'],The Hebrew Standard,New York,"October 1, 1886",1-Oct,,1886,"https://iiif-images.library.upenn.edu/iiif/2/82ec7bd1-0f21-45d9-a478-2232478efd56/full/!200,200/0/default.jpg","https://iiif-images.library.upenn.edu/iiif/2/82ec7bd1-0f21-45d9-a478-2232478efd56/full/3500,/0/default.jpg",366,https://iiif-images.library.upenn.edu/iiif/3/82ec7bd1-0f21-45d9-a478-2232478efd56/info.json,Hebrew language|Hebrew poetry,598,https://digitalrepository.library.upenn.edu/iiif/2/items/dc71c7fc-63d6-40e0-908e-ba8930064eba/manifest,https://iiif-images.library.upenn.edu/iiif/2/82ec7bd1-0f21-45d9-a478-2232478efd56
obj585,Thanksgiving and Feast of Tabernacles.,Public Ledger and Daily Transcript,Philadelphia,"November 27, 1886",27-Nov,,1886,"https://iiif-images.library.upenn.edu/iiif/2/82ec7bd1-0f21-45d9-a478-2232478efd56/full/!200,200/0/default.jpg","https://iiif-images.library.upenn.edu/iiif/2/82ec7bd1-0f21-45d9-a478-2232478efd56/full/3500,/0/default.jpg",366,https://iiif-images.library.upenn.edu/iiif/3/82ec7bd1-0f21-45d9-a478-2232478efd56/info.json,"Public Ledger, The|Thanksgiving",599,https://digitalrepository.library.upenn.edu/iiif/2/items/dc71c7fc-63d6-40e0-908e-ba8930064eba/manifest,https://iiif-images.library.upenn.edu/iiif/2/82ec7bd1-0f21-45d9-a478-2232478efd56
obj586,A Rabbi's Tribute. The Beautiful Prayer of Rev. S. Morais in Dwelling on the Death.,The Philadelphia Press,Philadelphia,"November 21, 1886",21-Nov,,1886,"https://iiif-images.library.upenn.edu/iiif/2/82ec7bd1-0f21-45d9-a478-2232478efd56/full/!200,200/0/default.jpg","https://iiif-images.library.upenn.edu/iiif/2/82ec7bd1-0f21-45d9-a478-2232478efd56/full/3500,/0/default.jpg",366,https://iiif-images.library.upenn.edu/iiif/3/82ec7bd1-0f21-45d9-a478-2232478efd56/info.json,"Arthur, Chester A.",600,https://digitalrepository.library.upenn.edu/iiif/2/items/dc71c7fc-63d6-40e0-908e-ba8930064eba/manifest,https://iiif-images.library.upenn.edu/iiif/2/82ec7bd1-0f21-45d9-a478-2232478efd56
obj587,Restoration to Palestine.,The Hebrew Standard,New York,"November 26, 1886",26-Nov,,1886,"https://iiif-images.library.upenn.edu/iiif/2/d0d8c4e9-1f9a-4d57-b004-51305513afb3/full/!200,200/0/default.jpg","https://iiif-images.library.upenn.edu/iiif/2/d0d8c4e9-1f9a-4d57-b004-51305513afb3/full/3500,/0/default.jpg",367,https://iiif-images.library.upenn.edu/iiif/3/d0d8c4e9-1f9a-4d57-b004-51305513afb3/info.json,"Zunz, Leopold",601,https://digitalrepository.library.upenn.edu/iiif/2/items/dc71c7fc-63d6-40e0-908e-ba8930064eba/manifest,https://iiif-images.library.upenn.edu/iiif/2/d0d8c4e9-1f9a-4d57-b004-51305513afb3
obj588,The Work in Hand,American Hebrew,New York,"January 7, 1887",7-Jan,,1887,"https://iiif-images.library.upenn.edu/iiif/2/c4dda56d-5bac-441d-a347-0c9bbea2889f/full/!200,200/0/default.jpg","https://iiif-images.library.upenn.edu/iiif/2/c4dda56d-5bac-441d-a347-0c9bbea2889f/full/3500,/0/default.jpg",368,https://iiif-images.library.upenn.edu/iiif/3/c4dda56d-5bac-441d-a347-0c9bbea2889f/info.json,American Hebrew|Jewish Theological Seminary,602,https://digitalrepository.library.upenn.edu/iiif/2/items/dc71c7fc-63d6-40e0-908e-ba8930064eba/manifest,https://iiif-images.library.upenn.edu/iiif/2/c4dda56d-5bac-441d-a347-0c9bbea2889f
obj589,Resolutions.,American Hebrew,New York,"January 21, 1887",21-Jan,,1887,"https://iiif-images.library.upenn.edu/iiif/2/34c08dc0-b612-4a50-b9d9-1eb20c75b65a/full/!200,200/0/default.jpg","https://iiif-images.library.upenn.edu/iiif/2/34c08dc0-b612-4a50-b9d9-1eb20c75b65a/full/3500,/0/default.jpg",369,https://iiif-images.library.upenn.edu/iiif/3/34c08dc0-b612-4a50-b9d9-1eb20c75b65a/info.json,"American Hebrew|Rodeph Shalom|Frankel, Jacob|Jastrow, Marcus",603,https://digitalrepository.library.upenn.edu/iiif/2/items/dc71c7fc-63d6-40e0-908e-ba8930064eba/manifest,https://iiif-images.library.upenn.edu/iiif/2/34c08dc0-b612-4a50-b9d9-1eb20c75b65a
obj590,Rabbinical College at Rome.,American Hebrew,New York,"February 11, 1887",11-Feb,,1887,"https://iiif-images.library.upenn.edu/iiif/2/34c08dc0-b612-4a50-b9d9-1eb20c75b65a/full/!200,200/0/default.jpg","https://iiif-images.library.upenn.edu/iiif/2/34c08dc0-b612-4a50-b9d9-1eb20c75b65a/full/3500,/0/default.jpg",369,https://iiif-images.library.upenn.edu/iiif/3/34c08dc0-b612-4a50-b9d9-1eb20c75b65a/info.json,"American Hebrew|Bonfili, Baron Treves de|Ehrenreich, Moses Leve (of Rome)|Luzzatto, S.D. Prof.|Mortara (Chief Rabbi of Mantua), Marco|Padua rabbinical college|Reggio, Isaac Samuel|Sorani (Chief Rabbi of Cuneo), Moses|Torre (of Luneo), Lelllio Della|Vessillo Israelitico",604,https://digitalrepository.library.upenn.edu/iiif/2/items/dc71c7fc-63d6-40e0-908e-ba8930064eba/manifest,https://iiif-images.library.upenn.edu/iiif/2/34c08dc0-b612-4a50-b9d9-1eb20c75b65a
obj591,A Rabbi's Tribute to Judge Peirce.,Ledger and Transcript,Philadelphia,"April 13, 1887",13-Apr,,1887,"https://iiif-images.library.upenn.edu/iiif/2/612cd966-27aa-4f38-926a-9d443e5bb3c5/full/!200,200/0/default.jpg","https://iiif-images.library.upenn.edu/iiif/2/612cd966-27aa-4f38-926a-9d443e5bb3c5/full/3500,/0/default.jpg",370,https://iiif-images.library.upenn.edu/iiif/3/612cd966-27aa-4f38-926a-9d443e5bb3c5/info.json,"Peirce, Judge William S.",605,https://digitalrepository.library.upenn.edu/iiif/2/items/dc71c7fc-63d6-40e0-908e-ba8930064eba/manifest,https://iiif-images.library.upenn.edu/iiif/2/612cd966-27aa-4f38-926a-9d443e5bb3c5
obj592,Funeral Sermon. A Tribute of Respect to the Memory of Mrs. Kate Marcus by her Friend Rev. D. S. Morais of Philadelphia. Delivered at the Orthodox Jewish Synagogue.,Boston Evening Traveller,Boston,"April 21, 1887",21-Apr,,1887,"https://iiif-images.library.upenn.edu/iiif/2/612cd966-27aa-4f38-926a-9d443e5bb3c5/full/!200,200/0/default.jpg","https://iiif-images.library.upenn.edu/iiif/2/612cd966-27aa-4f38-926a-9d443e5bb3c5/full/3500,/0/default.jpg",370,https://iiif-images.library.upenn.edu/iiif/3/612cd966-27aa-4f38-926a-9d443e5bb3c5/info.json,"Boston Evening Traveller|Marcus, Mrs. Kate",606,https://digitalrepository.library.upenn.edu/iiif/2/items/dc71c7fc-63d6-40e0-908e-ba8930064eba/manifest,https://iiif-images.library.upenn.edu/iiif/2/612cd966-27aa-4f38-926a-9d443e5bb3c5
obj593,"Hebraica, for April 1887",The Jewish Exponent,Philadelphia,"May 13, 1889",13-May,,1889,"https://iiif-images.library.upenn.edu/iiif/2/d4874c24-00ab-4369-bc83-1655c62f267e/full/!200,200/0/default.jpg","https://iiif-images.library.upenn.edu/iiif/2/d4874c24-00ab-4369-bc83-1655c62f267e/full/3500,/0/default.jpg",371,https://iiif-images.library.upenn.edu/iiif/3/d4874c24-00ab-4369-bc83-1655c62f267e/info.json,"Briggs, Charles A.|Cheyne, T. K.|Gottheil, Richard|Harper, Robert F.|Harper, William R.|Jewish Exponent (Philadelphia)|Nordell, Philip A.|O?Connor, J. F. X.",607,https://digitalrepository.library.upenn.edu/iiif/2/items/dc71c7fc-63d6-40e0-908e-ba8930064eba/manifest,https://iiif-images.library.upenn.edu/iiif/2/d4874c24-00ab-4369-bc83-1655c62f267e
obj594,"""The Jewish Conference Papers of 1886"" [...].",The Jewish Exponent,Philadelphia,"May 20, 1889",20-May,,1889,"https://iiif-images.library.upenn.edu/iiif/2/d4874c24-00ab-4369-bc83-1655c62f267e/full/!200,200/0/default.jpg","https://iiif-images.library.upenn.edu/iiif/2/d4874c24-00ab-4369-bc83-1655c62f267e/full/3500,/0/default.jpg",371,https://iiif-images.library.upenn.edu/iiif/3/d4874c24-00ab-4369-bc83-1655c62f267e/info.json,"Adler (of New York), S.|Guttman, Dr. A. (of Syracuse)|Jewish Exponent (Philadelphia)|Jewish Ministers Association|Kohut, Dr. Alexander|Landsberg, Dr. Max (of Rochester, N. Y.)|Lasker, Rev. (of Boston)|Stern (of Washington), Rev.",608,https://digitalrepository.library.upenn.edu/iiif/2/items/dc71c7fc-63d6-40e0-908e-ba8930064eba/manifest,https://iiif-images.library.upenn.edu/iiif/2/d4874c24-00ab-4369-bc83-1655c62f267e
obj595,Quite a suggestive lesson [...].,The Jewish Exponent,Philadelphia,"May 27, 1889",27-May,,1889,"https://iiif-images.library.upenn.edu/iiif/2/d4874c24-00ab-4369-bc83-1655c62f267e/full/!200,200/0/default.jpg","https://iiif-images.library.upenn.edu/iiif/2/d4874c24-00ab-4369-bc83-1655c62f267e/full/3500,/0/default.jpg",371,https://iiif-images.library.upenn.edu/iiif/3/d4874c24-00ab-4369-bc83-1655c62f267e/info.json,Jewish Exponent (Philadelphia),609,https://digitalrepository.library.upenn.edu/iiif/2/items/dc71c7fc-63d6-40e0-908e-ba8930064eba/manifest,https://iiif-images.library.upenn.edu/iiif/2/d4874c24-00ab-4369-bc83-1655c62f267e
obj596,A New Confirmant's Manual.,The Jewish Exponent,Philadelphia,"May 27, 1887",27-May,,1887,"https://iiif-images.library.upenn.edu/iiif/2/d4874c24-00ab-4369-bc83-1655c62f267e/full/!200,200/0/default.jpg","https://iiif-images.library.upenn.edu/iiif/2/d4874c24-00ab-4369-bc83-1655c62f267e/full/3500,/0/default.jpg",371,https://iiif-images.library.upenn.edu/iiif/3/d4874c24-00ab-4369-bc83-1655c62f267e/info.json,"Jewish Exponent (Philadelphia)|Sonnenschein (of Temple Israel, St. Louis), S. H.",610,https://digitalrepository.library.upenn.edu/iiif/2/items/dc71c7fc-63d6-40e0-908e-ba8930064eba/manifest,https://iiif-images.library.upenn.edu/iiif/2/d4874c24-00ab-4369-bc83-1655c62f267e
obj597,"Spain and the Jews. By M. Isidore Loeb. Translated from the French, Expressly for the Jewish Exponent.",The Jewish Exponent,Philadelphia,"June 10, 1887",10-Jun,,1887,"https://iiif-images.library.upenn.edu/iiif/2/9a55d5fa-7247-42dd-9e15-cbb524a673cd/full/!200,200/0/default.jpg","https://iiif-images.library.upenn.edu/iiif/2/9a55d5fa-7247-42dd-9e15-cbb524a673cd/full/3500,/0/default.jpg",372,https://iiif-images.library.upenn.edu/iiif/3/9a55d5fa-7247-42dd-9e15-cbb524a673cd/info.json,"Jewish Exponent (Philadelphia)|Loeb, Isidore M.",611,https://digitalrepository.library.upenn.edu/iiif/2/items/dc71c7fc-63d6-40e0-908e-ba8930064eba/manifest,https://iiif-images.library.upenn.edu/iiif/2/9a55d5fa-7247-42dd-9e15-cbb524a673cd
obj598,"Spain and the Jews. By M. Isidore Loeb. Translated from the French, Expressly for the Jewish Exponent. (Concluded.)",The Jewish Exponent,Philadelphia,"June 17, 1887",17-Jun,,1887,"https://iiif-images.library.upenn.edu/iiif/2/47f6d6e5-6740-4dc8-9eb8-7412fe8b6cc9/full/!200,200/0/default.jpg","https://iiif-images.library.upenn.edu/iiif/2/47f6d6e5-6740-4dc8-9eb8-7412fe8b6cc9/full/3500,/0/default.jpg",373,https://iiif-images.library.upenn.edu/iiif/3/47f6d6e5-6740-4dc8-9eb8-7412fe8b6cc9/info.json,"Alliance IsraA?lite Universelle|Ha-Maggid|Jewish Exponent (Philadelphia)|Lapuya, Isaac Lopez|Loeb, Isidore M.|Spain and the Jews",612,https://digitalrepository.library.upenn.edu/iiif/2/items/dc71c7fc-63d6-40e0-908e-ba8930064eba/manifest,https://iiif-images.library.upenn.edu/iiif/2/47f6d6e5-6740-4dc8-9eb8-7412fe8b6cc9
obj599,A Sermon on Queen Victoria's Jubilee.,The Jewish Exponent,Philadelphia,"June 24, 1887",24-Jun,,1887,"https://iiif-images.library.upenn.edu/iiif/2/9853620c-d66a-47f0-b829-27c87f203497/full/!200,200/0/default.jpg","https://iiif-images.library.upenn.edu/iiif/2/9853620c-d66a-47f0-b829-27c87f203497/full/3500,/0/default.jpg",374,https://iiif-images.library.upenn.edu/iiif/3/9853620c-d66a-47f0-b829-27c87f203497/info.json,"Jewish Exponent (Philadelphia)|Meldola|Nieto, David|Sasportas, Jacob|Victoria, Queen",613,https://digitalrepository.library.upenn.edu/iiif/2/items/dc71c7fc-63d6-40e0-908e-ba8930064eba/manifest,https://iiif-images.library.upenn.edu/iiif/2/9853620c-d66a-47f0-b829-27c87f203497
obj600,The Kaddish Prayer.,The Jewish Exponent,Philadelphia,"June 24, 1887",24-Jun,,1887,"https://iiif-images.library.upenn.edu/iiif/2/9853620c-d66a-47f0-b829-27c87f203497/full/!200,200/0/default.jpg","https://iiif-images.library.upenn.edu/iiif/2/9853620c-d66a-47f0-b829-27c87f203497/full/3500,/0/default.jpg",374,https://iiif-images.library.upenn.edu/iiif/3/9853620c-d66a-47f0-b829-27c87f203497/info.json,"Jellinek, Dr. Adolph|Jewish Exponent (Philadelphia)|Neuzeit (of Vienna)|Vessillo Israelitico",614,https://digitalrepository.library.upenn.edu/iiif/2/items/dc71c7fc-63d6-40e0-908e-ba8930064eba/manifest,https://iiif-images.library.upenn.edu/iiif/2/9853620c-d66a-47f0-b829-27c87f203497
obj601,The Jewish Theological Seminary.,American Hebrew,New York,"July 1, 1887",1-Jul,,1887,"https://iiif-images.library.upenn.edu/iiif/2/c836096f-3e2c-4cb4-82b4-e60618a0cb4c/full/!200,200/0/default.jpg","https://iiif-images.library.upenn.edu/iiif/2/c836096f-3e2c-4cb4-82b4-e60618a0cb4c/full/3500,/0/default.jpg",375,https://iiif-images.library.upenn.edu/iiif/3/c836096f-3e2c-4cb4-82b4-e60618a0cb4c/info.json,"American Hebrew|Drachman, Dr. Bernhard|Jewish Women|Kohut, Dr. Alexander|Pereira, Mendes|Sola, Mendes de",615,https://digitalrepository.library.upenn.edu/iiif/2/items/dc71c7fc-63d6-40e0-908e-ba8930064eba/manifest,https://iiif-images.library.upenn.edu/iiif/2/c836096f-3e2c-4cb4-82b4-e60618a0cb4c
obj602,Jews in England.,The Jewish Exponent,Philadelphia,"July 22, 1887",22-Jul,,1887,"https://iiif-images.library.upenn.edu/iiif/2/e4ebac16-f5fb-42bd-8df3-43dc558b5138/full/!200,200/0/default.jpg","https://iiif-images.library.upenn.edu/iiif/2/e4ebac16-f5fb-42bd-8df3-43dc558b5138/full/3500,/0/default.jpg",376,https://iiif-images.library.upenn.edu/iiif/3/e4ebac16-f5fb-42bd-8df3-43dc558b5138/info.json,"Corri?re Israelitico (of Trieste)|History of the Jews of England in the Eleventh and Twelfth Centuries|Jewish Exponent (Philadelphia)|Perreau, Pietro",616,https://digitalrepository.library.upenn.edu/iiif/2/items/dc71c7fc-63d6-40e0-908e-ba8930064eba/manifest,https://iiif-images.library.upenn.edu/iiif/2/e4ebac16-f5fb-42bd-8df3-43dc558b5138
obj603,A Letter from the Sabbath.,The Jewish Exponent,Philadelphia,"July 29, 1887",29-Jul,,1887,"https://iiif-images.library.upenn.edu/iiif/2/9835b03a-aba5-42e0-bb13-f55afa0adbbd/full/!200,200/0/default.jpg","https://iiif-images.library.upenn.edu/iiif/2/9835b03a-aba5-42e0-bb13-f55afa0adbbd/full/3500,/0/default.jpg",377,https://iiif-images.library.upenn.edu/iiif/3/9835b03a-aba5-42e0-bb13-f55afa0adbbd/info.json,"Jewish Exponent (Philadelphia)|Luzzatto, S.D. Prof.|Reggio, Isaac Samuel",617,https://digitalrepository.library.upenn.edu/iiif/2/items/dc71c7fc-63d6-40e0-908e-ba8930064eba/manifest,https://iiif-images.library.upenn.edu/iiif/2/9835b03a-aba5-42e0-bb13-f55afa0adbbd
obj604,Reviews. [of] Aguddath Perachim; A New Hebrew Comment; A Hebrew Annual.,The Jewish Exponent,Philadelphia,"August 5, 1887",5-Aug,,1887,"https://iiif-images.library.upenn.edu/iiif/2/25541b07-a9cd-4729-a89b-ee5941fc989d/full/!200,200/0/default.jpg","https://iiif-images.library.upenn.edu/iiif/2/25541b07-a9cd-4729-a89b-ee5941fc989d/full/3500,/0/default.jpg",378,https://iiif-images.library.upenn.edu/iiif/3/25541b07-a9cd-4729-a89b-ee5941fc989d/info.json,"Antologica Israelitica (of Corfu)|Ascarelli, Deborah|Goldschmidt|Graeber, Eisig (of Przemysl)|Jewish Exponent (Philadelphia)|Jewish Theological Seminary|Jewish Women|Levi, G. E. (of Corfu)|Morpurgo, Rachel|Tedeschi (of Trieste), Moses|Hoeel Moshe|Wohelener, Jette",618,https://digitalrepository.library.upenn.edu/iiif/2/items/dc71c7fc-63d6-40e0-908e-ba8930064eba/manifest,https://iiif-images.library.upenn.edu/iiif/2/25541b07-a9cd-4729-a89b-ee5941fc989d
obj605,A Vindication.,American Hebrew,New York,"August 5, 1887",5-Aug,,1887,"https://iiif-images.library.upenn.edu/iiif/2/2016715c-8347-40fb-92db-5e255f317a75/full/!200,200/0/default.jpg","https://iiif-images.library.upenn.edu/iiif/2/2016715c-8347-40fb-92db-5e255f317a75/full/3500,/0/default.jpg",379,https://iiif-images.library.upenn.edu/iiif/3/2016715c-8347-40fb-92db-5e255f317a75/info.json,"American Hebrew|Jewish Theological Seminary|Wellhausen, Julius",619,https://digitalrepository.library.upenn.edu/iiif/2/items/dc71c7fc-63d6-40e0-908e-ba8930064eba/manifest,https://iiif-images.library.upenn.edu/iiif/2/2016715c-8347-40fb-92db-5e255f317a75
obj606,Ezekial's Studio at Rome.,The Jewish Exponent,Philadelphia,"August 19, 1887",19-Aug,,1887,"https://iiif-images.library.upenn.edu/iiif/2/f3cdcfab-4519-4e2b-a539-fbb9625b2ff1/full/!200,200/0/default.jpg","https://iiif-images.library.upenn.edu/iiif/2/f3cdcfab-4519-4e2b-a539-fbb9625b2ff1/full/3500,/0/default.jpg",380,https://iiif-images.library.upenn.edu/iiif/3/f3cdcfab-4519-4e2b-a539-fbb9625b2ff1/info.json,"Corri?re di Roma|Ezekial, Moses|Jewish Exponent (Philadelphia)|Lara, Countess|Tunstall, Nannie",620,https://digitalrepository.library.upenn.edu/iiif/2/items/dc71c7fc-63d6-40e0-908e-ba8930064eba/manifest,https://iiif-images.library.upenn.edu/iiif/2/f3cdcfab-4519-4e2b-a539-fbb9625b2ff1
obj607,Reviews. [of] A Defence of Judaism; Neim Zemiroth Shmuel; Hebraica.,The Jewish Exponent - Supplement,Philadelphia,"August 26, 1887",26-Aug,,1887,"https://iiif-images.library.upenn.edu/iiif/2/85ab7502-4440-4c58-aa3d-3be659319800/full/!200,200/0/default.jpg","https://iiif-images.library.upenn.edu/iiif/2/85ab7502-4440-4c58-aa3d-3be659319800/full/3500,/0/default.jpg",381,https://iiif-images.library.upenn.edu/iiif/3/85ab7502-4440-4c58-aa3d-3be659319800/info.json,"Adler, Cyrus|Craig, James A.|Crane, Oliver Turnball|Derenburg, Joseph|Felsenthal, Bernhard (Rabbi)|Gottheil, Richard|Harper, Robert F.|Jewish Exponent (Philadelphia)|Smith, Henry Preserved|Woods, Rev. F. H.|Neim Zemiroth Shmuel",621,https://digitalrepository.library.upenn.edu/iiif/2/items/dc71c7fc-63d6-40e0-908e-ba8930064eba/manifest,https://iiif-images.library.upenn.edu/iiif/2/85ab7502-4440-4c58-aa3d-3be659319800
obj608,A Deserved Honor.,American Hebrew,New York,"June 7, 1887",7-Jun,,1887,"https://iiif-images.library.upenn.edu/iiif/2/90e5066e-0f13-4846-9358-5c36be92dd5a/full/!200,200/0/default.jpg","https://iiif-images.library.upenn.edu/iiif/2/90e5066e-0f13-4846-9358-5c36be92dd5a/full/3500,/0/default.jpg",382,https://iiif-images.library.upenn.edu/iiif/3/90e5066e-0f13-4846-9358-5c36be92dd5a/info.json,"American Hebrew|Jewish Theological Seminary|Creating a unified American Rite|Land Tenure|Leeser, Rev I.|Minhag (Rite), Sephardic|L.L.D. conferred",622,https://digitalrepository.library.upenn.edu/iiif/2/items/dc71c7fc-63d6-40e0-908e-ba8930064eba/manifest,https://iiif-images.library.upenn.edu/iiif/2/90e5066e-0f13-4846-9358-5c36be92dd5a
obj609,The learned Hebrew scholar [...].,Public Ledger and Daily Transcript,Philadelphia,"June 10, 1887",10-Jun,,1887,"https://iiif-images.library.upenn.edu/iiif/2/90e5066e-0f13-4846-9358-5c36be92dd5a/full/!200,200/0/default.jpg","https://iiif-images.library.upenn.edu/iiif/2/90e5066e-0f13-4846-9358-5c36be92dd5a/full/3500,/0/default.jpg",382,https://iiif-images.library.upenn.edu/iiif/3/90e5066e-0f13-4846-9358-5c36be92dd5a/info.json,"L.L.D. conferred|Public Ledger, The",623,https://digitalrepository.library.upenn.edu/iiif/2/items/dc71c7fc-63d6-40e0-908e-ba8930064eba/manifest,https://iiif-images.library.upenn.edu/iiif/2/90e5066e-0f13-4846-9358-5c36be92dd5a
obj610,Honorary degree of Doctor of Laws [...].,Public Ledger,Philadelphia,"June 9, 1887",9-Jun,,1887,"https://iiif-images.library.upenn.edu/iiif/2/90e5066e-0f13-4846-9358-5c36be92dd5a/full/!200,200/0/default.jpg","https://iiif-images.library.upenn.edu/iiif/2/90e5066e-0f13-4846-9358-5c36be92dd5a/full/3500,/0/default.jpg",382,https://iiif-images.library.upenn.edu/iiif/3/90e5066e-0f13-4846-9358-5c36be92dd5a/info.json,"L.L.D. conferred|Public Ledger, The",624,https://digitalrepository.library.upenn.edu/iiif/2/items/dc71c7fc-63d6-40e0-908e-ba8930064eba/manifest,https://iiif-images.library.upenn.edu/iiif/2/90e5066e-0f13-4846-9358-5c36be92dd5a
obj611,The University of Pennsylvania [...].,American Israelite,Philadelphia,"June 17, 1889",17-Jun,,1889,"https://iiif-images.library.upenn.edu/iiif/2/90e5066e-0f13-4846-9358-5c36be92dd5a/full/!200,200/0/default.jpg","https://iiif-images.library.upenn.edu/iiif/2/90e5066e-0f13-4846-9358-5c36be92dd5a/full/3500,/0/default.jpg",382,https://iiif-images.library.upenn.edu/iiif/3/90e5066e-0f13-4846-9358-5c36be92dd5a/info.json,"Adler, Cyrus|American Israelite|L.L.D. conferred",625,https://digitalrepository.library.upenn.edu/iiif/2/items/dc71c7fc-63d6-40e0-908e-ba8930064eba/manifest,https://iiif-images.library.upenn.edu/iiif/2/90e5066e-0f13-4846-9358-5c36be92dd5a
obj612,"Dr. Morais, of Philadelphia [...].",New York Herald,New York,"June 19, 1889",19-Jun,,1889,"https://iiif-images.library.upenn.edu/iiif/2/90e5066e-0f13-4846-9358-5c36be92dd5a/full/!200,200/0/default.jpg","https://iiif-images.library.upenn.edu/iiif/2/90e5066e-0f13-4846-9358-5c36be92dd5a/full/3500,/0/default.jpg",382,https://iiif-images.library.upenn.edu/iiif/3/90e5066e-0f13-4846-9358-5c36be92dd5a/info.json,L.L.D. conferred,626,https://digitalrepository.library.upenn.edu/iiif/2/items/dc71c7fc-63d6-40e0-908e-ba8930064eba/manifest,https://iiif-images.library.upenn.edu/iiif/2/90e5066e-0f13-4846-9358-5c36be92dd5a
obj613,United States - The University of Pennsylvania has conferred [...].,The Jewish Chronicle,London,"July 12, 1889",12-Jul,,1889,"https://iiif-images.library.upenn.edu/iiif/2/90e5066e-0f13-4846-9358-5c36be92dd5a/full/!200,200/0/default.jpg","https://iiif-images.library.upenn.edu/iiif/2/90e5066e-0f13-4846-9358-5c36be92dd5a/full/3500,/0/default.jpg",382,https://iiif-images.library.upenn.edu/iiif/3/90e5066e-0f13-4846-9358-5c36be92dd5a/info.json,L.L.D. conferred,627,https://digitalrepository.library.upenn.edu/iiif/2/items/dc71c7fc-63d6-40e0-908e-ba8930064eba/manifest,https://iiif-images.library.upenn.edu/iiif/2/90e5066e-0f13-4846-9358-5c36be92dd5a
obj614,Our hearty congratulations [...].,The Hebrew Journal,New York,"June 24, 1889",24-Jun,,1889,"https://iiif-images.library.upenn.edu/iiif/2/90e5066e-0f13-4846-9358-5c36be92dd5a/full/!200,200/0/default.jpg","https://iiif-images.library.upenn.edu/iiif/2/90e5066e-0f13-4846-9358-5c36be92dd5a/full/3500,/0/default.jpg",382,https://iiif-images.library.upenn.edu/iiif/3/90e5066e-0f13-4846-9358-5c36be92dd5a/info.json,Jewish Exponent (Philadelphia)|L.L.D. conferred|Protestant Theological Faculty of Paris,628,https://digitalrepository.library.upenn.edu/iiif/2/items/dc71c7fc-63d6-40e0-908e-ba8930064eba/manifest,https://iiif-images.library.upenn.edu/iiif/2/90e5066e-0f13-4846-9358-5c36be92dd5a
obj615,An Honor Well Bestowed.,The Jewish Exponent,Philadelphia,"June 7, 1887",7-Jun,,1887,"https://iiif-images.library.upenn.edu/iiif/2/b0cff51a-1cbe-4241-b70c-e40c39154879/full/!200,200/0/default.jpg","https://iiif-images.library.upenn.edu/iiif/2/b0cff51a-1cbe-4241-b70c-e40c39154879/full/3500,/0/default.jpg",383,https://iiif-images.library.upenn.edu/iiif/3/b0cff51a-1cbe-4241-b70c-e40c39154879/info.json,L.L.D. conferred|University of Pennsylvania|Abolitionism,629,https://digitalrepository.library.upenn.edu/iiif/2/items/dc71c7fc-63d6-40e0-908e-ba8930064eba/manifest,https://iiif-images.library.upenn.edu/iiif/2/b0cff51a-1cbe-4241-b70c-e40c39154879
obj616,Degrees Conferred on Israelites by the University of Pennsylvania.,The Jewish Exponent,Philadelphia,"June 7, 1887",7-Jun,,1887,"https://iiif-images.library.upenn.edu/iiif/2/b0cff51a-1cbe-4241-b70c-e40c39154879/full/!200,200/0/default.jpg","https://iiif-images.library.upenn.edu/iiif/2/b0cff51a-1cbe-4241-b70c-e40c39154879/full/3500,/0/default.jpg",383,https://iiif-images.library.upenn.edu/iiif/3/b0cff51a-1cbe-4241-b70c-e40c39154879/info.json,Jewish Exponent (Philadelphia)|L.L.D. conferred,630,https://digitalrepository.library.upenn.edu/iiif/2/items/dc71c7fc-63d6-40e0-908e-ba8930064eba/manifest,https://iiif-images.library.upenn.edu/iiif/2/b0cff51a-1cbe-4241-b70c-e40c39154879
obj617,The Anglo-Jewish papers refer in appropriate terms to the honor [...].,The Jewish Exponent,Philadelphia,"July 8, 1887",8-Jul,,1887,"https://iiif-images.library.upenn.edu/iiif/2/b0cff51a-1cbe-4241-b70c-e40c39154879/full/!200,200/0/default.jpg","https://iiif-images.library.upenn.edu/iiif/2/b0cff51a-1cbe-4241-b70c-e40c39154879/full/3500,/0/default.jpg",383,https://iiif-images.library.upenn.edu/iiif/3/b0cff51a-1cbe-4241-b70c-e40c39154879/info.json,"Jewish Chronicle, The (London)|Jewish Exponent (Philadelphia)|L.L.D. conferred",631,https://digitalrepository.library.upenn.edu/iiif/2/items/dc71c7fc-63d6-40e0-908e-ba8930064eba/manifest,https://iiif-images.library.upenn.edu/iiif/2/b0cff51a-1cbe-4241-b70c-e40c39154879
obj618,"The University of Pennsylvania, on the occasion of its 132nd anniversary [...].",The Menorah Monthly,New York,"July, 1887",July,,1887,"https://iiif-images.library.upenn.edu/iiif/2/b0cff51a-1cbe-4241-b70c-e40c39154879/full/!200,200/0/default.jpg","https://iiif-images.library.upenn.edu/iiif/2/b0cff51a-1cbe-4241-b70c-e40c39154879/full/3500,/0/default.jpg",383,https://iiif-images.library.upenn.edu/iiif/3/b0cff51a-1cbe-4241-b70c-e40c39154879/info.json,L.L.D. conferred|Union League (of Philadelphia),632,https://digitalrepository.library.upenn.edu/iiif/2/items/dc71c7fc-63d6-40e0-908e-ba8930064eba/manifest,https://iiif-images.library.upenn.edu/iiif/2/b0cff51a-1cbe-4241-b70c-e40c39154879
obj619,To the Rev. Dr. Sabato Morais. Most Affectionately and respectfully Dedicated. By Cora Wilburn.,[n.p.],,,,,,"https://iiif-images.library.upenn.edu/iiif/2/b0cff51a-1cbe-4241-b70c-e40c39154879/full/!200,200/0/default.jpg","https://iiif-images.library.upenn.edu/iiif/2/b0cff51a-1cbe-4241-b70c-e40c39154879/full/3500,/0/default.jpg",383,https://iiif-images.library.upenn.edu/iiif/3/b0cff51a-1cbe-4241-b70c-e40c39154879/info.json,"Wilburn, Cora",633,https://digitalrepository.library.upenn.edu/iiif/2/items/dc71c7fc-63d6-40e0-908e-ba8930064eba/manifest,https://iiif-images.library.upenn.edu/iiif/2/b0cff51a-1cbe-4241-b70c-e40c39154879
obj620,A Hebrew Acrostic. Dedicated to the Rev. Dr. Sabato Morais of Philadelphia.,The Menorah Monthly,,,,,,"https://iiif-images.library.upenn.edu/iiif/2/b0cff51a-1cbe-4241-b70c-e40c39154879/full/!200,200/0/default.jpg","https://iiif-images.library.upenn.edu/iiif/2/b0cff51a-1cbe-4241-b70c-e40c39154879/full/3500,/0/default.jpg",383,https://iiif-images.library.upenn.edu/iiif/3/b0cff51a-1cbe-4241-b70c-e40c39154879/info.json,"Vidaver, Falk|Hebrew poetry|Acrostic",634,https://digitalrepository.library.upenn.edu/iiif/2/items/dc71c7fc-63d6-40e0-908e-ba8930064eba/manifest,https://iiif-images.library.upenn.edu/iiif/2/b0cff51a-1cbe-4241-b70c-e40c39154879
obj621,Dr. Kohler to Dr. Morais [and Morais? reply].,American Hebrew,New York,"September 9, 1887",9-Sep,,1887,"https://iiif-images.library.upenn.edu/iiif/2/01f45f45-8fa0-4f3f-b2e9-61c867f9e0db/full/!200,200/0/default.jpg","https://iiif-images.library.upenn.edu/iiif/2/01f45f45-8fa0-4f3f-b2e9-61c867f9e0db/full/3500,/0/default.jpg",384,https://iiif-images.library.upenn.edu/iiif/3/01f45f45-8fa0-4f3f-b2e9-61c867f9e0db/info.json,"American Hebrew|Einhorn, Dr.|Kohler, Kaufmann|Kuenen, Abraham|Mendes, H. Pereira|Solis-Cohen, D.|Wellhausen, Julius",635,https://digitalrepository.library.upenn.edu/iiif/2/items/dc71c7fc-63d6-40e0-908e-ba8930064eba/manifest,https://iiif-images.library.upenn.edu/iiif/2/01f45f45-8fa0-4f3f-b2e9-61c867f9e0db
obj622,Day of Atonement.,The Public Ledger,Philadelphia,"September 17, 1888",17-Sep,,1888,"https://iiif-images.library.upenn.edu/iiif/2/67f8227a-8156-4cd8-86bd-1f6b2a9911b5/full/!200,200/0/default.jpg","https://iiif-images.library.upenn.edu/iiif/2/67f8227a-8156-4cd8-86bd-1f6b2a9911b5/full/3500,/0/default.jpg",385,https://iiif-images.library.upenn.edu/iiif/3/67f8227a-8156-4cd8-86bd-1f6b2a9911b5/info.json,"Disasters, natural & man-made|Public Ledger, The|Yom Kippur",636,https://digitalrepository.library.upenn.edu/iiif/2/items/dc71c7fc-63d6-40e0-908e-ba8930064eba/manifest,https://iiif-images.library.upenn.edu/iiif/2/67f8227a-8156-4cd8-86bd-1f6b2a9911b5
obj623,Mikveh Israel.,The Jewish Exponent,Philadelphia,"[n.d.],  [n.d.]",[n.d.],,[n.d.],"https://iiif-images.library.upenn.edu/iiif/2/67f8227a-8156-4cd8-86bd-1f6b2a9911b5/full/!200,200/0/default.jpg","https://iiif-images.library.upenn.edu/iiif/2/67f8227a-8156-4cd8-86bd-1f6b2a9911b5/full/3500,/0/default.jpg",385,https://iiif-images.library.upenn.edu/iiif/3/67f8227a-8156-4cd8-86bd-1f6b2a9911b5/info.json,"Baum, Esther|Jewish Exponent (Philadelphia)|Yom Kippur",637,https://digitalrepository.library.upenn.edu/iiif/2/items/dc71c7fc-63d6-40e0-908e-ba8930064eba/manifest,https://iiif-images.library.upenn.edu/iiif/2/67f8227a-8156-4cd8-86bd-1f6b2a9911b5
obj624,Consecration Sermon by Dr. S. Morais.,American Hebrew,New York,"June 15, 1888",15-Jun,,1888,"https://iiif-images.library.upenn.edu/iiif/2/6ab900d6-0e5c-4a7b-8f27-43078e182500/full/!200,200/0/default.jpg","https://iiif-images.library.upenn.edu/iiif/2/6ab900d6-0e5c-4a7b-8f27-43078e182500/full/3500,/0/default.jpg",386,https://iiif-images.library.upenn.edu/iiif/3/6ab900d6-0e5c-4a7b-8f27-43078e182500/info.json,"American Hebrew|Moses Montefiore, New York",638,https://digitalrepository.library.upenn.edu/iiif/2/items/dc71c7fc-63d6-40e0-908e-ba8930064eba/manifest,https://iiif-images.library.upenn.edu/iiif/2/6ab900d6-0e5c-4a7b-8f27-43078e182500
obj625,Thoughts Called Forth by the Centennial Celebration of the Constitution of the United States. An Address by Rabbi Morais to His Congregation.,Philadelphia Sunday Dispatch,Philadelphia,"September 18, 1887",18-Sep,,1887,"https://iiif-images.library.upenn.edu/iiif/2/9d28a06e-797f-4ce4-ab8e-48974e769a96/full/!200,200/0/default.jpg","https://iiif-images.library.upenn.edu/iiif/2/9d28a06e-797f-4ce4-ab8e-48974e769a96/full/3500,/0/default.jpg",387,https://iiif-images.library.upenn.edu/iiif/3/9d28a06e-797f-4ce4-ab8e-48974e769a96/info.json,"Talmudic Dictionary|Republicanism|Sunday Dispatch, The",639,https://digitalrepository.library.upenn.edu/iiif/2/items/dc71c7fc-63d6-40e0-908e-ba8930064eba/manifest,https://iiif-images.library.upenn.edu/iiif/2/9d28a06e-797f-4ce4-ab8e-48974e769a96
obj626,Dr. Morais on Questions of the Age.,The Jewish Exponent,Philadelphia,"April 6, 1888",6-Apr,,1888,"https://iiif-images.library.upenn.edu/iiif/2/5fa05c87-0f33-45cc-99ff-1a8dd04359ec/full/!200,200/0/default.jpg","https://iiif-images.library.upenn.edu/iiif/2/5fa05c87-0f33-45cc-99ff-1a8dd04359ec/full/3500,/0/default.jpg",388,https://iiif-images.library.upenn.edu/iiif/3/5fa05c87-0f33-45cc-99ff-1a8dd04359ec/info.json,Jewish Exponent (Philadelphia)|Phaedon,640,https://digitalrepository.library.upenn.edu/iiif/2/items/dc71c7fc-63d6-40e0-908e-ba8930064eba/manifest,https://iiif-images.library.upenn.edu/iiif/2/5fa05c87-0f33-45cc-99ff-1a8dd04359ec
obj627,Dr. Morais on Human Vicissitudes.,The Jewish Exponent,Philadelphia,"April 6, 1888",6-Apr,,1888,"https://iiif-images.library.upenn.edu/iiif/2/5fa05c87-0f33-45cc-99ff-1a8dd04359ec/full/!200,200/0/default.jpg","https://iiif-images.library.upenn.edu/iiif/2/5fa05c87-0f33-45cc-99ff-1a8dd04359ec/full/3500,/0/default.jpg",388,https://iiif-images.library.upenn.edu/iiif/3/5fa05c87-0f33-45cc-99ff-1a8dd04359ec/info.json,Jewish Exponent (Philadelphia),641,https://digitalrepository.library.upenn.edu/iiif/2/items/dc71c7fc-63d6-40e0-908e-ba8930064eba/manifest,https://iiif-images.library.upenn.edu/iiif/2/5fa05c87-0f33-45cc-99ff-1a8dd04359ec
obj628,Philadelphia City News. Passover. At Synagogues and Homes - What the Ministers said.,The Jewish Exponent,Philadelphia,"March 30, 1888",30-Mar,,1888,"https://iiif-images.library.upenn.edu/iiif/2/5fa05c87-0f33-45cc-99ff-1a8dd04359ec/full/!200,200/0/default.jpg","https://iiif-images.library.upenn.edu/iiif/2/5fa05c87-0f33-45cc-99ff-1a8dd04359ec/full/3500,/0/default.jpg",388,https://iiif-images.library.upenn.edu/iiif/3/5fa05c87-0f33-45cc-99ff-1a8dd04359ec/info.json,Jewish Exponent (Philadelphia)|Passover,642,https://digitalrepository.library.upenn.edu/iiif/2/items/dc71c7fc-63d6-40e0-908e-ba8930064eba/manifest,https://iiif-images.library.upenn.edu/iiif/2/5fa05c87-0f33-45cc-99ff-1a8dd04359ec
obj629,Dr. Morais on Passover and Easter - a Tribute of Respect.,The Jewish Exponent,Philadelphia,"April 13, 1888",13-Apr,,1888,"https://iiif-images.library.upenn.edu/iiif/2/82cae217-9231-4237-8cef-8b049fd458db/full/!200,200/0/default.jpg","https://iiif-images.library.upenn.edu/iiif/2/82cae217-9231-4237-8cef-8b049fd458db/full/3500,/0/default.jpg",389,https://iiif-images.library.upenn.edu/iiif/3/82cae217-9231-4237-8cef-8b049fd458db/info.json,"Brewster, Benjamin Harris|Jewish Exponent (Philadelphia)|Passover",643,https://digitalrepository.library.upenn.edu/iiif/2/items/dc71c7fc-63d6-40e0-908e-ba8930064eba/manifest,https://iiif-images.library.upenn.edu/iiif/2/82cae217-9231-4237-8cef-8b049fd458db
obj630,Dedication of a New York Synagogue.,The Jewish Exponent,Philadelphia,"April 13, 1888",13-Apr,,1888,"https://iiif-images.library.upenn.edu/iiif/2/82cae217-9231-4237-8cef-8b049fd458db/full/!200,200/0/default.jpg","https://iiif-images.library.upenn.edu/iiif/2/82cae217-9231-4237-8cef-8b049fd458db/full/3500,/0/default.jpg",389,https://iiif-images.library.upenn.edu/iiif/3/82cae217-9231-4237-8cef-8b049fd458db/info.json,"Moses Montefiore, New York|Guedalia, Moses|Jewish Exponent (Philadelphia)|Marcus, Alfred A.|Mendes, H. Pereira|Montefiore, Moses|Osorio, Isidore|Piza, D. M.",644,https://digitalrepository.library.upenn.edu/iiif/2/items/dc71c7fc-63d6-40e0-908e-ba8930064eba/manifest,https://iiif-images.library.upenn.edu/iiif/2/82cae217-9231-4237-8cef-8b049fd458db
obj631,Dr. Morais? Thirty-Seventh Anniversary.,The Jewish Exponent,Philadelphia,"March 16, 1888",16-Mar,,1888,"https://iiif-images.library.upenn.edu/iiif/2/82cae217-9231-4237-8cef-8b049fd458db/full/!200,200/0/default.jpg","https://iiif-images.library.upenn.edu/iiif/2/82cae217-9231-4237-8cef-8b049fd458db/full/3500,/0/default.jpg",389,https://iiif-images.library.upenn.edu/iiif/3/82cae217-9231-4237-8cef-8b049fd458db/info.json,"Jewish Exponent (Philadelphia)|Kaas, Catherine",645,https://digitalrepository.library.upenn.edu/iiif/2/items/dc71c7fc-63d6-40e0-908e-ba8930064eba/manifest,https://iiif-images.library.upenn.edu/iiif/2/82cae217-9231-4237-8cef-8b049fd458db
obj632,Mikve Israel.,The Jewish Exponent,Philadelphia,"March 16, 1888",16-Mar,,1888,"https://iiif-images.library.upenn.edu/iiif/2/82cae217-9231-4237-8cef-8b049fd458db/full/!200,200/0/default.jpg","https://iiif-images.library.upenn.edu/iiif/2/82cae217-9231-4237-8cef-8b049fd458db/full/3500,/0/default.jpg",389,https://iiif-images.library.upenn.edu/iiif/3/82cae217-9231-4237-8cef-8b049fd458db/info.json,Jewish Exponent (Philadelphia)|Shavuot,646,https://digitalrepository.library.upenn.edu/iiif/2/items/dc71c7fc-63d6-40e0-908e-ba8930064eba/manifest,https://iiif-images.library.upenn.edu/iiif/2/82cae217-9231-4237-8cef-8b049fd458db
obj633,Dr. Morais on Work Retrospective and Prospective.,The Jewish Exponent,Philadelphia,"[n.d.],  [n.d.]",[n.d.],,[n.d.],"https://iiif-images.library.upenn.edu/iiif/2/73cb9aa6-448d-48c4-831e-feda833a8b8d/full/!200,200/0/default.jpg","https://iiif-images.library.upenn.edu/iiif/2/73cb9aa6-448d-48c4-831e-feda833a8b8d/full/3500,/0/default.jpg",390,https://iiif-images.library.upenn.edu/iiif/3/73cb9aa6-448d-48c4-831e-feda833a8b8d/info.json,Jewish Exponent (Philadelphia),647,https://digitalrepository.library.upenn.edu/iiif/2/items/dc71c7fc-63d6-40e0-908e-ba8930064eba/manifest,https://iiif-images.library.upenn.edu/iiif/2/73cb9aa6-448d-48c4-831e-feda833a8b8d
obj634,The Rev. Dr. S. Morais [...].,The Jewish Exponent,Philadelphia,"[n.d.],  [n.d.]",[n.d.],,[n.d.],"https://iiif-images.library.upenn.edu/iiif/2/73cb9aa6-448d-48c4-831e-feda833a8b8d/full/!200,200/0/default.jpg","https://iiif-images.library.upenn.edu/iiif/2/73cb9aa6-448d-48c4-831e-feda833a8b8d/full/3500,/0/default.jpg",390,https://iiif-images.library.upenn.edu/iiif/3/73cb9aa6-448d-48c4-831e-feda833a8b8d/info.json,"Heilprin, Heilprin|Hirsch, Moses de|Jewish Exponent (Philadelphia)|Kossuth, Louis|Mazzini, Joseph|Seward, Mr.|Sherman, General William T.|Veneziani, Emanuel",648,https://digitalrepository.library.upenn.edu/iiif/2/items/dc71c7fc-63d6-40e0-908e-ba8930064eba/manifest,https://iiif-images.library.upenn.edu/iiif/2/73cb9aa6-448d-48c4-831e-feda833a8b8d
obj635,Dr. Morais on Mikve Israel.,The Jewish Exponent,Philadelphia,"[n.d.],  [n.d.]",[n.d.],,[n.d.],"https://iiif-images.library.upenn.edu/iiif/2/73cb9aa6-448d-48c4-831e-feda833a8b8d/full/!200,200/0/default.jpg","https://iiif-images.library.upenn.edu/iiif/2/73cb9aa6-448d-48c4-831e-feda833a8b8d/full/3500,/0/default.jpg",390,https://iiif-images.library.upenn.edu/iiif/3/73cb9aa6-448d-48c4-831e-feda833a8b8d/info.json,Jewish Exponent (Philadelphia),649,https://digitalrepository.library.upenn.edu/iiif/2/items/dc71c7fc-63d6-40e0-908e-ba8930064eba/manifest,https://iiif-images.library.upenn.edu/iiif/2/73cb9aa6-448d-48c4-831e-feda833a8b8d
obj636,Dr. Morais on Cruelty to Animals.,The Jewish Exponent,Philadelphia,"March 23, 1888",23-Mar,,1888,"https://iiif-images.library.upenn.edu/iiif/2/73cb9aa6-448d-48c4-831e-feda833a8b8d/full/!200,200/0/default.jpg","https://iiif-images.library.upenn.edu/iiif/2/73cb9aa6-448d-48c4-831e-feda833a8b8d/full/3500,/0/default.jpg",390,https://iiif-images.library.upenn.edu/iiif/3/73cb9aa6-448d-48c4-831e-feda833a8b8d/info.json,"Bergh, Henry|Jewish Exponent (Philadelphia)",650,https://digitalrepository.library.upenn.edu/iiif/2/items/dc71c7fc-63d6-40e0-908e-ba8930064eba/manifest,https://iiif-images.library.upenn.edu/iiif/2/73cb9aa6-448d-48c4-831e-feda833a8b8d
obj637,The Jewish Pulpit on the Late Emperor.,Public Ledger,Philadelphia,"June 18, 1888",18-Jun,,1888,"https://iiif-images.library.upenn.edu/iiif/2/89128950-43ca-4ff6-bcbb-d2022906f316/full/!200,200/0/default.jpg","https://iiif-images.library.upenn.edu/iiif/2/89128950-43ca-4ff6-bcbb-d2022906f316/full/3500,/0/default.jpg",391,https://iiif-images.library.upenn.edu/iiif/3/89128950-43ca-4ff6-bcbb-d2022906f316/info.json,"Frederick III of Prussia|Public Ledger, The",651,https://digitalrepository.library.upenn.edu/iiif/2/items/dc71c7fc-63d6-40e0-908e-ba8930064eba/manifest,https://iiif-images.library.upenn.edu/iiif/2/89128950-43ca-4ff6-bcbb-d2022906f316
obj638,The Jewish Theological Seminary.,The Jewish Exponent,Philadelphia,"[n.d.],  [n.d.]",[n.d.],,[n.d.],"https://iiif-images.library.upenn.edu/iiif/2/89128950-43ca-4ff6-bcbb-d2022906f316/full/!200,200/0/default.jpg","https://iiif-images.library.upenn.edu/iiif/2/89128950-43ca-4ff6-bcbb-d2022906f316/full/3500,/0/default.jpg",391,https://iiif-images.library.upenn.edu/iiif/3/89128950-43ca-4ff6-bcbb-d2022906f316/info.json,"Adler, Cyrus|Cooper Union|Drachman, Dr. Bernhard|Jewish Exponent (Philadelphia)|Jewish Theological Seminary",652,https://digitalrepository.library.upenn.edu/iiif/2/items/dc71c7fc-63d6-40e0-908e-ba8930064eba/manifest,https://iiif-images.library.upenn.edu/iiif/2/89128950-43ca-4ff6-bcbb-d2022906f316
obj639,"A Vindication of ""Adonai."" A Sermon by Rev. Dr. S. Morais.",The Jewish Exponent,Philadelphia,"April 27, 1888",27-Apr,,1888,"https://iiif-images.library.upenn.edu/iiif/2/1895c16e-81e4-4904-b299-bf184c5ac71e/full/!200,200/0/default.jpg","https://iiif-images.library.upenn.edu/iiif/2/1895c16e-81e4-4904-b299-bf184c5ac71e/full/3500,/0/default.jpg",392,https://iiif-images.library.upenn.edu/iiif/3/1895c16e-81e4-4904-b299-bf184c5ac71e/info.json,"Adonai|Jahweh|Jewish Exponent (Philadelphia)|Renan, Ernest",653,https://digitalrepository.library.upenn.edu/iiif/2/items/dc71c7fc-63d6-40e0-908e-ba8930064eba/manifest,https://iiif-images.library.upenn.edu/iiif/2/1895c16e-81e4-4904-b299-bf184c5ac71e
obj640,Thanksgiving Address. By Rev. Dr. S. Morais.,The Jewish Exponent,Philadelphia,"November 25, 1887",25-Nov,,1887,"https://iiif-images.library.upenn.edu/iiif/2/217f4805-94cb-4ad1-9740-470f3e00f9c0/full/!200,200/0/default.jpg","https://iiif-images.library.upenn.edu/iiif/2/217f4805-94cb-4ad1-9740-470f3e00f9c0/full/3500,/0/default.jpg",393,https://iiif-images.library.upenn.edu/iiif/3/217f4805-94cb-4ad1-9740-470f3e00f9c0/info.json,"Cafarel-Wilson|Credit-Mobilier|Crispi, Francesco|Igel of Lemberg|Jewish Exponent (Philadelphia)|Jewish Foster Home and Orphan Asylum, Philadelphia|Penal Reform|Thanksgiving",654,https://digitalrepository.library.upenn.edu/iiif/2/items/dc71c7fc-63d6-40e0-908e-ba8930064eba/manifest,https://iiif-images.library.upenn.edu/iiif/2/217f4805-94cb-4ad1-9740-470f3e00f9c0
obj641,S. Morais to the Rev. Dr. I. M. Wise.,American Hebrew,New York,"September, 1887",September,,1887,"https://iiif-images.library.upenn.edu/iiif/2/34053657-3a20-42d9-981e-73c99f7af1b0/full/!200,200/0/default.jpg","https://iiif-images.library.upenn.edu/iiif/2/34053657-3a20-42d9-981e-73c99f7af1b0/full/3500,/0/default.jpg",394,https://iiif-images.library.upenn.edu/iiif/3/34053657-3a20-42d9-981e-73c99f7af1b0/info.json,"American Hebrew|Ehrenreich, Moses Leve (of Rome)|Jewish Theological Seminary|Luzzatto, S.D. Prof.|Mortara (Chief Rabbi of Mantua), Marco|Torre (of Luneo), Lelllio Della|Wise, I. M.",655,https://digitalrepository.library.upenn.edu/iiif/2/items/dc71c7fc-63d6-40e0-908e-ba8930064eba/manifest,https://iiif-images.library.upenn.edu/iiif/2/34053657-3a20-42d9-981e-73c99f7af1b0
obj642,S. Morais to the Rev. Dr. I. M. Wise. [Concluded].,American Hebrew,New York,"September, 1887",September,,1887,"https://iiif-images.library.upenn.edu/iiif/2/2f05fa92-c2b7-42f2-9576-5e381665379a/full/!200,200/0/default.jpg","https://iiif-images.library.upenn.edu/iiif/2/2f05fa92-c2b7-42f2-9576-5e381665379a/full/3500,/0/default.jpg",395,https://iiif-images.library.upenn.edu/iiif/3/2f05fa92-c2b7-42f2-9576-5e381665379a/info.json,American Hebrew,656,https://digitalrepository.library.upenn.edu/iiif/2/items/dc71c7fc-63d6-40e0-908e-ba8930064eba/manifest,https://iiif-images.library.upenn.edu/iiif/2/2f05fa92-c2b7-42f2-9576-5e381665379a
obj643,"Local Affairs. ""Men Differently Situated."" A Discourse by Rabbi Morais, of the Mikve Israel Synagogue.",Public Ledger,Philadelphia,"October 24, 1887",24-Oct,,1887,"https://iiif-images.library.upenn.edu/iiif/2/93e4d8f3-70af-465c-896f-72b5eafd16b9/full/!200,200/0/default.jpg","https://iiif-images.library.upenn.edu/iiif/2/93e4d8f3-70af-465c-896f-72b5eafd16b9/full/3500,/0/default.jpg",396,https://iiif-images.library.upenn.edu/iiif/3/93e4d8f3-70af-465c-896f-72b5eafd16b9/info.json,"Chiarini|Childs, George W.|Equestrian statues|Meade, General|Public Ledger, The",657,https://digitalrepository.library.upenn.edu/iiif/2/items/dc71c7fc-63d6-40e0-908e-ba8930064eba/manifest,https://iiif-images.library.upenn.edu/iiif/2/93e4d8f3-70af-465c-896f-72b5eafd16b9
obj644,In Memory of Emma Lazarus.,The Jewish Exponent,Philadelphia,"December 2, 1887",2-Dec,,1887,"https://iiif-images.library.upenn.edu/iiif/2/93e4d8f3-70af-465c-896f-72b5eafd16b9/full/!200,200/0/default.jpg","https://iiif-images.library.upenn.edu/iiif/2/93e4d8f3-70af-465c-896f-72b5eafd16b9/full/3500,/0/default.jpg",396,https://iiif-images.library.upenn.edu/iiif/3/93e4d8f3-70af-465c-896f-72b5eafd16b9/info.json,Jewish Exponent (Philadelphia),658,https://digitalrepository.library.upenn.edu/iiif/2/items/dc71c7fc-63d6-40e0-908e-ba8930064eba/manifest,https://iiif-images.library.upenn.edu/iiif/2/93e4d8f3-70af-465c-896f-72b5eafd16b9
obj645,"Dr. Morais spoke at considerable length, [...].",American Hebrew,New York,"December 2, 1887",2-Dec,,1887,"https://iiif-images.library.upenn.edu/iiif/2/93e4d8f3-70af-465c-896f-72b5eafd16b9/full/!200,200/0/default.jpg","https://iiif-images.library.upenn.edu/iiif/2/93e4d8f3-70af-465c-896f-72b5eafd16b9/full/3500,/0/default.jpg",396,https://iiif-images.library.upenn.edu/iiif/3/93e4d8f3-70af-465c-896f-72b5eafd16b9/info.json,"American Hebrew|Lazarus, Emma",659,https://digitalrepository.library.upenn.edu/iiif/2/items/dc71c7fc-63d6-40e0-908e-ba8930064eba/manifest,https://iiif-images.library.upenn.edu/iiif/2/93e4d8f3-70af-465c-896f-72b5eafd16b9
obj646,To the Memory of Emma Lazarus.,American Hebrew,New York,"December 9, 1887",9-Dec,,1887,"https://iiif-images.library.upenn.edu/iiif/2/d0f77a0a-7561-4322-a2e7-e9d88c7fe68d/full/!200,200/0/default.jpg","https://iiif-images.library.upenn.edu/iiif/2/d0f77a0a-7561-4322-a2e7-e9d88c7fe68d/full/3500,/0/default.jpg",397,https://iiif-images.library.upenn.edu/iiif/3/d0f77a0a-7561-4322-a2e7-e9d88c7fe68d/info.json,"American Hebrew|Lazarus, Emma",660,https://digitalrepository.library.upenn.edu/iiif/2/items/dc71c7fc-63d6-40e0-908e-ba8930064eba/manifest,https://iiif-images.library.upenn.edu/iiif/2/d0f77a0a-7561-4322-a2e7-e9d88c7fe68d
obj647,Mrs. Anna Allen.,The Jewish Exponent,Philadelphia,"[n.d.],  [n.d.]",[n.d.],,[n.d.],"https://iiif-images.library.upenn.edu/iiif/2/d0f77a0a-7561-4322-a2e7-e9d88c7fe68d/full/!200,200/0/default.jpg","https://iiif-images.library.upenn.edu/iiif/2/d0f77a0a-7561-4322-a2e7-e9d88c7fe68d/full/3500,/0/default.jpg",397,https://iiif-images.library.upenn.edu/iiif/3/d0f77a0a-7561-4322-a2e7-e9d88c7fe68d/info.json,"Allen, Anna|Female Hebrew Benevolent Society|Jewish Exponent (Philadelphia)",661,https://digitalrepository.library.upenn.edu/iiif/2/items/dc71c7fc-63d6-40e0-908e-ba8930064eba/manifest,https://iiif-images.library.upenn.edu/iiif/2/d0f77a0a-7561-4322-a2e7-e9d88c7fe68d
obj648,Dr. Morais on the Question of the Hour.,The Jewish Exponent,Philadelphia,"December 23, 1887",23-Dec,,1887,"https://iiif-images.library.upenn.edu/iiif/2/333740ab-29c8-4473-91e7-8556af846d49/full/!200,200/0/default.jpg","https://iiif-images.library.upenn.edu/iiif/2/333740ab-29c8-4473-91e7-8556af846d49/full/3500,/0/default.jpg",398,https://iiif-images.library.upenn.edu/iiif/3/333740ab-29c8-4473-91e7-8556af846d49/info.json,Hanuccah|Jewish Exponent (Philadelphia),662,https://digitalrepository.library.upenn.edu/iiif/2/items/dc71c7fc-63d6-40e0-908e-ba8930064eba/manifest,https://iiif-images.library.upenn.edu/iiif/2/333740ab-29c8-4473-91e7-8556af846d49
obj649,A forcible appeal was made by Rev. S. Morais [...].,The Jewish Exponent,Philadelphia,"[n.d.],  [n.d.]",[n.d.],,[n.d.],"https://iiif-images.library.upenn.edu/iiif/2/333740ab-29c8-4473-91e7-8556af846d49/full/!200,200/0/default.jpg","https://iiif-images.library.upenn.edu/iiif/2/333740ab-29c8-4473-91e7-8556af846d49/full/3500,/0/default.jpg",398,https://iiif-images.library.upenn.edu/iiif/3/333740ab-29c8-4473-91e7-8556af846d49/info.json,Alliance IsraA?lite Universelle|Jewish Exponent (Philadelphia)|Purim,663,https://digitalrepository.library.upenn.edu/iiif/2/items/dc71c7fc-63d6-40e0-908e-ba8930064eba/manifest,https://iiif-images.library.upenn.edu/iiif/2/333740ab-29c8-4473-91e7-8556af846d49
obj650,"""Wise Men, be Cautious in Your Words."" Dr. Morais on the Bar Mitzvah Ceremony.",The Jewish Exponent,Philadelphia,"[n.d.],  [n.d.]",[n.d.],,[n.d.],"https://iiif-images.library.upenn.edu/iiif/2/333740ab-29c8-4473-91e7-8556af846d49/full/!200,200/0/default.jpg","https://iiif-images.library.upenn.edu/iiif/2/333740ab-29c8-4473-91e7-8556af846d49/full/3500,/0/default.jpg",398,https://iiif-images.library.upenn.edu/iiif/3/333740ab-29c8-4473-91e7-8556af846d49/info.json,Jewish Exponent (Philadelphia),664,https://digitalrepository.library.upenn.edu/iiif/2/items/dc71c7fc-63d6-40e0-908e-ba8930064eba/manifest,https://iiif-images.library.upenn.edu/iiif/2/333740ab-29c8-4473-91e7-8556af846d49
obj651,Dr. Morais on Land Tenures.,The Jewish Exponent,Philadelphia,"[n.d.],  [n.d.]",[n.d.],,[n.d.],"https://iiif-images.library.upenn.edu/iiif/2/7c91fe10-7d82-4e23-b42a-b81fd4961bf9/full/!200,200/0/default.jpg","https://iiif-images.library.upenn.edu/iiif/2/7c91fe10-7d82-4e23-b42a-b81fd4961bf9/full/3500,/0/default.jpg",399,https://iiif-images.library.upenn.edu/iiif/3/7c91fe10-7d82-4e23-b42a-b81fd4961bf9/info.json,"George, Henry|Jewish Exponent (Philadelphia)",665,https://digitalrepository.library.upenn.edu/iiif/2/items/dc71c7fc-63d6-40e0-908e-ba8930064eba/manifest,https://iiif-images.library.upenn.edu/iiif/2/7c91fe10-7d82-4e23-b42a-b81fd4961bf9
obj652,A Hebrew Annual.,The Jewish Exponent,Philadelphia,"[n.d.],  [n.d.]",[n.d.],,[n.d.],"https://iiif-images.library.upenn.edu/iiif/2/7c91fe10-7d82-4e23-b42a-b81fd4961bf9/full/!200,200/0/default.jpg","https://iiif-images.library.upenn.edu/iiif/2/7c91fe10-7d82-4e23-b42a-b81fd4961bf9/full/3500,/0/default.jpg",399,https://iiif-images.library.upenn.edu/iiif/3/7c91fe10-7d82-4e23-b42a-b81fd4961bf9/info.json,"Cassell, David|Edelman, S. R.|Epstein, Dr.|Graetz, Dr. Heinrich|Ha-Kerem|Ha-Melitz|Jewish Exponent (Philadelphia)|Kaufmann, David|Rodner, David|Rosenfeld, S.",666,https://digitalrepository.library.upenn.edu/iiif/2/items/dc71c7fc-63d6-40e0-908e-ba8930064eba/manifest,https://iiif-images.library.upenn.edu/iiif/2/7c91fe10-7d82-4e23-b42a-b81fd4961bf9
obj653,Dr. Morais on the Foster Home.,The Jewish Exponent,Philadelphia,"June 1, 1888",1-Jun,,1888,"https://iiif-images.library.upenn.edu/iiif/2/7c91fe10-7d82-4e23-b42a-b81fd4961bf9/full/!200,200/0/default.jpg","https://iiif-images.library.upenn.edu/iiif/2/7c91fe10-7d82-4e23-b42a-b81fd4961bf9/full/3500,/0/default.jpg",399,https://iiif-images.library.upenn.edu/iiif/3/7c91fe10-7d82-4e23-b42a-b81fd4961bf9/info.json,"Female Hebrew Benevolent Society|Jewish Foster Home and Orphan Asylum, Philadelphia|Raphall, Morris J. Dr.",667,https://digitalrepository.library.upenn.edu/iiif/2/items/dc71c7fc-63d6-40e0-908e-ba8930064eba/manifest,https://iiif-images.library.upenn.edu/iiif/2/7c91fe10-7d82-4e23-b42a-b81fd4961bf9
obj654,"A Great Historical Event. The Semi-Centennial Anniversary of the First Hebrew Sunday School in America. Impressive Proceedings - Music, Addresses, etc.",,,,,,,"https://iiif-images.library.upenn.edu/iiif/2/7c91fe10-7d82-4e23-b42a-b81fd4961bf9/full/!200,200/0/default.jpg","https://iiif-images.library.upenn.edu/iiif/2/7c91fe10-7d82-4e23-b42a-b81fd4961bf9/full/3500,/0/default.jpg",399,https://iiif-images.library.upenn.edu/iiif/3/7c91fe10-7d82-4e23-b42a-b81fd4961bf9/info.json,Hebrew Sunday School of Philadelphia|Jewish Exponent (Philadelphia),668,https://digitalrepository.library.upenn.edu/iiif/2/items/dc71c7fc-63d6-40e0-908e-ba8930064eba/manifest,https://iiif-images.library.upenn.edu/iiif/2/7c91fe10-7d82-4e23-b42a-b81fd4961bf9
obj655,Rabbi Ottolenghi and his Works.,The Jewish Exponent,Philadelphia,"[n.d.],  [n.d.]",[n.d.],,[n.d.],"https://iiif-images.library.upenn.edu/iiif/2/d286da14-bf9e-4ac3-87a5-878d0b0ab2cf/full/!200,200/0/default.jpg","https://iiif-images.library.upenn.edu/iiif/2/d286da14-bf9e-4ac3-87a5-878d0b0ab2cf/full/3500,/0/default.jpg",400,https://iiif-images.library.upenn.edu/iiif/3/d286da14-bf9e-4ac3-87a5-878d0b0ab2cf/info.json,"Azulai, H. J. D.|Jewish Exponent (Philadelphia)|Ottolenghi, Moses|Piperno, Abraham Benedict",669,https://digitalrepository.library.upenn.edu/iiif/2/items/dc71c7fc-63d6-40e0-908e-ba8930064eba/manifest,https://iiif-images.library.upenn.edu/iiif/2/d286da14-bf9e-4ac3-87a5-878d0b0ab2cf
obj656,Dr. Morais on an Important Need.,The Jewish Exponent,Philadelphia,"May 4, 1888",4-May,,1888,"https://iiif-images.library.upenn.edu/iiif/2/d286da14-bf9e-4ac3-87a5-878d0b0ab2cf/full/!200,200/0/default.jpg","https://iiif-images.library.upenn.edu/iiif/2/d286da14-bf9e-4ac3-87a5-878d0b0ab2cf/full/3500,/0/default.jpg",400,https://iiif-images.library.upenn.edu/iiif/3/d286da14-bf9e-4ac3-87a5-878d0b0ab2cf/info.json,Young Women's Union,670,https://digitalrepository.library.upenn.edu/iiif/2/items/dc71c7fc-63d6-40e0-908e-ba8930064eba/manifest,https://iiif-images.library.upenn.edu/iiif/2/d286da14-bf9e-4ac3-87a5-878d0b0ab2cf
obj657,Chevalier Peter Perreau.,The Jewish Exponent,Philadelphia,"[n.d.],  [n.d.]",[n.d.],,[n.d.],"https://iiif-images.library.upenn.edu/iiif/2/d286da14-bf9e-4ac3-87a5-878d0b0ab2cf/full/!200,200/0/default.jpg","https://iiif-images.library.upenn.edu/iiif/2/d286da14-bf9e-4ac3-87a5-878d0b0ab2cf/full/3500,/0/default.jpg",400,https://iiif-images.library.upenn.edu/iiif/3/d286da14-bf9e-4ac3-87a5-878d0b0ab2cf/info.json,"Jewish Exponent (Philadelphia)|Die j?dischen Frauen in der Geschichte, Literatur und Kunst|Meisels, I. S.|Perreau, Pietro",671,https://digitalrepository.library.upenn.edu/iiif/2/items/dc71c7fc-63d6-40e0-908e-ba8930064eba/manifest,https://iiif-images.library.upenn.edu/iiif/2/d286da14-bf9e-4ac3-87a5-878d0b0ab2cf
obj658,In a review of a work by Edmond Stapfer [...].,The Jewish Exponent,Philadelphia,"July 27, 1888",27-Jul,,1888,"https://iiif-images.library.upenn.edu/iiif/2/fe94ff83-3862-4fc8-8be1-1e55155cf477/full/!200,200/0/default.jpg","https://iiif-images.library.upenn.edu/iiif/2/fe94ff83-3862-4fc8-8be1-1e55155cf477/full/3500,/0/default.jpg",401,https://iiif-images.library.upenn.edu/iiif/3/fe94ff83-3862-4fc8-8be1-1e55155cf477/info.json,"Jewish Exponent (Philadelphia)|Stapfer, Edmond",672,https://digitalrepository.library.upenn.edu/iiif/2/items/dc71c7fc-63d6-40e0-908e-ba8930064eba/manifest,https://iiif-images.library.upenn.edu/iiif/2/fe94ff83-3862-4fc8-8be1-1e55155cf477
obj659,The oration of Hon. Benjamin F. Peixotto [...].,The Jewish Exponent,Philadelphia,"July 13, 1888",13-Jul,,1888,"https://iiif-images.library.upenn.edu/iiif/2/fe94ff83-3862-4fc8-8be1-1e55155cf477/full/!200,200/0/default.jpg","https://iiif-images.library.upenn.edu/iiif/2/fe94ff83-3862-4fc8-8be1-1e55155cf477/full/3500,/0/default.jpg",401,https://iiif-images.library.upenn.edu/iiif/3/fe94ff83-3862-4fc8-8be1-1e55155cf477/info.json,"Jewish Exponent (Philadelphia)|Jewish Orphan Asylum at Cleveland, Ohio|Peixotto, B. F.",673,https://digitalrepository.library.upenn.edu/iiif/2/items/dc71c7fc-63d6-40e0-908e-ba8930064eba/manifest,https://iiif-images.library.upenn.edu/iiif/2/fe94ff83-3862-4fc8-8be1-1e55155cf477
obj660,Hebrew Literature Society.,The Jewish Exponent,Philadelphia,"[n.d.],  [n.d.]",[n.d.],,[n.d.],"https://iiif-images.library.upenn.edu/iiif/2/fe94ff83-3862-4fc8-8be1-1e55155cf477/full/!200,200/0/default.jpg","https://iiif-images.library.upenn.edu/iiif/2/fe94ff83-3862-4fc8-8be1-1e55155cf477/full/3500,/0/default.jpg",401,https://iiif-images.library.upenn.edu/iiif/3/fe94ff83-3862-4fc8-8be1-1e55155cf477/info.json,Jewish Exponent (Philadelphia),674,https://digitalrepository.library.upenn.edu/iiif/2/items/dc71c7fc-63d6-40e0-908e-ba8930064eba/manifest,https://iiif-images.library.upenn.edu/iiif/2/fe94ff83-3862-4fc8-8be1-1e55155cf477
obj661,Dr. Morais on Misconstructions.,The Jewish Exponent,Philadelphia,"January 6, 1888",6-Jan,,1888,"https://iiif-images.library.upenn.edu/iiif/2/fe94ff83-3862-4fc8-8be1-1e55155cf477/full/!200,200/0/default.jpg","https://iiif-images.library.upenn.edu/iiif/2/fe94ff83-3862-4fc8-8be1-1e55155cf477/full/3500,/0/default.jpg",401,https://iiif-images.library.upenn.edu/iiif/3/fe94ff83-3862-4fc8-8be1-1e55155cf477/info.json,Jewish Exponent (Philadelphia),675,https://digitalrepository.library.upenn.edu/iiif/2/items/dc71c7fc-63d6-40e0-908e-ba8930064eba/manifest,https://iiif-images.library.upenn.edu/iiif/2/fe94ff83-3862-4fc8-8be1-1e55155cf477
obj662,"""The Fast of the Fifth Month.""",The Jewish Exponent,Philadelphia,"[n.d.],  [n.d.]",[n.d.],,[n.d.],"https://iiif-images.library.upenn.edu/iiif/2/969fa485-a12a-4f2c-a692-c06732844c3b/full/!200,200/0/default.jpg","https://iiif-images.library.upenn.edu/iiif/2/969fa485-a12a-4f2c-a692-c06732844c3b/full/3500,/0/default.jpg",402,https://iiif-images.library.upenn.edu/iiif/3/969fa485-a12a-4f2c-a692-c06732844c3b/info.json,Alliance IsraA?lite Universelle|Anglo-Jewish Association|Jewish Exponent (Philadelphia)|Ninth of Ab,676,https://digitalrepository.library.upenn.edu/iiif/2/items/dc71c7fc-63d6-40e0-908e-ba8930064eba/manifest,https://iiif-images.library.upenn.edu/iiif/2/969fa485-a12a-4f2c-a692-c06732844c3b
obj663,Dr. Morais on Social Progress.,The Jewish Exponent,Philadelphia,"January 20, 1888",20-Jan,,1888,"https://iiif-images.library.upenn.edu/iiif/2/969fa485-a12a-4f2c-a692-c06732844c3b/full/!200,200/0/default.jpg","https://iiif-images.library.upenn.edu/iiif/2/969fa485-a12a-4f2c-a692-c06732844c3b/full/3500,/0/default.jpg",402,https://iiif-images.library.upenn.edu/iiif/3/969fa485-a12a-4f2c-a692-c06732844c3b/info.json,"Ibn Ezra, Abraham|Jewish Exponent (Philadelphia)|Jerusalem|Society to Prevent Children from Cruelty",677,https://digitalrepository.library.upenn.edu/iiif/2/items/dc71c7fc-63d6-40e0-908e-ba8930064eba/manifest,https://iiif-images.library.upenn.edu/iiif/2/969fa485-a12a-4f2c-a692-c06732844c3b
obj664,The Jewish Theological Seminary.,American Hebrew,New York,"March 23, 1888",23-Mar,,1888,"https://iiif-images.library.upenn.edu/iiif/2/a70edb72-a1ce-4fa2-b2c3-b740f07f4aa3/full/!200,200/0/default.jpg","https://iiif-images.library.upenn.edu/iiif/2/a70edb72-a1ce-4fa2-b2c3-b740f07f4aa3/full/3500,/0/default.jpg",403,https://iiif-images.library.upenn.edu/iiif/3/a70edb72-a1ce-4fa2-b2c3-b740f07f4aa3/info.json,"American Hebrew|Drachman, Dr. Bernhard|Jewish Theological Seminary|Lazarus, Emma|and Ritual ""innovation""",678,https://digitalrepository.library.upenn.edu/iiif/2/items/dc71c7fc-63d6-40e0-908e-ba8930064eba/manifest,https://iiif-images.library.upenn.edu/iiif/2/a70edb72-a1ce-4fa2-b2c3-b740f07f4aa3
obj665,From Rev. Dr. Morais.,"""(letter sent to the Philadelphia Society for organizing charity.)""",,,,,,"https://iiif-images.library.upenn.edu/iiif/2/922e077d-b1a8-427c-871e-7e0da310423f/full/!200,200/0/default.jpg","https://iiif-images.library.upenn.edu/iiif/2/922e077d-b1a8-427c-871e-7e0da310423f/full/3500,/0/default.jpg",404,https://iiif-images.library.upenn.edu/iiif/3/922e077d-b1a8-427c-871e-7e0da310423f/info.json,"Leo XIII|Leone, Salomon",679,https://digitalrepository.library.upenn.edu/iiif/2/items/dc71c7fc-63d6-40e0-908e-ba8930064eba/manifest,https://iiif-images.library.upenn.edu/iiif/2/922e077d-b1a8-427c-871e-7e0da310423f
obj666,Dr. Morais on Sheridan.,The Jewish Exponent,Philadelphia,"[n.d.],  [n.d.]",[n.d.],,[n.d.],"https://iiif-images.library.upenn.edu/iiif/2/922e077d-b1a8-427c-871e-7e0da310423f/full/!200,200/0/default.jpg","https://iiif-images.library.upenn.edu/iiif/2/922e077d-b1a8-427c-871e-7e0da310423f/full/3500,/0/default.jpg",404,https://iiif-images.library.upenn.edu/iiif/3/922e077d-b1a8-427c-871e-7e0da310423f/info.json,"Jewish Exponent (Philadelphia)|Sheridan, General",680,https://digitalrepository.library.upenn.edu/iiif/2/items/dc71c7fc-63d6-40e0-908e-ba8930064eba/manifest,https://iiif-images.library.upenn.edu/iiif/2/922e077d-b1a8-427c-871e-7e0da310423f
obj667,Report of the Committee.,The Jewish Exponent,Philadelphia,"December, 1888",December,,1888,"https://iiif-images.library.upenn.edu/iiif/2/922e077d-b1a8-427c-871e-7e0da310423f/full/!200,200/0/default.jpg","https://iiif-images.library.upenn.edu/iiif/2/922e077d-b1a8-427c-871e-7e0da310423f/full/3500,/0/default.jpg",404,https://iiif-images.library.upenn.edu/iiif/3/922e077d-b1a8-427c-871e-7e0da310423f/info.json,"Jacobs, Henry S.|Jewish Exponent (Philadelphia)",681,https://digitalrepository.library.upenn.edu/iiif/2/items/dc71c7fc-63d6-40e0-908e-ba8930064eba/manifest,https://iiif-images.library.upenn.edu/iiif/2/922e077d-b1a8-427c-871e-7e0da310423f
obj668,Dr. Morais suggested the publishing of [...].,The Jewish Exponent,Philadelphia,"December, 1888",December,,1888,"https://iiif-images.library.upenn.edu/iiif/2/922e077d-b1a8-427c-871e-7e0da310423f/full/!200,200/0/default.jpg","https://iiif-images.library.upenn.edu/iiif/2/922e077d-b1a8-427c-871e-7e0da310423f/full/3500,/0/default.jpg",404,https://iiif-images.library.upenn.edu/iiif/3/922e077d-b1a8-427c-871e-7e0da310423f/info.json,"Aruch Completum|Jewish Exponent (Philadelphia)|Kohut, Dr. Alexander",682,https://digitalrepository.library.upenn.edu/iiif/2/items/dc71c7fc-63d6-40e0-908e-ba8930064eba/manifest,https://iiif-images.library.upenn.edu/iiif/2/922e077d-b1a8-427c-871e-7e0da310423f
obj669,Dr. Morais Preaches about the Seminary.,The Jewish Exponent,Philadelphia,"December 30, 1887",30-Dec,,1887,"https://iiif-images.library.upenn.edu/iiif/2/ca4db697-f549-44a4-9775-c6d429577eac/full/!200,200/0/default.jpg","https://iiif-images.library.upenn.edu/iiif/2/ca4db697-f549-44a4-9775-c6d429577eac/full/3500,/0/default.jpg",405,https://iiif-images.library.upenn.edu/iiif/3/ca4db697-f549-44a4-9775-c6d429577eac/info.json,Jewish Exponent (Philadelphia)|Jewish Theological Seminary,683,https://digitalrepository.library.upenn.edu/iiif/2/items/dc71c7fc-63d6-40e0-908e-ba8930064eba/manifest,https://iiif-images.library.upenn.edu/iiif/2/ca4db697-f549-44a4-9775-c6d429577eac
obj670,"The Hebrew Literary Society. An Interesting Meeting. Lecture Essay, and Review.",The Jewish Exponent,Philadelphia,"December 30, 1887",30-Dec,,1887,"https://iiif-images.library.upenn.edu/iiif/2/ca4db697-f549-44a4-9775-c6d429577eac/full/!200,200/0/default.jpg","https://iiif-images.library.upenn.edu/iiif/2/ca4db697-f549-44a4-9775-c6d429577eac/full/3500,/0/default.jpg",405,https://iiif-images.library.upenn.edu/iiif/3/ca4db697-f549-44a4-9775-c6d429577eac/info.json,"Eichholz, Adolph|Hebrew Literary Society|Jewish Exponent (Philadelphia)|Philippson (of Baltimore), David|Rodriguez, Donna Mayor|Spencer, Herbert|Young Men's Hebrew Association",684,https://digitalrepository.library.upenn.edu/iiif/2/items/dc71c7fc-63d6-40e0-908e-ba8930064eba/manifest,https://iiif-images.library.upenn.edu/iiif/2/ca4db697-f549-44a4-9775-c6d429577eac
obj671,Mikve Israel.,The Jewish Exponent,Philadelphia,"September 14, 1888",14-Sep,,1888,"https://iiif-images.library.upenn.edu/iiif/2/368644f2-06d4-4cfd-aeeb-973ae86fdcd5/full/!200,200/0/default.jpg","https://iiif-images.library.upenn.edu/iiif/2/368644f2-06d4-4cfd-aeeb-973ae86fdcd5/full/3500,/0/default.jpg",406,https://iiif-images.library.upenn.edu/iiif/3/368644f2-06d4-4cfd-aeeb-973ae86fdcd5/info.json,Jewish Exponent (Philadelphia)|Rosh Hashanah,685,https://digitalrepository.library.upenn.edu/iiif/2/items/dc71c7fc-63d6-40e0-908e-ba8930064eba/manifest,https://iiif-images.library.upenn.edu/iiif/2/368644f2-06d4-4cfd-aeeb-973ae86fdcd5
obj672,Yom Kippur. How the Great Day was Observed [...].,The Jewish Exponent,Philadelphia,"September 19, 1888",19-Sep,,1888,"https://iiif-images.library.upenn.edu/iiif/2/368644f2-06d4-4cfd-aeeb-973ae86fdcd5/full/!200,200/0/default.jpg","https://iiif-images.library.upenn.edu/iiif/2/368644f2-06d4-4cfd-aeeb-973ae86fdcd5/full/3500,/0/default.jpg",406,https://iiif-images.library.upenn.edu/iiif/3/368644f2-06d4-4cfd-aeeb-973ae86fdcd5/info.json,Jewish Exponent (Philadelphia)|Yom Kippur,686,https://digitalrepository.library.upenn.edu/iiif/2/items/dc71c7fc-63d6-40e0-908e-ba8930064eba/manifest,https://iiif-images.library.upenn.edu/iiif/2/368644f2-06d4-4cfd-aeeb-973ae86fdcd5
obj673,For Purim.,The Jewish Exponent,Philadelphia,"February 24, 1888",24-Feb,,1888,"https://iiif-images.library.upenn.edu/iiif/2/a4cae290-5e4e-4516-b9fe-0fad27fb1dcf/full/!200,200/0/default.jpg","https://iiif-images.library.upenn.edu/iiif/2/a4cae290-5e4e-4516-b9fe-0fad27fb1dcf/full/3500,/0/default.jpg",407,https://iiif-images.library.upenn.edu/iiif/3/a4cae290-5e4e-4516-b9fe-0fad27fb1dcf/info.json,Jewish Exponent (Philadelphia)|Purim,687,https://digitalrepository.library.upenn.edu/iiif/2/items/dc71c7fc-63d6-40e0-908e-ba8930064eba/manifest,https://iiif-images.library.upenn.edu/iiif/2/a4cae290-5e4e-4516-b9fe-0fad27fb1dcf
obj674,Cremieux as a Worker.,The Jewish Exponent,Philadelphia,"February 24, 1888",24-Feb,,1888,"https://iiif-images.library.upenn.edu/iiif/2/a4cae290-5e4e-4516-b9fe-0fad27fb1dcf/full/!200,200/0/default.jpg","https://iiif-images.library.upenn.edu/iiif/2/a4cae290-5e4e-4516-b9fe-0fad27fb1dcf/full/3500,/0/default.jpg",407,https://iiif-images.library.upenn.edu/iiif/3/a4cae290-5e4e-4516-b9fe-0fad27fb1dcf/info.json,"Alliance IsraA?lite Universelle|Cremieux, Isaac Adolphe|Jewish Exponent (Philadelphia)",688,https://digitalrepository.library.upenn.edu/iiif/2/items/dc71c7fc-63d6-40e0-908e-ba8930064eba/manifest,https://iiif-images.library.upenn.edu/iiif/2/a4cae290-5e4e-4516-b9fe-0fad27fb1dcf
obj675,Philadelphia City News. The Hebrew Literary Society.,The Jewish Exponent,Philadelphia,"February 24, 1888",24-Feb,,1888,"https://iiif-images.library.upenn.edu/iiif/2/a4cae290-5e4e-4516-b9fe-0fad27fb1dcf/full/!200,200/0/default.jpg","https://iiif-images.library.upenn.edu/iiif/2/a4cae290-5e4e-4516-b9fe-0fad27fb1dcf/full/3500,/0/default.jpg",407,https://iiif-images.library.upenn.edu/iiif/3/a4cae290-5e4e-4516-b9fe-0fad27fb1dcf/info.json,"Hebrew Literary Society|Hoffman, Charles|Hoffman, David|Jewish Exponent (Philadelphia)|Lederer, Ephraim|Weil, Jacob",689,https://digitalrepository.library.upenn.edu/iiif/2/items/dc71c7fc-63d6-40e0-908e-ba8930064eba/manifest,https://iiif-images.library.upenn.edu/iiif/2/a4cae290-5e4e-4516-b9fe-0fad27fb1dcf
obj676,To My Jewish Brethren in the Ministry at New York.,American Hebrew,New York,"January 18, 1889",18-Jan,,1889,"https://iiif-images.library.upenn.edu/iiif/2/553c69db-65e7-4e81-8b5a-bb134bb96485/full/!200,200/0/default.jpg","https://iiif-images.library.upenn.edu/iiif/2/553c69db-65e7-4e81-8b5a-bb134bb96485/full/3500,/0/default.jpg",408,https://iiif-images.library.upenn.edu/iiif/3/553c69db-65e7-4e81-8b5a-bb134bb96485/info.json,"American Hebrew|Hirsch, Moses de|Marranos of Hamburg|Veneziani, Emanuel",690,https://digitalrepository.library.upenn.edu/iiif/2/items/dc71c7fc-63d6-40e0-908e-ba8930064eba/manifest,https://iiif-images.library.upenn.edu/iiif/2/553c69db-65e7-4e81-8b5a-bb134bb96485
obj677,Dr. Morais's Letter. [To] Rev. Dr. Pereira Mendes: [...].,New York Herald,New York,"January 16, 1889",16-Jan,,1889,"https://iiif-images.library.upenn.edu/iiif/2/553c69db-65e7-4e81-8b5a-bb134bb96485/full/!200,200/0/default.jpg","https://iiif-images.library.upenn.edu/iiif/2/553c69db-65e7-4e81-8b5a-bb134bb96485/full/3500,/0/default.jpg",408,https://iiif-images.library.upenn.edu/iiif/3/553c69db-65e7-4e81-8b5a-bb134bb96485/info.json,"Ha-Maggid|Hirsch, D. Gordon|Hirsch, Moses de|Mendes, H. Pereira|Racah, Prof. Leon|Veneziani, Emanuel",691,https://digitalrepository.library.upenn.edu/iiif/2/items/dc71c7fc-63d6-40e0-908e-ba8930064eba/manifest,https://iiif-images.library.upenn.edu/iiif/2/553c69db-65e7-4e81-8b5a-bb134bb96485
obj678,"Rev. Dr. S. Morais, of the Mikve Israel Synagogue [...].",The Sunday Dispatch,Philadelphia,"January 13, 1889",13-Jan,,1889,"https://iiif-images.library.upenn.edu/iiif/2/553c69db-65e7-4e81-8b5a-bb134bb96485/full/!200,200/0/default.jpg","https://iiif-images.library.upenn.edu/iiif/2/553c69db-65e7-4e81-8b5a-bb134bb96485/full/3500,/0/default.jpg",408,https://iiif-images.library.upenn.edu/iiif/3/553c69db-65e7-4e81-8b5a-bb134bb96485/info.json,"Hirsch, Moses de|Sunday Dispatch, The|Veneziani, Emanuel",692,https://digitalrepository.library.upenn.edu/iiif/2/items/dc71c7fc-63d6-40e0-908e-ba8930064eba/manifest,https://iiif-images.library.upenn.edu/iiif/2/553c69db-65e7-4e81-8b5a-bb134bb96485
obj679,Baron Hirsch's Interview. What the Rev. Dr. Morais Thinks of It. A Lecture on the Reported Utterances of the Great French Banker and Philanthropist.,The Public Ledger,Philadelphia,"January 21, 1889",21-Jan,,1889,"https://iiif-images.library.upenn.edu/iiif/2/ebf39b37-cb99-46c5-af2b-31b7e42a5f62/full/!200,200/0/default.jpg","https://iiif-images.library.upenn.edu/iiif/2/ebf39b37-cb99-46c5-af2b-31b7e42a5f62/full/3500,/0/default.jpg",409,https://iiif-images.library.upenn.edu/iiif/3/ebf39b37-cb99-46c5-af2b-31b7e42a5f62/info.json,"Hirsch, Moses de|Public Ledger, The|Veneziani, Emanuel",693,https://digitalrepository.library.upenn.edu/iiif/2/items/dc71c7fc-63d6-40e0-908e-ba8930064eba/manifest,https://iiif-images.library.upenn.edu/iiif/2/ebf39b37-cb99-46c5-af2b-31b7e42a5f62
obj680,"In Memory of Chevalier Veneziani. An Address delivered last Sabbath, by Rev. Dr. S. Morais.",The Jewish Exponent,Philadelphia,"March 1, 1889",1-Mar,,1889,"https://iiif-images.library.upenn.edu/iiif/2/5e20015e-93bd-4b0f-ab68-ec765b7e66b2/full/!200,200/0/default.jpg","https://iiif-images.library.upenn.edu/iiif/2/5e20015e-93bd-4b0f-ab68-ec765b7e66b2/full/3500,/0/default.jpg",410,https://iiif-images.library.upenn.edu/iiif/3/5e20015e-93bd-4b0f-ab68-ec765b7e66b2/info.json,"Alliance IsraA?lite Universelle|Hirsch, Moses de|Jewish Exponent (Philadelphia)|Montefiore, Moses|Veneziani, Emanuel",694,https://digitalrepository.library.upenn.edu/iiif/2/items/dc71c7fc-63d6-40e0-908e-ba8930064eba/manifest,https://iiif-images.library.upenn.edu/iiif/2/5e20015e-93bd-4b0f-ab68-ec765b7e66b2
obj681,"A Noble Life. A Poor Jewish Boy and the Good he did for Humanity. Reminiscences of Chevalier Emanuel Felix Veneziani, the Advisor and Almoner of Baron de Hirsch.",Public Ledger,Philadelphia,"March 9, 1889",9-Mar,,1889,"https://iiif-images.library.upenn.edu/iiif/2/60f5e85a-15a0-4503-bed8-0d9a914f86ad/full/!200,200/0/default.jpg","https://iiif-images.library.upenn.edu/iiif/2/60f5e85a-15a0-4503-bed8-0d9a914f86ad/full/3500,/0/default.jpg",411,https://iiif-images.library.upenn.edu/iiif/3/60f5e85a-15a0-4503-bed8-0d9a914f86ad/info.json,"Alatrini|Benedetti, Salvatore de|Fiorentino, Abram & Samuel|Heilprin, Heilprin|Hirsch, Moses de|Montefiore, Moses|Morais, Henry S.|Public Ledger, The|Veneziani, Emanuel|Veneziani, Victor",695,https://digitalrepository.library.upenn.edu/iiif/2/items/dc71c7fc-63d6-40e0-908e-ba8930064eba/manifest,https://iiif-images.library.upenn.edu/iiif/2/60f5e85a-15a0-4503-bed8-0d9a914f86ad
obj682,Baron de Hirsch's Liberality. A Suggestion to the Jewish World.,The Jewish Exponent,Philadelphia,"[n.d.],  [n.d.]",[n.d.],,[n.d.],"https://iiif-images.library.upenn.edu/iiif/2/dd6858fd-ba4b-4205-bfcb-d01ee5ebf63a/full/!200,200/0/default.jpg","https://iiif-images.library.upenn.edu/iiif/2/dd6858fd-ba4b-4205-bfcb-d01ee5ebf63a/full/3500,/0/default.jpg",412,https://iiif-images.library.upenn.edu/iiif/3/dd6858fd-ba4b-4205-bfcb-d01ee5ebf63a/info.json,"Alliance IsraA?lite Universelle|Corri?re Israelitico (of Trieste)|Hirsch, Moses de|Jewish Exponent (Philadelphia)|Racah, Prof. Leon",696,https://digitalrepository.library.upenn.edu/iiif/2/items/dc71c7fc-63d6-40e0-908e-ba8930064eba/manifest,https://iiif-images.library.upenn.edu/iiif/2/dd6858fd-ba4b-4205-bfcb-d01ee5ebf63a
obj683,About a Hebrew Grammarian.,The Jewish Exponent,Philadelphia,"[n.d.],  [n.d.]",[n.d.],,[n.d.],"https://iiif-images.library.upenn.edu/iiif/2/dd6858fd-ba4b-4205-bfcb-d01ee5ebf63a/full/!200,200/0/default.jpg","https://iiif-images.library.upenn.edu/iiif/2/dd6858fd-ba4b-4205-bfcb-d01ee5ebf63a/full/3500,/0/default.jpg",412,https://iiif-images.library.upenn.edu/iiif/3/dd6858fd-ba4b-4205-bfcb-d01ee5ebf63a/info.json,"Corri?re Israelitico (of Trieste)|Ibn Ganach, Jonah|Jewish Exponent (Philadelphia)|Perreau, Pietro",697,https://digitalrepository.library.upenn.edu/iiif/2/items/dc71c7fc-63d6-40e0-908e-ba8930064eba/manifest,https://iiif-images.library.upenn.edu/iiif/2/dd6858fd-ba4b-4205-bfcb-d01ee5ebf63a
obj684,[untitled],The Jewish Exponent,Philadelphia,"March 15, 1889",15-Mar,,1889,"https://iiif-images.library.upenn.edu/iiif/2/8c3684df-5c68-48f0-8f9d-cf8bd3ef7cd9/full/!200,200/0/default.jpg","https://iiif-images.library.upenn.edu/iiif/2/8c3684df-5c68-48f0-8f9d-cf8bd3ef7cd9/full/3500,/0/default.jpg",413,https://iiif-images.library.upenn.edu/iiif/3/8c3684df-5c68-48f0-8f9d-cf8bd3ef7cd9/info.json,Jewish Exponent (Philadelphia)|Purim,698,https://digitalrepository.library.upenn.edu/iiif/2/items/dc71c7fc-63d6-40e0-908e-ba8930064eba/manifest,https://iiif-images.library.upenn.edu/iiif/2/8c3684df-5c68-48f0-8f9d-cf8bd3ef7cd9
obj685,Jew and Gentile.,The Jewish Exponent,Philadelphia,"March 15, 1889",15-Mar,,1889,"https://iiif-images.library.upenn.edu/iiif/2/8c3684df-5c68-48f0-8f9d-cf8bd3ef7cd9/full/!200,200/0/default.jpg","https://iiif-images.library.upenn.edu/iiif/2/8c3684df-5c68-48f0-8f9d-cf8bd3ef7cd9/full/3500,/0/default.jpg",413,https://iiif-images.library.upenn.edu/iiif/3/8c3684df-5c68-48f0-8f9d-cf8bd3ef7cd9/info.json,"Bohne, Johanna von|Jewish Exponent (Philadelphia)|Le France Juive",699,https://digitalrepository.library.upenn.edu/iiif/2/items/dc71c7fc-63d6-40e0-908e-ba8930064eba/manifest,https://iiif-images.library.upenn.edu/iiif/2/8c3684df-5c68-48f0-8f9d-cf8bd3ef7cd9
obj686,Opening Prayer. By Rev. Dr. Sabato Morais.,[n.p.],[n.d.],,,,,"https://iiif-images.library.upenn.edu/iiif/2/8c3684df-5c68-48f0-8f9d-cf8bd3ef7cd9/full/!200,200/0/default.jpg","https://iiif-images.library.upenn.edu/iiif/2/8c3684df-5c68-48f0-8f9d-cf8bd3ef7cd9/full/3500,/0/default.jpg",413,https://iiif-images.library.upenn.edu/iiif/3/8c3684df-5c68-48f0-8f9d-cf8bd3ef7cd9/info.json,Home for Aged and Infirm Israelites,700,https://digitalrepository.library.upenn.edu/iiif/2/items/dc71c7fc-63d6-40e0-908e-ba8930064eba/manifest,https://iiif-images.library.upenn.edu/iiif/2/8c3684df-5c68-48f0-8f9d-cf8bd3ef7cd9
obj687,Morais's Thirty-Eighth Year of Service.,The Jewish Exponent,Philadelphia,"March, 1889",March,,1889,"https://iiif-images.library.upenn.edu/iiif/2/b54a77a1-ff9e-4d54-94fd-0135c8d85a5f/full/!200,200/0/default.jpg","https://iiif-images.library.upenn.edu/iiif/2/b54a77a1-ff9e-4d54-94fd-0135c8d85a5f/full/3500,/0/default.jpg",414,https://iiif-images.library.upenn.edu/iiif/3/b54a77a1-ff9e-4d54-94fd-0135c8d85a5f/info.json,"Jewish Exponent (Philadelphia)|and Ritual ""innovation""",701,https://digitalrepository.library.upenn.edu/iiif/2/items/dc71c7fc-63d6-40e0-908e-ba8930064eba/manifest,https://iiif-images.library.upenn.edu/iiif/2/b54a77a1-ff9e-4d54-94fd-0135c8d85a5f
obj688,Dr. Morais Discusses Moral Leprosy.,The Jewish Exponent,Philadelphia,"April [ ], 1889",April [ ],,1889,"https://iiif-images.library.upenn.edu/iiif/2/b54a77a1-ff9e-4d54-94fd-0135c8d85a5f/full/!200,200/0/default.jpg","https://iiif-images.library.upenn.edu/iiif/2/b54a77a1-ff9e-4d54-94fd-0135c8d85a5f/full/3500,/0/default.jpg",414,https://iiif-images.library.upenn.edu/iiif/3/b54a77a1-ff9e-4d54-94fd-0135c8d85a5f/info.json,"Arthur, Chester A.|Jewish Exponent (Philadelphia)|London Times|Pigott|Webster",702,https://digitalrepository.library.upenn.edu/iiif/2/items/dc71c7fc-63d6-40e0-908e-ba8930064eba/manifest,https://iiif-images.library.upenn.edu/iiif/2/b54a77a1-ff9e-4d54-94fd-0135c8d85a5f
obj689,Dr. Morais about a Hero of To-day.,The Jewish Exponent,Philadelphia,"May 10, 1889",10-May,,1889,"https://iiif-images.library.upenn.edu/iiif/2/b54a77a1-ff9e-4d54-94fd-0135c8d85a5f/full/!200,200/0/default.jpg","https://iiif-images.library.upenn.edu/iiif/2/b54a77a1-ff9e-4d54-94fd-0135c8d85a5f/full/3500,/0/default.jpg",414,https://iiif-images.library.upenn.edu/iiif/3/b54a77a1-ff9e-4d54-94fd-0135c8d85a5f/info.json,"Jewish Exponent (Philadelphia)|Murrell, Captain Hamilton|Washington, George",703,https://digitalrepository.library.upenn.edu/iiif/2/items/dc71c7fc-63d6-40e0-908e-ba8930064eba/manifest,https://iiif-images.library.upenn.edu/iiif/2/b54a77a1-ff9e-4d54-94fd-0135c8d85a5f
obj690,Dr. Morais at the Mikve Israel Synagogue.,The Jewish Exponent,Philadelphia,"May 3, 1889",3-May,,1889,"https://iiif-images.library.upenn.edu/iiif/2/e5552b5e-389c-46d2-9777-94516ee044eb/full/!200,200/0/default.jpg","https://iiif-images.library.upenn.edu/iiif/2/e5552b5e-389c-46d2-9777-94516ee044eb/full/3500,/0/default.jpg",415,https://iiif-images.library.upenn.edu/iiif/3/e5552b5e-389c-46d2-9777-94516ee044eb/info.json,Jewish Exponent (Philadelphia),704,https://digitalrepository.library.upenn.edu/iiif/2/items/dc71c7fc-63d6-40e0-908e-ba8930064eba/manifest,https://iiif-images.library.upenn.edu/iiif/2/e5552b5e-389c-46d2-9777-94516ee044eb
obj691,Carmel Colony's Condition. Report to the Trustees of the Baron de Hirsch Fund.,The Jewish Exponent,Philadelphia,"April 19, 1889",19-Apr,,1889,"https://iiif-images.library.upenn.edu/iiif/2/e5552b5e-389c-46d2-9777-94516ee044eb/full/!200,200/0/default.jpg","https://iiif-images.library.upenn.edu/iiif/2/e5552b5e-389c-46d2-9777-94516ee044eb/full/3500,/0/default.jpg",415,https://iiif-images.library.upenn.edu/iiif/3/e5552b5e-389c-46d2-9777-94516ee044eb/info.json,"Carmel Colony|Jewish Exponent (Philadelphia)|Vineland Colony, N.J.",705,https://digitalrepository.library.upenn.edu/iiif/2/items/dc71c7fc-63d6-40e0-908e-ba8930064eba/manifest,https://iiif-images.library.upenn.edu/iiif/2/e5552b5e-389c-46d2-9777-94516ee044eb
obj692,The Duty of American Israelites to Their Less Favored Brethren. A Discourse Delivered on the First Day of the Passover. By Rev. Dr. S. Morais.,The Jewish Exponent,Philadelphia,"April 26, 1889",26-Apr,,1889,"https://iiif-images.library.upenn.edu/iiif/2/cf4a2f7b-2566-4258-b3c9-c7000a943f72/full/!200,200/0/default.jpg","https://iiif-images.library.upenn.edu/iiif/2/cf4a2f7b-2566-4258-b3c9-c7000a943f72/full/3500,/0/default.jpg",416,https://iiif-images.library.upenn.edu/iiif/3/cf4a2f7b-2566-4258-b3c9-c7000a943f72/info.json,Jewish Exponent (Philadelphia),706,https://digitalrepository.library.upenn.edu/iiif/2/items/dc71c7fc-63d6-40e0-908e-ba8930064eba/manifest,https://iiif-images.library.upenn.edu/iiif/2/cf4a2f7b-2566-4258-b3c9-c7000a943f72
obj693,Ode to the Hebrew Language.,"The Menorah Monthly, Vol. III",New York,September 1887,September 1887,,,"https://iiif-images.library.upenn.edu/iiif/2/81109b20-dab9-4b17-b000-1bb40cfd105b/full/!200,200/0/default.jpg","https://iiif-images.library.upenn.edu/iiif/2/81109b20-dab9-4b17-b000-1bb40cfd105b/full/3500,/0/default.jpg",418,https://iiif-images.library.upenn.edu/iiif/3/81109b20-dab9-4b17-b000-1bb40cfd105b/info.json,Menorah Monthly,707,https://digitalrepository.library.upenn.edu/iiif/2/items/dc71c7fc-63d6-40e0-908e-ba8930064eba/manifest,https://iiif-images.library.upenn.edu/iiif/2/81109b20-dab9-4b17-b000-1bb40cfd105b
obj694,[Letter] To the Editor of The Menorah.,The Menorah Monthly,New York,"[n.d.],  [n.d.]",[n.d.],,[n.d.],"https://iiif-images.library.upenn.edu/iiif/2/fb1d73da-8474-4f0d-92a5-a4ad5c808271/full/!200,200/0/default.jpg","https://iiif-images.library.upenn.edu/iiif/2/fb1d73da-8474-4f0d-92a5-a4ad5c808271/full/3500,/0/default.jpg",419,https://iiif-images.library.upenn.edu/iiif/3/fb1d73da-8474-4f0d-92a5-a4ad5c808271/info.json,"Hebrew|Menorah Monthly|Sonnenschein (of Temple Israel, St. Louis), S. H.",708,https://digitalrepository.library.upenn.edu/iiif/2/items/dc71c7fc-63d6-40e0-908e-ba8930064eba/manifest,https://iiif-images.library.upenn.edu/iiif/2/fb1d73da-8474-4f0d-92a5-a4ad5c808271
obj695,The Hebrew Language.,The Menorah Monthly: pp. 217-222,New York,"[n.d.],  [n.d.]",[n.d.],,[n.d.],"https://iiif-images.library.upenn.edu/iiif/2/17d456e6-a5a6-481c-b358-2163a3edc559/full/!200,200/0/default.jpg","https://iiif-images.library.upenn.edu/iiif/2/17d456e6-a5a6-481c-b358-2163a3edc559/full/3500,/0/default.jpg","420,420c","https://iiif-images.library.upenn.edu/iiif/3/17d456e6-a5a6-481c-b358-2163a3edc559/info.json, https://iiif-images.library.upenn.edu/iiif/3/419586b7-7244-48fc-b205-f73dbca3a505/info.json",Hebrew|Hebrew Literary Society|Menorah Monthly,709,https://digitalrepository.library.upenn.edu/iiif/2/items/dc71c7fc-63d6-40e0-908e-ba8930064eba/manifest,https://iiif-images.library.upenn.edu/iiif/2/17d456e6-a5a6-481c-b358-2163a3edc559|https://iiif-images.library.upenn.edu/iiif/2/419586b7-7244-48fc-b205-f73dbca3a505
obj696,The Genius of the Hebrew Language. To Rev. Dr. Sabato Morais. (A Reply to the Ode published in the September Menorah) by S. H. Sonnenschein).,The Menorah Monthly,New York,"September 7, 1871",7-Sep,,1871,"https://iiif-images.library.upenn.edu/iiif/2/79b85dec-cf90-4dbd-b04a-1c93a153434f/full/!200,200/0/default.jpg","https://iiif-images.library.upenn.edu/iiif/2/79b85dec-cf90-4dbd-b04a-1c93a153434f/full/3500,/0/default.jpg",421,https://iiif-images.library.upenn.edu/iiif/3/79b85dec-cf90-4dbd-b04a-1c93a153434f/info.json,Hebrew|Menorah Monthly,710,https://digitalrepository.library.upenn.edu/iiif/2/items/dc71c7fc-63d6-40e0-908e-ba8930064eba/manifest,https://iiif-images.library.upenn.edu/iiif/2/79b85dec-cf90-4dbd-b04a-1c93a153434f
obj697,"Two Minds with Opposite Views. By Rev. Dr. Sabato Morais, Philadelphia [...].",Jewish Conference Papers [Offprint: pp. 9-15],,,,,,"https://iiif-images.library.upenn.edu/iiif/2/49a6e1bf-4e1e-4a5a-ba05-adbb941f4574/full/!200,200/0/default.jpg","https://iiif-images.library.upenn.edu/iiif/2/49a6e1bf-4e1e-4a5a-ba05-adbb941f4574/full/3500,/0/default.jpg","422,422c","https://iiif-images.library.upenn.edu/iiif/3/49a6e1bf-4e1e-4a5a-ba05-adbb941f4574/info.json, https://iiif-images.library.upenn.edu/iiif/3/774773d4-debc-438f-9a3f-8cdaf8880f1b/info.json","Benamozegh, Elias (of Leghorn)|Castellar: Castelli, David|Graetz, Dr. Heinrich|Steinschneider, Moritz",711,https://digitalrepository.library.upenn.edu/iiif/2/items/dc71c7fc-63d6-40e0-908e-ba8930064eba/manifest,https://iiif-images.library.upenn.edu/iiif/2/49a6e1bf-4e1e-4a5a-ba05-adbb941f4574|https://iiif-images.library.upenn.edu/iiif/2/774773d4-debc-438f-9a3f-8cdaf8880f1b
obj698,An Open Letter to Rev. Dr. Isaac M. Wise.,American Hebrew,New York,"June 28, 1889",28-Jun,,1889,"https://iiif-images.library.upenn.edu/iiif/2/f6d0cb5f-df6a-4d7e-bba5-6a45eea60866/full/!200,200/0/default.jpg","https://iiif-images.library.upenn.edu/iiif/2/f6d0cb5f-df6a-4d7e-bba5-6a45eea60866/full/3500,/0/default.jpg",423,https://iiif-images.library.upenn.edu/iiif/3/f6d0cb5f-df6a-4d7e-bba5-6a45eea60866/info.json,American Hebrew|Creating a unified American Rite,712,https://digitalrepository.library.upenn.edu/iiif/2/items/dc71c7fc-63d6-40e0-908e-ba8930064eba/manifest,https://iiif-images.library.upenn.edu/iiif/2/f6d0cb5f-df6a-4d7e-bba5-6a45eea60866
obj699,The Rev. Dr. S. Morais: [...].,The Jewish Exponent,Philadelphia,"July 26, 1889",26-Jul,,1889,"https://iiif-images.library.upenn.edu/iiif/2/58b3e5e5-7f04-40bf-afe9-7a2ce993be02/full/!200,200/0/default.jpg","https://iiif-images.library.upenn.edu/iiif/2/58b3e5e5-7f04-40bf-afe9-7a2ce993be02/full/3500,/0/default.jpg",424,https://iiif-images.library.upenn.edu/iiif/3/58b3e5e5-7f04-40bf-afe9-7a2ce993be02/info.json,Jewish Exponent (Philadelphia)|Torres,713,https://digitalrepository.library.upenn.edu/iiif/2/items/dc71c7fc-63d6-40e0-908e-ba8930064eba/manifest,https://iiif-images.library.upenn.edu/iiif/2/58b3e5e5-7f04-40bf-afe9-7a2ce993be02
obj700,A Rejoinder to Rev. Dr. I. M. Wise.,American Hebrew,New York,"August 2, 1889",2-Aug,,1889,"https://iiif-images.library.upenn.edu/iiif/2/0e5b8918-fd44-4cf4-a29d-d7c41527b90b/full/!200,200/0/default.jpg","https://iiif-images.library.upenn.edu/iiif/2/0e5b8918-fd44-4cf4-a29d-d7c41527b90b/full/3500,/0/default.jpg",425,https://iiif-images.library.upenn.edu/iiif/3/0e5b8918-fd44-4cf4-a29d-d7c41527b90b/info.json,"American Hebrew|Leeser, Rev I.|and Ritual ""innovation""|Wise, I. M.",714,https://digitalrepository.library.upenn.edu/iiif/2/items/dc71c7fc-63d6-40e0-908e-ba8930064eba/manifest,https://iiif-images.library.upenn.edu/iiif/2/0e5b8918-fd44-4cf4-a29d-d7c41527b90b
obj701,Historical Outlines. By S. Morais.,The Menorah Monthly,New York,"August, 1889",August,,1889,"https://iiif-images.library.upenn.edu/iiif/2/3e5685b1-5178-4a73-ba86-d499a17de07f/full/!200,200/0/default.jpg","https://iiif-images.library.upenn.edu/iiif/2/3e5685b1-5178-4a73-ba86-d499a17de07f/full/3500,/0/default.jpg",426,https://iiif-images.library.upenn.edu/iiif/3/3e5685b1-5178-4a73-ba86-d499a17de07f/info.json,"Alatri, Samuel|Benamozegh, Elias (of Leghorn)|Cohn, Albert|Mazzini, Joseph|Menorah Monthly|Metternich, Prince C.|Piperno, Abraham Benedict|Portuguese Orphan School|Rosselli family",715,https://digitalrepository.library.upenn.edu/iiif/2/items/dc71c7fc-63d6-40e0-908e-ba8930064eba/manifest,https://iiif-images.library.upenn.edu/iiif/2/3e5685b1-5178-4a73-ba86-d499a17de07f
obj702,Historical Outlines. By S. Morais. [Continued].,The Menorah Monthly,New York,"August, 1889",August,,1889,"https://iiif-images.library.upenn.edu/iiif/2/1dd52440-52db-4ce3-83b7-edd92b0d1f9e/full/!200,200/0/default.jpg","https://iiif-images.library.upenn.edu/iiif/2/1dd52440-52db-4ce3-83b7-edd92b0d1f9e/full/3500,/0/default.jpg",427,https://iiif-images.library.upenn.edu/iiif/3/1dd52440-52db-4ce3-83b7-edd92b0d1f9e/info.json,"Artom, Isaac|Cavalieri, E.: Cavour, C.|Maurogonato, Isaac Pesaro|Menorah Monthly|Victor Emmanuel II (King of Italy)",716,https://digitalrepository.library.upenn.edu/iiif/2/items/dc71c7fc-63d6-40e0-908e-ba8930064eba/manifest,https://iiif-images.library.upenn.edu/iiif/2/1dd52440-52db-4ce3-83b7-edd92b0d1f9e
obj703,Historical Outlines. By S. Morais. [Continued].,The Menorah Monthly,New York,"August, 1889",August,,1889,"https://iiif-images.library.upenn.edu/iiif/2/6ebda587-32ff-4a32-a156-ff3a2a125eb3/full/!200,200/0/default.jpg","https://iiif-images.library.upenn.edu/iiif/2/6ebda587-32ff-4a32-a156-ff3a2a125eb3/full/3500,/0/default.jpg",428,https://iiif-images.library.upenn.edu/iiif/3/6ebda587-32ff-4a32-a156-ff3a2a125eb3/info.json,"Malvano, Alessandro|Menorah Monthly|Morais, Henry S.|New York Herald",717,https://digitalrepository.library.upenn.edu/iiif/2/items/dc71c7fc-63d6-40e0-908e-ba8930064eba/manifest,https://iiif-images.library.upenn.edu/iiif/2/6ebda587-32ff-4a32-a156-ff3a2a125eb3
obj704,Historical Outlines. By S. Morais. Tullo Massarani?Graziado Ascoli?David Levi.,The Menorah Monthly,,,,,,"https://iiif-images.library.upenn.edu/iiif/2/878ab11e-36da-4edf-8fe4-cdde538b015b/full/!200,200/0/default.jpg","https://iiif-images.library.upenn.edu/iiif/2/878ab11e-36da-4edf-8fe4-cdde538b015b/full/3500,/0/default.jpg",429,https://iiif-images.library.upenn.edu/iiif/3/878ab11e-36da-4edf-8fe4-cdde538b015b/info.json,"Massarani, Tullo|Menorah Monthly|Montefiore, Moses|Rothschild, Alphonse de|Verdi, Guiseppe (of Casale, Italy)",718,https://digitalrepository.library.upenn.edu/iiif/2/items/dc71c7fc-63d6-40e0-908e-ba8930064eba/manifest,https://iiif-images.library.upenn.edu/iiif/2/878ab11e-36da-4edf-8fe4-cdde538b015b
obj705,Historical Outlines. By S. Morais. [Continued].,The Menorah Monthly,,,,,,"https://iiif-images.library.upenn.edu/iiif/2/526653ac-58ec-4539-ad8c-55a13d9bf4fe/full/!200,200/0/default.jpg","https://iiif-images.library.upenn.edu/iiif/2/526653ac-58ec-4539-ad8c-55a13d9bf4fe/full/3500,/0/default.jpg",430,https://iiif-images.library.upenn.edu/iiif/3/526653ac-58ec-4539-ad8c-55a13d9bf4fe/info.json,"Ascoli, Graziadio|Illustrazione Italiane|Luzzatto, S.D. Prof.|Massarani, Tullo|Menorah Monthly|Renan, Ernest",719,https://digitalrepository.library.upenn.edu/iiif/2/items/dc71c7fc-63d6-40e0-908e-ba8930064eba/manifest,https://iiif-images.library.upenn.edu/iiif/2/526653ac-58ec-4539-ad8c-55a13d9bf4fe
obj706,Historical Outlines. By S. Morais. [Continued].,The Menorah Monthly,New York,"August, 1889",August,,1889,"https://iiif-images.library.upenn.edu/iiif/2/064b5791-c9b0-44d0-a74c-c02958b36479/full/!200,200/0/default.jpg","https://iiif-images.library.upenn.edu/iiif/2/064b5791-c9b0-44d0-a74c-c02958b36479/full/3500,/0/default.jpg",431,https://iiif-images.library.upenn.edu/iiif/3/064b5791-c9b0-44d0-a74c-c02958b36479/info.json,"Ascoli, Graziadio|Levi, David (of Turin)|Menorah Monthly",720,https://digitalrepository.library.upenn.edu/iiif/2/items/dc71c7fc-63d6-40e0-908e-ba8930064eba/manifest,https://iiif-images.library.upenn.edu/iiif/2/064b5791-c9b0-44d0-a74c-c02958b36479
obj707,Historical Outlines. By S. Morais. [Continued].,The Menorah Monthly,New York,"August, 1889",August,,1889,"https://iiif-images.library.upenn.edu/iiif/2/e9c72af9-5a64-4fea-88a0-d594626bf58e/full/!200,200/0/default.jpg","https://iiif-images.library.upenn.edu/iiif/2/e9c72af9-5a64-4fea-88a0-d594626bf58e/full/3500,/0/default.jpg",432,https://iiif-images.library.upenn.edu/iiif/3/e9c72af9-5a64-4fea-88a0-d594626bf58e/info.json,"Bruno, Giordano|La Nazione|Levi, David (of Turin)|Menorah Monthly",721,https://digitalrepository.library.upenn.edu/iiif/2/items/dc71c7fc-63d6-40e0-908e-ba8930064eba/manifest,https://iiif-images.library.upenn.edu/iiif/2/e9c72af9-5a64-4fea-88a0-d594626bf58e
obj708,Historical Outlines. By S. Morais. Luzzatti - Franchetti - Arbib,The Menorah Monthly,New York,"August, 1889",August,,1889,"https://iiif-images.library.upenn.edu/iiif/2/ae094cad-6b57-4d32-8faa-df02150a2526/full/!200,200/0/default.jpg","https://iiif-images.library.upenn.edu/iiif/2/ae094cad-6b57-4d32-8faa-df02150a2526/full/3500,/0/default.jpg",433,https://iiif-images.library.upenn.edu/iiif/3/ae094cad-6b57-4d32-8faa-df02150a2526/info.json,"Arbib Family (Edoardo, Giacomo & Lelio)|Corri?re Israelitico (of Trieste)|Fould|Gazzetta de Montova|Luzzatti, Luigi|Menorah Monthly",722,https://digitalrepository.library.upenn.edu/iiif/2/items/dc71c7fc-63d6-40e0-908e-ba8930064eba/manifest,https://iiif-images.library.upenn.edu/iiif/2/ae094cad-6b57-4d32-8faa-df02150a2526
obj709,Historical Outlines. By S. Morais. [Continued].,The Menorah Monthly,New York,"August, 1889",August,,1889,"https://iiif-images.library.upenn.edu/iiif/2/12abbcaa-749e-40e8-b5a7-13e7f56218df/full/!200,200/0/default.jpg","https://iiif-images.library.upenn.edu/iiif/2/12abbcaa-749e-40e8-b5a7-13e7f56218df/full/3500,/0/default.jpg",434,https://iiif-images.library.upenn.edu/iiif/3/12abbcaa-749e-40e8-b5a7-13e7f56218df/info.json,"Franchetti, Alberto|Franchetti, Augusto|Franchetti, Guiseppe|Franchetti, Odoardo|Menorah Monthly",723,https://digitalrepository.library.upenn.edu/iiif/2/items/dc71c7fc-63d6-40e0-908e-ba8930064eba/manifest,https://iiif-images.library.upenn.edu/iiif/2/12abbcaa-749e-40e8-b5a7-13e7f56218df
obj710,Historical Outlines. By S. Morais. [Concluded].,The Menorah Monthly,New York,"August, 1889",August,,1889,"https://iiif-images.library.upenn.edu/iiif/2/2681fb7b-756a-44b9-b107-1f337fad0c98/full/!200,200/0/default.jpg","https://iiif-images.library.upenn.edu/iiif/2/2681fb7b-756a-44b9-b107-1f337fad0c98/full/3500,/0/default.jpg",435,https://iiif-images.library.upenn.edu/iiif/3/2681fb7b-756a-44b9-b107-1f337fad0c98/info.json,"Arbib Family (Edoardo, Giacomo & Lelio)|Fontana, Ferdinando|Franchetti, Alberto|Menorah Monthly",724,https://digitalrepository.library.upenn.edu/iiif/2/items/dc71c7fc-63d6-40e0-908e-ba8930064eba/manifest,https://iiif-images.library.upenn.edu/iiif/2/2681fb7b-756a-44b9-b107-1f337fad0c98
obj711,A Few Salient Points. From an Article in Rappaport's Rabbinical Encyclopedia. Selected by S. Morais.,American Hebrew,New York,"November 8, 1889",8-Nov,,1889,"https://iiif-images.library.upenn.edu/iiif/2/53de638d-1314-4524-a1f1-dfde4cc2394e/full/!200,200/0/default.jpg","https://iiif-images.library.upenn.edu/iiif/2/53de638d-1314-4524-a1f1-dfde4cc2394e/full/3500,/0/default.jpg",436,https://iiif-images.library.upenn.edu/iiif/3/53de638d-1314-4524-a1f1-dfde4cc2394e/info.json,"American Hebrew|Rapoport, S.L.|Encyclopedia",725,https://digitalrepository.library.upenn.edu/iiif/2/items/dc71c7fc-63d6-40e0-908e-ba8930064eba/manifest,https://iiif-images.library.upenn.edu/iiif/2/53de638d-1314-4524-a1f1-dfde4cc2394e
obj712,The Late Chief Rabbi. A Tribute to Dr. N. M. Adler by Rev. Dr. Morais.,The Jewish Exponent,Philadelphia,"January 31, 1890",31-Jan,,1890,"https://iiif-images.library.upenn.edu/iiif/2/b490ffdf-dd5b-47e1-88e5-5c0ac3ff48c0/full/!200,200/0/default.jpg","https://iiif-images.library.upenn.edu/iiif/2/b490ffdf-dd5b-47e1-88e5-5c0ac3ff48c0/full/3500,/0/default.jpg",437,https://iiif-images.library.upenn.edu/iiif/3/b490ffdf-dd5b-47e1-88e5-5c0ac3ff48c0/info.json,"Adler, Dr. Nathan M. (Chief Rabbi of Great Britain)|Jewish Exponent (Philadelphia)",726,https://digitalrepository.library.upenn.edu/iiif/2/items/dc71c7fc-63d6-40e0-908e-ba8930064eba/manifest,https://iiif-images.library.upenn.edu/iiif/2/b490ffdf-dd5b-47e1-88e5-5c0ac3ff48c0
obj713,The Lord Mayor's Folly. Rev. Dr. Morais Deprecates London Jewish Conservatism's Decline.,The Jewish Exponent,Philadelphia,"November 15, 1889",15-Nov,,1889,"https://iiif-images.library.upenn.edu/iiif/2/e43391d5-e8c4-4c5d-b0cb-1d384bdc2e59/full/!200,200/0/default.jpg","https://iiif-images.library.upenn.edu/iiif/2/e43391d5-e8c4-4c5d-b0cb-1d384bdc2e59/full/3500,/0/default.jpg",438,https://iiif-images.library.upenn.edu/iiif/3/e43391d5-e8c4-4c5d-b0cb-1d384bdc2e59/info.json,"Adler, Herman|Alliance IsraA?lite Universelle|Anglo-Jewish Association|Goldsmid, Franics|Goldsmid, Julian|Isaacs, Henry Aaron|Jewish Exponent (Philadelphia)|London Jewish Press|London's Jewish Lord Mayor|Montefiore, Moses|Rothschild, Lionel de|Salomons, David",727,https://digitalrepository.library.upenn.edu/iiif/2/items/dc71c7fc-63d6-40e0-908e-ba8930064eba/manifest,https://iiif-images.library.upenn.edu/iiif/2/e43391d5-e8c4-4c5d-b0cb-1d384bdc2e59
obj714,"The report of the President of the faculty, Rev. Dr. S. Morais, was then presented [...].",The Jewish Exponent,Philadelphia,"March 21, 1890",21-Mar,,1890,"https://iiif-images.library.upenn.edu/iiif/2/82369cac-3471-4c54-88a4-96863b0f779e/full/!200,200/0/default.jpg","https://iiif-images.library.upenn.edu/iiif/2/82369cac-3471-4c54-88a4-96863b0f779e/full/3500,/0/default.jpg",439,https://iiif-images.library.upenn.edu/iiif/3/82369cac-3471-4c54-88a4-96863b0f779e/info.json,Jewish Exponent (Philadelphia)|Jewish Theological Seminary,728,https://digitalrepository.library.upenn.edu/iiif/2/items/dc71c7fc-63d6-40e0-908e-ba8930064eba/manifest,https://iiif-images.library.upenn.edu/iiif/2/82369cac-3471-4c54-88a4-96863b0f779e
obj715,"It was at this moment that the president of the faculty, Dr. S. Morais, entered [...].",[n.p.],[n.d.],,,,,"https://iiif-images.library.upenn.edu/iiif/2/82369cac-3471-4c54-88a4-96863b0f779e/full/!200,200/0/default.jpg","https://iiif-images.library.upenn.edu/iiif/2/82369cac-3471-4c54-88a4-96863b0f779e/full/3500,/0/default.jpg",439,https://iiif-images.library.upenn.edu/iiif/3/82369cac-3471-4c54-88a4-96863b0f779e/info.json,Jewish Theological Seminary,729,https://digitalrepository.library.upenn.edu/iiif/2/items/dc71c7fc-63d6-40e0-908e-ba8930064eba/manifest,https://iiif-images.library.upenn.edu/iiif/2/82369cac-3471-4c54-88a4-96863b0f779e
obj716,Dr Morais on Mr. Randall.,The Public Ledger,Philadelphia,"April 21, 1890",21-Apr,,1890,"https://iiif-images.library.upenn.edu/iiif/2/b488b672-15ee-4c3e-b47e-071729961da4/full/!200,200/0/default.jpg","https://iiif-images.library.upenn.edu/iiif/2/b488b672-15ee-4c3e-b47e-071729961da4/full/3500,/0/default.jpg",440,https://iiif-images.library.upenn.edu/iiif/3/b488b672-15ee-4c3e-b47e-071729961da4/info.json,"Hirsch, Moses de|Public Ledger, The|Randall, Samuel J.",730,https://digitalrepository.library.upenn.edu/iiif/2/items/dc71c7fc-63d6-40e0-908e-ba8930064eba/manifest,https://iiif-images.library.upenn.edu/iiif/2/b488b672-15ee-4c3e-b47e-071729961da4
obj717,On Baron De Hirsch's Grant. A Discourse by Dr. S. Morais last Sabbath at Mikve Israel.,The Jewish Exponent,Philadelphia,"April 25, 1890",25-Apr,,1890,"https://iiif-images.library.upenn.edu/iiif/2/b488b672-15ee-4c3e-b47e-071729961da4/full/!200,200/0/default.jpg","https://iiif-images.library.upenn.edu/iiif/2/b488b672-15ee-4c3e-b47e-071729961da4/full/3500,/0/default.jpg",440,https://iiif-images.library.upenn.edu/iiif/3/b488b672-15ee-4c3e-b47e-071729961da4/info.json,"Gottheil, [Gustav] Dr.|Hirsch, Moses de|Jewish Exponent (Philadelphia)",731,https://digitalrepository.library.upenn.edu/iiif/2/items/dc71c7fc-63d6-40e0-908e-ba8930064eba/manifest,https://iiif-images.library.upenn.edu/iiif/2/b488b672-15ee-4c3e-b47e-071729961da4
obj718,Jewish Ministers and the Strikers.,[n.p.],[n.d.],,,,,"https://iiif-images.library.upenn.edu/iiif/2/595e5f3a-6600-4175-ae50-5765224bfb8d/full/!200,200/0/default.jpg","https://iiif-images.library.upenn.edu/iiif/2/595e5f3a-6600-4175-ae50-5765224bfb8d/full/3500,/0/default.jpg",441,https://iiif-images.library.upenn.edu/iiif/3/595e5f3a-6600-4175-ae50-5765224bfb8d/info.json,Cloakmakers Strike|Cloakmakers Union,732,https://digitalrepository.library.upenn.edu/iiif/2/items/dc71c7fc-63d6-40e0-908e-ba8930064eba/manifest,https://iiif-images.library.upenn.edu/iiif/2/595e5f3a-6600-4175-ae50-5765224bfb8d
obj719,Condition of the Jews in Russia. A Letter to Rabbi Morais from the American Minister.,[n.p.],[n.d.],,,,,"https://iiif-images.library.upenn.edu/iiif/2/595e5f3a-6600-4175-ae50-5765224bfb8d/full/!200,200/0/default.jpg","https://iiif-images.library.upenn.edu/iiif/2/595e5f3a-6600-4175-ae50-5765224bfb8d/full/3500,/0/default.jpg",441,https://iiif-images.library.upenn.edu/iiif/3/595e5f3a-6600-4175-ae50-5765224bfb8d/info.json,"Russian Jews|Smith, Charles Emory",733,https://digitalrepository.library.upenn.edu/iiif/2/items/dc71c7fc-63d6-40e0-908e-ba8930064eba/manifest,https://iiif-images.library.upenn.edu/iiif/2/595e5f3a-6600-4175-ae50-5765224bfb8d
obj720,Dr. Morais on Admission of Proselytes.,[n.p.],[n.d.],,,,,"https://iiif-images.library.upenn.edu/iiif/2/595e5f3a-6600-4175-ae50-5765224bfb8d/full/!200,200/0/default.jpg","https://iiif-images.library.upenn.edu/iiif/2/595e5f3a-6600-4175-ae50-5765224bfb8d/full/3500,/0/default.jpg",441,https://iiif-images.library.upenn.edu/iiif/3/595e5f3a-6600-4175-ae50-5765224bfb8d/info.json,"Berkowitz, Henry|Gellat, Roland B.|Proselytes",734,https://digitalrepository.library.upenn.edu/iiif/2/items/dc71c7fc-63d6-40e0-908e-ba8930064eba/manifest,https://iiif-images.library.upenn.edu/iiif/2/595e5f3a-6600-4175-ae50-5765224bfb8d
obj721,Four Decades. Rabbi Morais's Review of Events During 40 Years of His Ministry. The Hebrew Congregation Mickve Israel as It Was and as It Is - Thankfulness to God for his Gracious Benefits.,[n.p.],,"March 31, 1891",31-Mar,,1891,"https://iiif-images.library.upenn.edu/iiif/2/595e5f3a-6600-4175-ae50-5765224bfb8d/full/!200,200/0/default.jpg","https://iiif-images.library.upenn.edu/iiif/2/595e5f3a-6600-4175-ae50-5765224bfb8d/full/3500,/0/default.jpg",441,https://iiif-images.library.upenn.edu/iiif/3/595e5f3a-6600-4175-ae50-5765224bfb8d/info.json,70th Birthday,735,https://digitalrepository.library.upenn.edu/iiif/2/items/dc71c7fc-63d6-40e0-908e-ba8930064eba/manifest,https://iiif-images.library.upenn.edu/iiif/2/595e5f3a-6600-4175-ae50-5765224bfb8d
obj722,Ceremonialism Essential to Judaism. A Sermon for Kippur Eve by Rev. Dr. S. Morais.,The Jewish Exponent,Philadelphia,"October 3, 1890",3-Oct,,1890,"https://iiif-images.library.upenn.edu/iiif/2/6272cf0a-0fc3-4937-ac9c-816d838374ee/full/!200,200/0/default.jpg","https://iiif-images.library.upenn.edu/iiif/2/6272cf0a-0fc3-4937-ac9c-816d838374ee/full/3500,/0/default.jpg",442,https://iiif-images.library.upenn.edu/iiif/3/6272cf0a-0fc3-4937-ac9c-816d838374ee/info.json,Jewish Exponent (Philadelphia)|Yom Kippur,736,https://digitalrepository.library.upenn.edu/iiif/2/items/dc71c7fc-63d6-40e0-908e-ba8930064eba/manifest,https://iiif-images.library.upenn.edu/iiif/2/6272cf0a-0fc3-4937-ac9c-816d838374ee
obj723,Miss Ellen Phillips. A Tribute of Respect to Her Memory.,The Jewish Exponent,Philadelphia,"February 13, 1891",13-Feb,,1891,"https://iiif-images.library.upenn.edu/iiif/2/6272cf0a-0fc3-4937-ac9c-816d838374ee/full/!200,200/0/default.jpg","https://iiif-images.library.upenn.edu/iiif/2/6272cf0a-0fc3-4937-ac9c-816d838374ee/full/3500,/0/default.jpg",442,https://iiif-images.library.upenn.edu/iiif/3/6272cf0a-0fc3-4937-ac9c-816d838374ee/info.json,"Hebrew Sunday School of Philadelphia|Hirsch, Moses de|Jewish Exponent (Philadelphia)|Jewish Theological Seminary|Mendelssohn, Moses|Philips, Ellen",737,https://digitalrepository.library.upenn.edu/iiif/2/items/dc71c7fc-63d6-40e0-908e-ba8930064eba/manifest,https://iiif-images.library.upenn.edu/iiif/2/6272cf0a-0fc3-4937-ac9c-816d838374ee
obj724,"Dr. Wise's ""Pronads"" Reviewed.",The Jewish Exponent,Philadelphia,"August 14, 1891",14-Aug,,1891,"https://iiif-images.library.upenn.edu/iiif/2/04a87ad9-95d9-4ac4-89ed-dd4c6b08c5fc/full/!200,200/0/default.jpg","https://iiif-images.library.upenn.edu/iiif/2/04a87ad9-95d9-4ac4-89ed-dd4c6b08c5fc/full/3500,/0/default.jpg",443,https://iiif-images.library.upenn.edu/iiif/3/04a87ad9-95d9-4ac4-89ed-dd4c6b08c5fc/info.json,"Jewish Exponent (Philadelphia)|Wise, I. M.",738,https://digitalrepository.library.upenn.edu/iiif/2/items/dc71c7fc-63d6-40e0-908e-ba8930064eba/manifest,https://iiif-images.library.upenn.edu/iiif/2/04a87ad9-95d9-4ac4-89ed-dd4c6b08c5fc
obj725,Dr. Morais on the Minister's Independence.,The Jewish Exponent,Philadelphia,"May, 1891",May,,1891,"https://iiif-images.library.upenn.edu/iiif/2/04a87ad9-95d9-4ac4-89ed-dd4c6b08c5fc/full/!200,200/0/default.jpg","https://iiif-images.library.upenn.edu/iiif/2/04a87ad9-95d9-4ac4-89ed-dd4c6b08c5fc/full/3500,/0/default.jpg",443,https://iiif-images.library.upenn.edu/iiif/3/04a87ad9-95d9-4ac4-89ed-dd4c6b08c5fc/info.json,"Colenso, John William|Higher biblical criticism|Jewish Exponent (Philadelphia)|Smith, Willaim Robertson",739,https://digitalrepository.library.upenn.edu/iiif/2/items/dc71c7fc-63d6-40e0-908e-ba8930064eba/manifest,https://iiif-images.library.upenn.edu/iiif/2/04a87ad9-95d9-4ac4-89ed-dd4c6b08c5fc
obj726,Immigration to the Argentine Republic.,The Jewish Exponent,Philadelphia,"July, 1891",July,,1891,"https://iiif-images.library.upenn.edu/iiif/2/03dcbb9c-f248-4af9-9b70-3954587fd18a/full/!200,200/0/default.jpg","https://iiif-images.library.upenn.edu/iiif/2/03dcbb9c-f248-4af9-9b70-3954587fd18a/full/3500,/0/default.jpg",444,https://iiif-images.library.upenn.edu/iiif/3/03dcbb9c-f248-4af9-9b70-3954587fd18a/info.json,"Argentina|Jewish Exponent (Philadelphia)|70th Birthday|See, Abraham|Sonnenfeld, Dr.",740,https://digitalrepository.library.upenn.edu/iiif/2/items/dc71c7fc-63d6-40e0-908e-ba8930064eba/manifest,https://iiif-images.library.upenn.edu/iiif/2/03dcbb9c-f248-4af9-9b70-3954587fd18a
obj727,Salvatore De Benedetti. Obituary Sketch of an Italian Savant.,The Jewish Exponent,Philadelphia,"September 4, 1891",4-Sep,,1891,"https://iiif-images.library.upenn.edu/iiif/2/03dcbb9c-f248-4af9-9b70-3954587fd18a/full/!200,200/0/default.jpg","https://iiif-images.library.upenn.edu/iiif/2/03dcbb9c-f248-4af9-9b70-3954587fd18a/full/3500,/0/default.jpg",444,https://iiif-images.library.upenn.edu/iiif/3/03dcbb9c-f248-4af9-9b70-3954587fd18a/info.json,"Benedetti, Salvatore de|Jewish Exponent (Philadelphia)",741,https://digitalrepository.library.upenn.edu/iiif/2/items/dc71c7fc-63d6-40e0-908e-ba8930064eba/manifest,https://iiif-images.library.upenn.edu/iiif/2/03dcbb9c-f248-4af9-9b70-3954587fd18a
obj728,"Rabbi Morais? Address. Delivered at the Twenty-Fifth Anniversary of Dr. Jastrow's Connection with the Rodeph Shalom Congregation, November 4, 1891.",The Jewish Exponent,Philadelphia,"November 13, 1891",13-Nov,,1891,"https://iiif-images.library.upenn.edu/iiif/2/1abadeb0-f03d-47e0-bc50-ca91352c6ab9/full/!200,200/0/default.jpg","https://iiif-images.library.upenn.edu/iiif/2/1abadeb0-f03d-47e0-bc50-ca91352c6ab9/full/3500,/0/default.jpg",445,https://iiif-images.library.upenn.edu/iiif/3/1abadeb0-f03d-47e0-bc50-ca91352c6ab9/info.json,Rodeph Shalom|Jewish Exponent (Philadelphia),742,https://digitalrepository.library.upenn.edu/iiif/2/items/dc71c7fc-63d6-40e0-908e-ba8930064eba/manifest,https://iiif-images.library.upenn.edu/iiif/2/1abadeb0-f03d-47e0-bc50-ca91352c6ab9
obj729,Mikve Israel,The Jewish Exponent,,,,,,"https://iiif-images.library.upenn.edu/iiif/2/1abadeb0-f03d-47e0-bc50-ca91352c6ab9/full/!200,200/0/default.jpg","https://iiif-images.library.upenn.edu/iiif/2/1abadeb0-f03d-47e0-bc50-ca91352c6ab9/full/3500,/0/default.jpg",445,https://iiif-images.library.upenn.edu/iiif/3/1abadeb0-f03d-47e0-bc50-ca91352c6ab9/info.json,"Hebrew Education Society School|Jewish Exponent (Philadelphia)|Philips, Ellen|Rosh Hashanah",743,https://digitalrepository.library.upenn.edu/iiif/2/items/dc71c7fc-63d6-40e0-908e-ba8930064eba/manifest,https://iiif-images.library.upenn.edu/iiif/2/1abadeb0-f03d-47e0-bc50-ca91352c6ab9
obj730,We are confident that our esteemed correspondent [...].,American Hebrew,New York,"February 26, 1892",26-Feb,,1892,"https://iiif-images.library.upenn.edu/iiif/2/1abadeb0-f03d-47e0-bc50-ca91352c6ab9/full/!200,200/0/default.jpg","https://iiif-images.library.upenn.edu/iiif/2/1abadeb0-f03d-47e0-bc50-ca91352c6ab9/full/3500,/0/default.jpg",445,https://iiif-images.library.upenn.edu/iiif/3/1abadeb0-f03d-47e0-bc50-ca91352c6ab9/info.json,"Higher biblical criticism|Jewish Theological Seminary|Loeb, Moritz",744,https://digitalrepository.library.upenn.edu/iiif/2/items/dc71c7fc-63d6-40e0-908e-ba8930064eba/manifest,https://iiif-images.library.upenn.edu/iiif/2/1abadeb0-f03d-47e0-bc50-ca91352c6ab9
obj731,The School.,American Hebrew,New York,"March 25, 1892",25-Mar,,1892,"https://iiif-images.library.upenn.edu/iiif/2/484b2306-011f-44ec-a5fa-32ca0b0c0e08/full/!200,200/0/default.jpg","https://iiif-images.library.upenn.edu/iiif/2/484b2306-011f-44ec-a5fa-32ca0b0c0e08/full/3500,/0/default.jpg",446,https://iiif-images.library.upenn.edu/iiif/3/484b2306-011f-44ec-a5fa-32ca0b0c0e08/info.json,"Adler, Cyrus|American Hebrew|Jewish Theological Seminary|Mendes, H. Pereira",745,https://digitalrepository.library.upenn.edu/iiif/2/items/dc71c7fc-63d6-40e0-908e-ba8930064eba/manifest,https://iiif-images.library.upenn.edu/iiif/2/484b2306-011f-44ec-a5fa-32ca0b0c0e08
obj732,An Emphatic Deliverance. The Rev. Dr. Morais Denounces the Anti-Chinese Bill as Un-American. Its History Reviewed - Sensationalism in the Pulpit Condemned as Dangerous to the Ministry.,Public Ledger,Philadelphia,"May 9, 1892",9-May,,1892,"https://iiif-images.library.upenn.edu/iiif/2/11d73af7-ed0a-4cba-903d-eee2300056a9/full/!200,200/0/default.jpg","https://iiif-images.library.upenn.edu/iiif/2/11d73af7-ed0a-4cba-903d-eee2300056a9/full/3500,/0/default.jpg",447,https://iiif-images.library.upenn.edu/iiif/3/11d73af7-ed0a-4cba-903d-eee2300056a9/info.json,"Arthur, Chester A.|Burlingame, Mr.|Chinese Exclusion Act|Parkhurst, Dr.|Public Ledger, The|Pulpit & politics",746,https://digitalrepository.library.upenn.edu/iiif/2/items/dc71c7fc-63d6-40e0-908e-ba8930064eba/manifest,https://iiif-images.library.upenn.edu/iiif/2/11d73af7-ed0a-4cba-903d-eee2300056a9
obj733,Judaism and Proselytes. Rabbis? Opinions on the Conference of Radical Reforms. An Almost Unanimous Condemnation of Its Acts - Its Authority Denied - Proselytes to Judaism Must Conform to the Accepted Laws.,Public Ledger,Philadelphia,"August 8, 1892",8-Aug,,1892,"https://iiif-images.library.upenn.edu/iiif/2/812ff1c3-8999-4a11-bd9b-ab38d29d4229/full/!200,200/0/default.jpg","https://iiif-images.library.upenn.edu/iiif/2/812ff1c3-8999-4a11-bd9b-ab38d29d4229/full/3500,/0/default.jpg",448,https://iiif-images.library.upenn.edu/iiif/3/812ff1c3-8999-4a11-bd9b-ab38d29d4229/info.json,"Caro, Victor|Illowizi, Henry|and Ritual ""innovation""|Wise, I. M.",747,https://digitalrepository.library.upenn.edu/iiif/2/items/dc71c7fc-63d6-40e0-908e-ba8930064eba/manifest,https://iiif-images.library.upenn.edu/iiif/2/812ff1c3-8999-4a11-bd9b-ab38d29d4229
obj734,"Rev. Dr. S. Morais on Ernest Renan. Brilliant and Fascinating but an Enemy to Divine Faith. A Narrator in a False Light. His Writings Captivated and Pleased, but Never Gladdened the Human Soul, Because They Sowed the Germs of Dreary, Cheerless Skepticism.",The Press,[Philadelphia],"October 10, 1882",10-Oct,,1882,"https://iiif-images.library.upenn.edu/iiif/2/812ff1c3-8999-4a11-bd9b-ab38d29d4229/full/!200,200/0/default.jpg","https://iiif-images.library.upenn.edu/iiif/2/812ff1c3-8999-4a11-bd9b-ab38d29d4229/full/3500,/0/default.jpg",448,https://iiif-images.library.upenn.edu/iiif/3/812ff1c3-8999-4a11-bd9b-ab38d29d4229/info.json,"Higher biblical criticism|Mazzini, Joseph|Renan, Ernest",748,https://digitalrepository.library.upenn.edu/iiif/2/items/dc71c7fc-63d6-40e0-908e-ba8930064eba/manifest,https://iiif-images.library.upenn.edu/iiif/2/812ff1c3-8999-4a11-bd9b-ab38d29d4229
obj735,"""Parsons in Politics."" Discourse on the State of the Nation, by Rev. Dr. S. Morais. Political Corruption Denounced - A Tribute to President [Benjamin] Harrison - Respectful Utterances Regarding President-elect [Grover] Cleveland.",Public Ledger,Philadelphia,"November 29, 1892",29-Nov,,1892,"https://iiif-images.library.upenn.edu/iiif/2/f40f2961-5d3d-456a-9ccd-bf565c634a86/full/!200,200/0/default.jpg","https://iiif-images.library.upenn.edu/iiif/2/f40f2961-5d3d-456a-9ccd-bf565c634a86/full/3500,/0/default.jpg",449,https://iiif-images.library.upenn.edu/iiif/3/f40f2961-5d3d-456a-9ccd-bf565c634a86/info.json,"Cleveland, Grover|Harrison, [Benjamin]|Public Ledger, The|Thanksgiving",749,https://digitalrepository.library.upenn.edu/iiif/2/items/dc71c7fc-63d6-40e0-908e-ba8930064eba/manifest,https://iiif-images.library.upenn.edu/iiif/2/f40f2961-5d3d-456a-9ccd-bf565c634a86
obj736,Causes for Thanksgiving. Sermon by the Rev. Dr. S. Morais at the Mikve Israel Synagogue. Happiness and Prosperity in the United States Contrasted with Strife and Misery in Other Countries - How Israel's Lot is Cast in This and Other Regions.,Public Ledger,,,,,,"https://iiif-images.library.upenn.edu/iiif/2/f40f2961-5d3d-456a-9ccd-bf565c634a86/full/!200,200/0/default.jpg","https://iiif-images.library.upenn.edu/iiif/2/f40f2961-5d3d-456a-9ccd-bf565c634a86/full/3500,/0/default.jpg",449,https://iiif-images.library.upenn.edu/iiif/3/f40f2961-5d3d-456a-9ccd-bf565c634a86/info.json,"Bardsley, John|Frederic, Harold|Hertz, Joseph H.|Herz, Joseph (see Hertz, Joseph H.):|Industrial School|Leroy-Beaulieu|Public Ledger, The|Thanksgiving",750,https://digitalrepository.library.upenn.edu/iiif/2/items/dc71c7fc-63d6-40e0-908e-ba8930064eba/manifest,https://iiif-images.library.upenn.edu/iiif/2/f40f2961-5d3d-456a-9ccd-bf565c634a86
obj737,Correspondence. The Jewish Theological Seminary. [Letter] To the Editor: [...].,The Jewish Messenger,Philadelphia,"March 24, 1893",24-Mar,,1893,"https://iiif-images.library.upenn.edu/iiif/2/920c376f-eccf-4dc4-9314-2556e8175b01/full/!200,200/0/default.jpg","https://iiif-images.library.upenn.edu/iiif/2/920c376f-eccf-4dc4-9314-2556e8175b01/full/3500,/0/default.jpg",450,https://iiif-images.library.upenn.edu/iiif/3/920c376f-eccf-4dc4-9314-2556e8175b01/info.json,Jewish Messenger|Jewish Theological Seminary|Thanksgiving,751,https://digitalrepository.library.upenn.edu/iiif/2/items/dc71c7fc-63d6-40e0-908e-ba8930064eba/manifest,https://iiif-images.library.upenn.edu/iiif/2/920c376f-eccf-4dc4-9314-2556e8175b01
obj738,Judaism and the Religious Parliament. Dr. S. Morais Shows that Jews Can and Still Do Adhere to the Belief in a Personal Messiah and a National Restoration to the Holy Land,[n.p.],[n.d.],,,,,"https://iiif-images.library.upenn.edu/iiif/2/920c376f-eccf-4dc4-9314-2556e8175b01/full/!200,200/0/default.jpg","https://iiif-images.library.upenn.edu/iiif/2/920c376f-eccf-4dc4-9314-2556e8175b01/full/3500,/0/default.jpg",450,https://iiif-images.library.upenn.edu/iiif/3/920c376f-eccf-4dc4-9314-2556e8175b01/info.json,"Castiglioni, Victor|Manin, Daniel|Maurogonato, Isaac Pesaro|Victor Emmanuel II (King of Italy)",752,https://digitalrepository.library.upenn.edu/iiif/2/items/dc71c7fc-63d6-40e0-908e-ba8930064eba/manifest,https://iiif-images.library.upenn.edu/iiif/2/920c376f-eccf-4dc4-9314-2556e8175b01
obj739,"""Questions of the Day."" Patriotic Utterances of the Rev. Dr. S. Morais. Tribute to American Liberty - Scathing Denunciation of Politicians - Words of Praise for President Cleveland.",Public Ledger,Philadelphia,"November 13, 1893",13-Nov,,1893,"https://iiif-images.library.upenn.edu/iiif/2/8149050c-87bd-4e2c-95f9-db295d1272c5/full/!200,200/0/default.jpg","https://iiif-images.library.upenn.edu/iiif/2/8149050c-87bd-4e2c-95f9-db295d1272c5/full/3500,/0/default.jpg",451,https://iiif-images.library.upenn.edu/iiif/3/8149050c-87bd-4e2c-95f9-db295d1272c5/info.json,"Chicago (""The White City"")|Harrison, Carter H.|Liberty Bell|Public Ledger, The|Reggio, Abraham",753,https://digitalrepository.library.upenn.edu/iiif/2/items/dc71c7fc-63d6-40e0-908e-ba8930064eba/manifest,https://iiif-images.library.upenn.edu/iiif/2/8149050c-87bd-4e2c-95f9-db295d1272c5
obj740,What Rabbis Say of It.,[n.p.],[n.d.],,,,,"https://iiif-images.library.upenn.edu/iiif/2/8149050c-87bd-4e2c-95f9-db295d1272c5/full/!200,200/0/default.jpg","https://iiif-images.library.upenn.edu/iiif/2/8149050c-87bd-4e2c-95f9-db295d1272c5/full/3500,/0/default.jpg",451,https://iiif-images.library.upenn.edu/iiif/3/8149050c-87bd-4e2c-95f9-db295d1272c5/info.json,New Orleans,754,https://digitalrepository.library.upenn.edu/iiif/2/items/dc71c7fc-63d6-40e0-908e-ba8930064eba/manifest,https://iiif-images.library.upenn.edu/iiif/2/8149050c-87bd-4e2c-95f9-db295d1272c5
obj741,Hebrew.,[n.p.],[n.d.],,,,,"https://iiif-images.library.upenn.edu/iiif/2/8149050c-87bd-4e2c-95f9-db295d1272c5/full/!200,200/0/default.jpg","https://iiif-images.library.upenn.edu/iiif/2/8149050c-87bd-4e2c-95f9-db295d1272c5/full/3500,/0/default.jpg",451,https://iiif-images.library.upenn.edu/iiif/3/8149050c-87bd-4e2c-95f9-db295d1272c5/info.json,Slum clearance,755,https://digitalrepository.library.upenn.edu/iiif/2/items/dc71c7fc-63d6-40e0-908e-ba8930064eba/manifest,https://iiif-images.library.upenn.edu/iiif/2/8149050c-87bd-4e2c-95f9-db295d1272c5
obj742,Pentecost Discourse of Dr. Morais.,[n.p.],[n.d.],,,,,"https://iiif-images.library.upenn.edu/iiif/2/8149050c-87bd-4e2c-95f9-db295d1272c5/full/!200,200/0/default.jpg","https://iiif-images.library.upenn.edu/iiif/2/8149050c-87bd-4e2c-95f9-db295d1272c5/full/3500,/0/default.jpg",451,https://iiif-images.library.upenn.edu/iiif/3/8149050c-87bd-4e2c-95f9-db295d1272c5/info.json,"Gladstone, William|Criminality in",756,https://digitalrepository.library.upenn.edu/iiif/2/items/dc71c7fc-63d6-40e0-908e-ba8930064eba/manifest,https://iiif-images.library.upenn.edu/iiif/2/8149050c-87bd-4e2c-95f9-db295d1272c5
obj743,"Dr. Morais in His Pulpit. Recovered from His Recent Illness, He Speaks of ""Radicalism,"" and the Measures Adopted to Check It.",[n.p.],[n.d.],,,,,"https://iiif-images.library.upenn.edu/iiif/2/8149050c-87bd-4e2c-95f9-db295d1272c5/full/!200,200/0/default.jpg","https://iiif-images.library.upenn.edu/iiif/2/8149050c-87bd-4e2c-95f9-db295d1272c5/full/3500,/0/default.jpg",451,https://iiif-images.library.upenn.edu/iiif/3/8149050c-87bd-4e2c-95f9-db295d1272c5/info.json,"Tiferet Israel|Hebrew|Jewish Theological Seminary|and Ritual ""innovation""",757,https://digitalrepository.library.upenn.edu/iiif/2/items/dc71c7fc-63d6-40e0-908e-ba8930064eba/manifest,https://iiif-images.library.upenn.edu/iiif/2/8149050c-87bd-4e2c-95f9-db295d1272c5
obj744,The Bible.,American Hebrew,New York,"February 26, 1892",26-Feb,,1892,"https://iiif-images.library.upenn.edu/iiif/2/db265f72-1f7c-42d0-8a7b-9075fbea2b56/full/!200,200/0/default.jpg","https://iiif-images.library.upenn.edu/iiif/2/db265f72-1f7c-42d0-8a7b-9075fbea2b56/full/3500,/0/default.jpg","452,452c","https://iiif-images.library.upenn.edu/iiif/3/db265f72-1f7c-42d0-8a7b-9075fbea2b56/info.json, https://iiif-images.library.upenn.edu/iiif/3/694b2882-d45c-457d-b769-7779bee3a93a/info.json",American Hebrew|Astruc|Higher biblical criticism|Jewish Theological Seminary,758,https://digitalrepository.library.upenn.edu/iiif/2/items/dc71c7fc-63d6-40e0-908e-ba8930064eba/manifest,https://iiif-images.library.upenn.edu/iiif/2/db265f72-1f7c-42d0-8a7b-9075fbea2b56|https://iiif-images.library.upenn.edu/iiif/2/694b2882-d45c-457d-b769-7779bee3a93a
obj745,Israel. Future Leaders. The Example of Moses. By Rev. Dr. S. Morais.,[n.p.],[n.d.],,,,,"https://iiif-images.library.upenn.edu/iiif/2/2d0e8a03-f6cd-40bf-a663-0c1a5b72e86c/full/!200,200/0/default.jpg","https://iiif-images.library.upenn.edu/iiif/2/2d0e8a03-f6cd-40bf-a663-0c1a5b72e86c/full/3500,/0/default.jpg",453,https://iiif-images.library.upenn.edu/iiif/3/2d0e8a03-f6cd-40bf-a663-0c1a5b72e86c/info.json,"Philips, Ellen|Criminality in",759,https://digitalrepository.library.upenn.edu/iiif/2/items/dc71c7fc-63d6-40e0-908e-ba8930064eba/manifest,https://iiif-images.library.upenn.edu/iiif/2/2d0e8a03-f6cd-40bf-a663-0c1a5b72e86c
obj746,The Jews Not Parasites. Prominent Hebrews Refute the Inquirer's Imputations. Denounced as Vain and Puerile. Mayor Sulzberger Gives His Opinion and Exposes Goldwin Smith - Rev. Dr. Morais and Dr. S. Solis Cohen Stand Up for Their Co-Religionists - What Others Say about the Matter.,[n.p.],[n.d.],,,,,"https://iiif-images.library.upenn.edu/iiif/2/2d0e8a03-f6cd-40bf-a663-0c1a5b72e86c/full/!200,200/0/default.jpg","https://iiif-images.library.upenn.edu/iiif/2/2d0e8a03-f6cd-40bf-a663-0c1a5b72e86c/full/3500,/0/default.jpg",453,https://iiif-images.library.upenn.edu/iiif/3/2d0e8a03-f6cd-40bf-a663-0c1a5b72e86c/info.json,"Beaconsfield, Lord|Macaulay, Thomas B.|Madison, James|Smith, Goldwin|Solis-Cohen, D.|Solomon, Hayim|Sulzberger, Mayer",760,https://digitalrepository.library.upenn.edu/iiif/2/items/dc71c7fc-63d6-40e0-908e-ba8930064eba/manifest,https://iiif-images.library.upenn.edu/iiif/2/2d0e8a03-f6cd-40bf-a663-0c1a5b72e86c
obj747,Renan and His Writings. How They are Viewed by the Rev. Dr. S. Morais.,[n.p.],[n.d.],,,,,"https://iiif-images.library.upenn.edu/iiif/2/2d0e8a03-f6cd-40bf-a663-0c1a5b72e86c/full/!200,200/0/default.jpg","https://iiif-images.library.upenn.edu/iiif/2/2d0e8a03-f6cd-40bf-a663-0c1a5b72e86c/full/3500,/0/default.jpg",453,https://iiif-images.library.upenn.edu/iiif/3/2d0e8a03-f6cd-40bf-a663-0c1a5b72e86c/info.json,"Mazzini, Joseph|Renan, Ernest",761,https://digitalrepository.library.upenn.edu/iiif/2/items/dc71c7fc-63d6-40e0-908e-ba8930064eba/manifest,https://iiif-images.library.upenn.edu/iiif/2/2d0e8a03-f6cd-40bf-a663-0c1a5b72e86c
obj748,"Rabbi Morais. Forty Years Minister of the Same Congregation. His Career in Many Spheres of Usefulness - Distinguished as a Theologian, Litterateur and Man of Public Affairs.",[n.p.],[n.d.],,,,,"https://iiif-images.library.upenn.edu/iiif/2/0d0a6740-a0f7-4277-89bb-7769cb045566/full/!200,200/0/default.jpg","https://iiif-images.library.upenn.edu/iiif/2/0d0a6740-a0f7-4277-89bb-7769cb045566/full/3500,/0/default.jpg",454,https://iiif-images.library.upenn.edu/iiif/3/0d0a6740-a0f7-4277-89bb-7769cb045566/info.json,"Morais, Sabato|Mikveh Israel|Fortieth anniversary|Biography",762,https://digitalrepository.library.upenn.edu/iiif/2/items/dc71c7fc-63d6-40e0-908e-ba8930064eba/manifest,https://iiif-images.library.upenn.edu/iiif/2/0d0a6740-a0f7-4277-89bb-7769cb045566
obj749,Jewish Theological Seminary Meeting.,[n.p.],[n.d.],,,,,"https://iiif-images.library.upenn.edu/iiif/2/0d0a6740-a0f7-4277-89bb-7769cb045566/full/!200,200/0/default.jpg","https://iiif-images.library.upenn.edu/iiif/2/0d0a6740-a0f7-4277-89bb-7769cb045566/full/3500,/0/default.jpg",454,https://iiif-images.library.upenn.edu/iiif/3/0d0a6740-a0f7-4277-89bb-7769cb045566/info.json,"Blumenthal, Joseph|Drachman, Dr. Bernhard|Jewish Theological Seminary|Kohut, Dr. Alexander|Mendes, H. Pereira",763,https://digitalrepository.library.upenn.edu/iiif/2/items/dc71c7fc-63d6-40e0-908e-ba8930064eba/manifest,https://iiif-images.library.upenn.edu/iiif/2/0d0a6740-a0f7-4277-89bb-7769cb045566
obj750,Miracles Not Enchantments.,The Jewish Exponent,[n.d.],,,,,"https://iiif-images.library.upenn.edu/iiif/2/0d0a6740-a0f7-4277-89bb-7769cb045566/full/!200,200/0/default.jpg","https://iiif-images.library.upenn.edu/iiif/2/0d0a6740-a0f7-4277-89bb-7769cb045566/full/3500,/0/default.jpg",454,https://iiif-images.library.upenn.edu/iiif/3/0d0a6740-a0f7-4277-89bb-7769cb045566/info.json,"Hartogensis, B. H.|Hebrew Sunday School of Philadelphia|Jewish Exponent (Philadelphia)",764,https://digitalrepository.library.upenn.edu/iiif/2/items/dc71c7fc-63d6-40e0-908e-ba8930064eba/manifest,https://iiif-images.library.upenn.edu/iiif/2/0d0a6740-a0f7-4277-89bb-7769cb045566
obj751,The Morais Library.,[n.p.],[n.d.],,,,,"https://iiif-images.library.upenn.edu/iiif/2/0d0a6740-a0f7-4277-89bb-7769cb045566/full/!200,200/0/default.jpg","https://iiif-images.library.upenn.edu/iiif/2/0d0a6740-a0f7-4277-89bb-7769cb045566/full/3500,/0/default.jpg",454,https://iiif-images.library.upenn.edu/iiif/3/0d0a6740-a0f7-4277-89bb-7769cb045566/info.json,Jewish Theological Seminary|Morais Library,765,https://digitalrepository.library.upenn.edu/iiif/2/items/dc71c7fc-63d6-40e0-908e-ba8930064eba/manifest,https://iiif-images.library.upenn.edu/iiif/2/0d0a6740-a0f7-4277-89bb-7769cb045566
obj752,The Persecuted Jews. Dr. Morais Addresses the Episcopal Clerical Brotherhood. A Stirring Appeal in Behalf of His Oppressed Brethren in Russia - Favoring an Appeal through the Government.,[n.p.],[n.d.],,,,,"https://iiif-images.library.upenn.edu/iiif/2/29ebfcbe-13e9-4b45-8870-03225143c024/full/!200,200/0/default.jpg","https://iiif-images.library.upenn.edu/iiif/2/29ebfcbe-13e9-4b45-8870-03225143c024/full/3500,/0/default.jpg",455,https://iiif-images.library.upenn.edu/iiif/3/29ebfcbe-13e9-4b45-8870-03225143c024/info.json,"Cohen, Arthur|Cremieux, Isaac Adolphe|Episcopal Clerical Brotherhood|Fould|Jessel, George|Russian Jews|Victor Emmanuel II (King of Italy)",766,https://digitalrepository.library.upenn.edu/iiif/2/items/dc71c7fc-63d6-40e0-908e-ba8930064eba/manifest,https://iiif-images.library.upenn.edu/iiif/2/29ebfcbe-13e9-4b45-8870-03225143c024
obj753,"Jewish - Morais, [Henry] Illowizi.",[n.p.],[n.d.],,,,,"https://iiif-images.library.upenn.edu/iiif/2/29ebfcbe-13e9-4b45-8870-03225143c024/full/!200,200/0/default.jpg","https://iiif-images.library.upenn.edu/iiif/2/29ebfcbe-13e9-4b45-8870-03225143c024/full/3500,/0/default.jpg",455,https://iiif-images.library.upenn.edu/iiif/3/29ebfcbe-13e9-4b45-8870-03225143c024/info.json,"Illowizi, Henry|World's Fair",767,https://digitalrepository.library.upenn.edu/iiif/2/items/dc71c7fc-63d6-40e0-908e-ba8930064eba/manifest,https://iiif-images.library.upenn.edu/iiif/2/29ebfcbe-13e9-4b45-8870-03225143c024
obj754,A Shochet Disqualified.,The Jewish Exponent,Philadelphia,"May, 1882",May,,1882,"https://iiif-images.library.upenn.edu/iiif/2/29ebfcbe-13e9-4b45-8870-03225143c024/full/!200,200/0/default.jpg","https://iiif-images.library.upenn.edu/iiif/2/29ebfcbe-13e9-4b45-8870-03225143c024/full/3500,/0/default.jpg",455,https://iiif-images.library.upenn.edu/iiif/3/29ebfcbe-13e9-4b45-8870-03225143c024/info.json,"Jewish Exponent (Philadelphia)|Turetzki, Israel",768,https://digitalrepository.library.upenn.edu/iiif/2/items/dc71c7fc-63d6-40e0-908e-ba8930064eba/manifest,https://iiif-images.library.upenn.edu/iiif/2/29ebfcbe-13e9-4b45-8870-03225143c024
obj755,The Persecuted Jews. A Distinguished Assemblage Which Met at Rome.,[n.p.],[n.d.],,,,,"https://iiif-images.library.upenn.edu/iiif/2/29ebfcbe-13e9-4b45-8870-03225143c024/full/!200,200/0/default.jpg","https://iiif-images.library.upenn.edu/iiif/2/29ebfcbe-13e9-4b45-8870-03225143c024/full/3500,/0/default.jpg",455,https://iiif-images.library.upenn.edu/iiif/3/29ebfcbe-13e9-4b45-8870-03225143c024/info.json,"Ezekial, Moses|Italian Jewish Liturgy|Russian Jews",769,https://digitalrepository.library.upenn.edu/iiif/2/items/dc71c7fc-63d6-40e0-908e-ba8930064eba/manifest,https://iiif-images.library.upenn.edu/iiif/2/29ebfcbe-13e9-4b45-8870-03225143c024
obj756,A New Hebrew Catechism.,[n.p.],[n.d.],,,,,"https://iiif-images.library.upenn.edu/iiif/2/29ebfcbe-13e9-4b45-8870-03225143c024/full/!200,200/0/default.jpg","https://iiif-images.library.upenn.edu/iiif/2/29ebfcbe-13e9-4b45-8870-03225143c024/full/3500,/0/default.jpg",455,https://iiif-images.library.upenn.edu/iiif/3/29ebfcbe-13e9-4b45-8870-03225143c024/info.json,"Hebrew catechism|Ottolenghi, Moses",770,https://digitalrepository.library.upenn.edu/iiif/2/items/dc71c7fc-63d6-40e0-908e-ba8930064eba/manifest,https://iiif-images.library.upenn.edu/iiif/2/29ebfcbe-13e9-4b45-8870-03225143c024
obj757,Dr. Morais Refers to Different Phases.,[n.p.],[n.d.],,,,,"https://iiif-images.library.upenn.edu/iiif/2/29ebfcbe-13e9-4b45-8870-03225143c024/full/!200,200/0/default.jpg","https://iiif-images.library.upenn.edu/iiif/2/29ebfcbe-13e9-4b45-8870-03225143c024/full/3500,/0/default.jpg",455,https://iiif-images.library.upenn.edu/iiif/3/29ebfcbe-13e9-4b45-8870-03225143c024/info.json,Carmel Colony,771,https://digitalrepository.library.upenn.edu/iiif/2/items/dc71c7fc-63d6-40e0-908e-ba8930064eba/manifest,https://iiif-images.library.upenn.edu/iiif/2/29ebfcbe-13e9-4b45-8870-03225143c024
obj758,Resolution.,[n.p.],[n.d.],,,,,"https://iiif-images.library.upenn.edu/iiif/2/29ebfcbe-13e9-4b45-8870-03225143c024/full/!200,200/0/default.jpg","https://iiif-images.library.upenn.edu/iiif/2/29ebfcbe-13e9-4b45-8870-03225143c024/full/3500,/0/default.jpg",455,https://iiif-images.library.upenn.edu/iiif/3/29ebfcbe-13e9-4b45-8870-03225143c024/info.json,"Jewish Theological Seminary|Philips, Ellen",772,https://digitalrepository.library.upenn.edu/iiif/2/items/dc71c7fc-63d6-40e0-908e-ba8930064eba/manifest,https://iiif-images.library.upenn.edu/iiif/2/29ebfcbe-13e9-4b45-8870-03225143c024
obj759,Yom Ha-Kippurim. The Day of Atonement Ushered in Amid Great Solemnity. The Sermons at Different Hebrew Shrines at the Evening Service?The Fast Continues Until After Dark This Evening.,[n.p.],[n.d.],,,,,"https://iiif-images.library.upenn.edu/iiif/2/059ff013-bcaf-46ae-9b5b-a79eceeae3c9/full/!200,200/0/default.jpg","https://iiif-images.library.upenn.edu/iiif/2/059ff013-bcaf-46ae-9b5b-a79eceeae3c9/full/3500,/0/default.jpg",456,https://iiif-images.library.upenn.edu/iiif/3/059ff013-bcaf-46ae-9b5b-a79eceeae3c9/info.json,Poor Jews|Yom Kippur,773,https://digitalrepository.library.upenn.edu/iiif/2/items/dc71c7fc-63d6-40e0-908e-ba8930064eba/manifest,https://iiif-images.library.upenn.edu/iiif/2/059ff013-bcaf-46ae-9b5b-a79eceeae3c9
obj760,The New Building of the Jewish Theological Seminary.,[n.p.],[n.d.],,,,,"https://iiif-images.library.upenn.edu/iiif/2/059ff013-bcaf-46ae-9b5b-a79eceeae3c9/full/!200,200/0/default.jpg","https://iiif-images.library.upenn.edu/iiif/2/059ff013-bcaf-46ae-9b5b-a79eceeae3c9/full/3500,/0/default.jpg",456,https://iiif-images.library.upenn.edu/iiif/3/059ff013-bcaf-46ae-9b5b-a79eceeae3c9/info.json,Jewish Theological Seminary,774,https://digitalrepository.library.upenn.edu/iiif/2/items/dc71c7fc-63d6-40e0-908e-ba8930064eba/manifest,https://iiif-images.library.upenn.edu/iiif/2/059ff013-bcaf-46ae-9b5b-a79eceeae3c9
obj761,The New York Seminary.,[n.p.],[n.d.],,,,,"https://iiif-images.library.upenn.edu/iiif/2/059ff013-bcaf-46ae-9b5b-a79eceeae3c9/full/!200,200/0/default.jpg","https://iiif-images.library.upenn.edu/iiif/2/059ff013-bcaf-46ae-9b5b-a79eceeae3c9/full/3500,/0/default.jpg",456,https://iiif-images.library.upenn.edu/iiif/3/059ff013-bcaf-46ae-9b5b-a79eceeae3c9/info.json,"Adler|Emanuel Preparatory School|Emanuel Theological Seminary|Huebsch, Dr.|Jewish Theological Seminary|Kohler, Kaufmann",775,https://digitalrepository.library.upenn.edu/iiif/2/items/dc71c7fc-63d6-40e0-908e-ba8930064eba/manifest,https://iiif-images.library.upenn.edu/iiif/2/059ff013-bcaf-46ae-9b5b-a79eceeae3c9
obj762,Mikveh Israel Synagogue.,[n.p.],[n.d.],,,,,"https://iiif-images.library.upenn.edu/iiif/2/059ff013-bcaf-46ae-9b5b-a79eceeae3c9/full/!200,200/0/default.jpg","https://iiif-images.library.upenn.edu/iiif/2/059ff013-bcaf-46ae-9b5b-a79eceeae3c9/full/3500,/0/default.jpg",456,https://iiif-images.library.upenn.edu/iiif/3/059ff013-bcaf-46ae-9b5b-a79eceeae3c9/info.json,"Harrison, [Benjamin]",776,https://digitalrepository.library.upenn.edu/iiif/2/items/dc71c7fc-63d6-40e0-908e-ba8930064eba/manifest,https://iiif-images.library.upenn.edu/iiif/2/059ff013-bcaf-46ae-9b5b-a79eceeae3c9
obj763,"Mr. Krause, son of the president, performed the ceremony of laying the capstone [...].",[n.p.],[n.d.],,,,,"https://iiif-images.library.upenn.edu/iiif/2/059ff013-bcaf-46ae-9b5b-a79eceeae3c9/full/!200,200/0/default.jpg","https://iiif-images.library.upenn.edu/iiif/2/059ff013-bcaf-46ae-9b5b-a79eceeae3c9/full/3500,/0/default.jpg",456,https://iiif-images.library.upenn.edu/iiif/3/059ff013-bcaf-46ae-9b5b-a79eceeae3c9/info.json,Emunath Israel-Oheb Shalom|Krause,777,https://digitalrepository.library.upenn.edu/iiif/2/items/dc71c7fc-63d6-40e0-908e-ba8930064eba/manifest,https://iiif-images.library.upenn.edu/iiif/2/059ff013-bcaf-46ae-9b5b-a79eceeae3c9
obj764,Rev. Dr. Morais.,[n.p.],[n.d.],,,,,"https://iiif-images.library.upenn.edu/iiif/2/059ff013-bcaf-46ae-9b5b-a79eceeae3c9/full/!200,200/0/default.jpg","https://iiif-images.library.upenn.edu/iiif/2/059ff013-bcaf-46ae-9b5b-a79eceeae3c9/full/3500,/0/default.jpg",456,https://iiif-images.library.upenn.edu/iiif/3/059ff013-bcaf-46ae-9b5b-a79eceeae3c9/info.json,"Brooks, Bishop Phillips",778,https://digitalrepository.library.upenn.edu/iiif/2/items/dc71c7fc-63d6-40e0-908e-ba8930064eba/manifest,https://iiif-images.library.upenn.edu/iiif/2/059ff013-bcaf-46ae-9b5b-a79eceeae3c9
obj765,Alliance Israelite Universelle. A Summary of its Work.,[n.p.],[n.d.],,,,,"https://iiif-images.library.upenn.edu/iiif/2/c07462d2-7c4d-4ef2-9c16-d572fa59ef58/full/!200,200/0/default.jpg","https://iiif-images.library.upenn.edu/iiif/2/c07462d2-7c4d-4ef2-9c16-d572fa59ef58/full/3500,/0/default.jpg",457,https://iiif-images.library.upenn.edu/iiif/3/c07462d2-7c4d-4ef2-9c16-d572fa59ef58/info.json,Alliance IsraA?lite Universelle,779,https://digitalrepository.library.upenn.edu/iiif/2/items/dc71c7fc-63d6-40e0-908e-ba8930064eba/manifest,https://iiif-images.library.upenn.edu/iiif/2/c07462d2-7c4d-4ef2-9c16-d572fa59ef58
obj766,A Poem to Baron De Hirsch. Rev. Ottolenghi's Tribute in Hebrew.,[n.p.],[n.d.],,,,,"https://iiif-images.library.upenn.edu/iiif/2/c07462d2-7c4d-4ef2-9c16-d572fa59ef58/full/!200,200/0/default.jpg","https://iiif-images.library.upenn.edu/iiif/2/c07462d2-7c4d-4ef2-9c16-d572fa59ef58/full/3500,/0/default.jpg",457,https://iiif-images.library.upenn.edu/iiif/3/c07462d2-7c4d-4ef2-9c16-d572fa59ef58/info.json,"Ottolenghi, Moses",780,https://digitalrepository.library.upenn.edu/iiif/2/items/dc71c7fc-63d6-40e0-908e-ba8930064eba/manifest,https://iiif-images.library.upenn.edu/iiif/2/c07462d2-7c4d-4ef2-9c16-d572fa59ef58
obj767,Ceremonialism Essential to Judaism. A Sermon for Kippur Eve by Rev. Dr. S. Morais.,[n.p.],[n.d.],,,,,"https://iiif-images.library.upenn.edu/iiif/2/59978bd4-5072-4e44-b7df-72c598bb0c45/full/!200,200/0/default.jpg","https://iiif-images.library.upenn.edu/iiif/2/59978bd4-5072-4e44-b7df-72c598bb0c45/full/3500,/0/default.jpg","457b,457c","https://iiif-images.library.upenn.edu/iiif/3/59978bd4-5072-4e44-b7df-72c598bb0c45/info.json, https://iiif-images.library.upenn.edu/iiif/3/928c3a3e-5adb-4965-83c7-b6f0205d15a9/info.json","Mendelssohn, Moses|Yom Kippur",781,https://digitalrepository.library.upenn.edu/iiif/2/items/dc71c7fc-63d6-40e0-908e-ba8930064eba/manifest,https://iiif-images.library.upenn.edu/iiif/2/59978bd4-5072-4e44-b7df-72c598bb0c45|https://iiif-images.library.upenn.edu/iiif/2/928c3a3e-5adb-4965-83c7-b6f0205d15a9
obj768,"The State of the Nation. By S. Morais, L. L. D.",The Jewish Exponent,Philadelphia,"December 15, 1893",15-Dec,,1893,"https://iiif-images.library.upenn.edu/iiif/2/8dac48ce-ea6a-4148-86c0-40ce9f69338d/full/!200,200/0/default.jpg","https://iiif-images.library.upenn.edu/iiif/2/8dac48ce-ea6a-4148-86c0-40ce9f69338d/full/3500,/0/default.jpg",458,https://iiif-images.library.upenn.edu/iiif/3/8dac48ce-ea6a-4148-86c0-40ce9f69338d/info.json,Chinese Exclusion Act|Jewish Exponent (Philadelphia)|Thanksgiving,782,https://digitalrepository.library.upenn.edu/iiif/2/items/dc71c7fc-63d6-40e0-908e-ba8930064eba/manifest,https://iiif-images.library.upenn.edu/iiif/2/8dac48ce-ea6a-4148-86c0-40ce9f69338d
obj769,Dr. Morais in the Conservative Side.,[n.p.],[n.d.],,,,,"https://iiif-images.library.upenn.edu/iiif/2/8dac48ce-ea6a-4148-86c0-40ce9f69338d/full/!200,200/0/default.jpg","https://iiif-images.library.upenn.edu/iiif/2/8dac48ce-ea6a-4148-86c0-40ce9f69338d/full/3500,/0/default.jpg",458,https://iiif-images.library.upenn.edu/iiif/3/8dac48ce-ea6a-4148-86c0-40ce9f69338d/info.json,Creating a unified American Rite,783,https://digitalrepository.library.upenn.edu/iiif/2/items/dc71c7fc-63d6-40e0-908e-ba8930064eba/manifest,https://iiif-images.library.upenn.edu/iiif/2/8dac48ce-ea6a-4148-86c0-40ce9f69338d
obj770,Russian Jews not Anarchists. [Letter] To the Editor of The Jewish Exponent.,[n.p.],[n.d.],,,,,"https://iiif-images.library.upenn.edu/iiif/2/8dac48ce-ea6a-4148-86c0-40ce9f69338d/full/!200,200/0/default.jpg","https://iiif-images.library.upenn.edu/iiif/2/8dac48ce-ea6a-4148-86c0-40ce9f69338d/full/3500,/0/default.jpg",458,https://iiif-images.library.upenn.edu/iiif/3/8dac48ce-ea6a-4148-86c0-40ce9f69338d/info.json,Jewish Exponent (Philadelphia),784,https://digitalrepository.library.upenn.edu/iiif/2/items/dc71c7fc-63d6-40e0-908e-ba8930064eba/manifest,https://iiif-images.library.upenn.edu/iiif/2/8dac48ce-ea6a-4148-86c0-40ce9f69338d
obj771,"Last Sunday afternoon a Jewess was buried, [...].",[n.p.],[n.d.],,,,,"https://iiif-images.library.upenn.edu/iiif/2/8dac48ce-ea6a-4148-86c0-40ce9f69338d/full/!200,200/0/default.jpg","https://iiif-images.library.upenn.edu/iiif/2/8dac48ce-ea6a-4148-86c0-40ce9f69338d/full/3500,/0/default.jpg",458,https://iiif-images.library.upenn.edu/iiif/3/8dac48ce-ea6a-4148-86c0-40ce9f69338d/info.json,"Jones, Jessica",785,https://digitalrepository.library.upenn.edu/iiif/2/items/dc71c7fc-63d6-40e0-908e-ba8930064eba/manifest,https://iiif-images.library.upenn.edu/iiif/2/8dac48ce-ea6a-4148-86c0-40ce9f69338d
obj772,Rabbi Morais's Greetings.,[n.p.],[n.d.],,,,,"https://iiif-images.library.upenn.edu/iiif/2/d0293a70-d89e-48a1-9983-076006f97a10/full/!200,200/0/default.jpg","https://iiif-images.library.upenn.edu/iiif/2/d0293a70-d89e-48a1-9983-076006f97a10/full/3500,/0/default.jpg",459,https://iiif-images.library.upenn.edu/iiif/3/d0293a70-d89e-48a1-9983-076006f97a10/info.json,Beth Israel,786,https://digitalrepository.library.upenn.edu/iiif/2/items/dc71c7fc-63d6-40e0-908e-ba8930064eba/manifest,https://iiif-images.library.upenn.edu/iiif/2/d0293a70-d89e-48a1-9983-076006f97a10
obj773,In Memory of Moritz Loeb. By Rev. S. Morais.,,,,,,,"https://iiif-images.library.upenn.edu/iiif/2/d71417d8-fad1-4d87-a529-e77183514864/full/!200,200/0/default.jpg","https://iiif-images.library.upenn.edu/iiif/2/d71417d8-fad1-4d87-a529-e77183514864/full/3500,/0/default.jpg","460,460c","https://iiif-images.library.upenn.edu/iiif/3/d71417d8-fad1-4d87-a529-e77183514864/info.json, https://iiif-images.library.upenn.edu/iiif/3/10ab84ea-410b-456b-ac94-f0c5b5dba414/info.json","Loeb, Moritz",787,https://digitalrepository.library.upenn.edu/iiif/2/items/dc71c7fc-63d6-40e0-908e-ba8930064eba/manifest,https://iiif-images.library.upenn.edu/iiif/2/d71417d8-fad1-4d87-a529-e77183514864|https://iiif-images.library.upenn.edu/iiif/2/10ab84ea-410b-456b-ac94-f0c5b5dba414
obj774,In Memoriam of the Late Mrs. Kate Marcus. [...] The following beautiful prayer has been composed and written by the very Rev. Dr. Sabato Morais [...].,,,,,,,"https://iiif-images.library.upenn.edu/iiif/2/41a6e856-debc-44e7-8f97-2c64368e6d29/full/!200,200/0/default.jpg","https://iiif-images.library.upenn.edu/iiif/2/41a6e856-debc-44e7-8f97-2c64368e6d29/full/3500,/0/default.jpg","461,461c","https://iiif-images.library.upenn.edu/iiif/3/41a6e856-debc-44e7-8f97-2c64368e6d29/info.json, https://iiif-images.library.upenn.edu/iiif/3/0e824ed6-cc61-4eb3-b4d7-33e38b9a48e9/info.json","Marcus, Mrs. Kate",788,https://digitalrepository.library.upenn.edu/iiif/2/items/dc71c7fc-63d6-40e0-908e-ba8930064eba/manifest,https://iiif-images.library.upenn.edu/iiif/2/41a6e856-debc-44e7-8f97-2c64368e6d29|https://iiif-images.library.upenn.edu/iiif/2/0e824ed6-cc61-4eb3-b4d7-33e38b9a48e9
obj775,"In Memory of Samuel Mayer. By his Friend, S. Morais.",,,,,,,"https://iiif-images.library.upenn.edu/iiif/2/c9db6feb-e652-45e3-872c-99cd202df74b/full/!200,200/0/default.jpg","https://iiif-images.library.upenn.edu/iiif/2/c9db6feb-e652-45e3-872c-99cd202df74b/full/3500,/0/default.jpg","462,462c","https://iiif-images.library.upenn.edu/iiif/3/c9db6feb-e652-45e3-872c-99cd202df74b/info.json, https://iiif-images.library.upenn.edu/iiif/3/3fece6e6-936b-49df-a4fe-cec14f7813ad/info.json","Mayer, Samuel",789,https://digitalrepository.library.upenn.edu/iiif/2/items/dc71c7fc-63d6-40e0-908e-ba8930064eba/manifest,https://iiif-images.library.upenn.edu/iiif/2/c9db6feb-e652-45e3-872c-99cd202df74b|https://iiif-images.library.upenn.edu/iiif/2/3fece6e6-936b-49df-a4fe-cec14f7813ad
obj776,"Tribute of Respect. To the Memory of Alfred T. Jones, Delivered at his Funeral by The Rev. Dr. S. Morais. October 5th, 1888.",,,,,,,"https://iiif-images.library.upenn.edu/iiif/2/18fb70d1-8244-42d8-8e8a-cbc389988f90/full/!200,200/0/default.jpg","https://iiif-images.library.upenn.edu/iiif/2/18fb70d1-8244-42d8-8e8a-cbc389988f90/full/3500,/0/default.jpg","463,463c","https://iiif-images.library.upenn.edu/iiif/3/18fb70d1-8244-42d8-8e8a-cbc389988f90/info.json, https://iiif-images.library.upenn.edu/iiif/3/949a6864-87a3-4e3a-abf8-b92ed2460250/info.json","Jones, Alfred",790,https://digitalrepository.library.upenn.edu/iiif/2/items/dc71c7fc-63d6-40e0-908e-ba8930064eba/manifest,https://iiif-images.library.upenn.edu/iiif/2/18fb70d1-8244-42d8-8e8a-cbc389988f90|https://iiif-images.library.upenn.edu/iiif/2/949a6864-87a3-4e3a-abf8-b92ed2460250
obj777,A Prayer in the Synagogue. Rev. Dr. Morais Invokes the Almighty in Behalf of Mr. Childs.,Public Ledger,Philadelphia,"January 29, 1894",29-Jan,,1894,"https://iiif-images.library.upenn.edu/iiif/2/01dedc72-5125-4a99-a343-22346a58f084/full/!200,200/0/default.jpg","https://iiif-images.library.upenn.edu/iiif/2/01dedc72-5125-4a99-a343-22346a58f084/full/3500,/0/default.jpg",464,https://iiif-images.library.upenn.edu/iiif/3/01dedc72-5125-4a99-a343-22346a58f084/info.json,"Chiarini|Childs, George W.|Public Ledger, The",791,https://digitalrepository.library.upenn.edu/iiif/2/items/dc71c7fc-63d6-40e0-908e-ba8930064eba/manifest,https://iiif-images.library.upenn.edu/iiif/2/01dedc72-5125-4a99-a343-22346a58f084
obj778,Pulpit Tributes to Mr. Childs. Rev. Dr. Morais at the Synagogue Mikve Israel.,Public Ledger,Philadelphia,"January 29, 1894",29-Jan,,1894,"https://iiif-images.library.upenn.edu/iiif/2/01dedc72-5125-4a99-a343-22346a58f084/full/!200,200/0/default.jpg","https://iiif-images.library.upenn.edu/iiif/2/01dedc72-5125-4a99-a343-22346a58f084/full/3500,/0/default.jpg",464,https://iiif-images.library.upenn.edu/iiif/3/01dedc72-5125-4a99-a343-22346a58f084/info.json,"Chiarini|Childs, George W.|Public Ledger, The",792,https://digitalrepository.library.upenn.edu/iiif/2/items/dc71c7fc-63d6-40e0-908e-ba8930064eba/manifest,https://iiif-images.library.upenn.edu/iiif/2/01dedc72-5125-4a99-a343-22346a58f084
obj779,Alexander Kohut. A Tribute of Respect. By S. Morais.,The Jewish Exponent,Philadelphia,"June 8, 1894",8-Jun,,1894,"https://iiif-images.library.upenn.edu/iiif/2/73c84814-f0eb-4a0e-b4e9-33e481aadaa3/full/!200,200/0/default.jpg","https://iiif-images.library.upenn.edu/iiif/2/73c84814-f0eb-4a0e-b4e9-33e481aadaa3/full/3500,/0/default.jpg",465,https://iiif-images.library.upenn.edu/iiif/3/73c84814-f0eb-4a0e-b4e9-33e481aadaa3/info.json,"Aruch Completum|Jewish Exponent (Philadelphia)|Kohut, Dr. Alexander",793,https://digitalrepository.library.upenn.edu/iiif/2/items/dc71c7fc-63d6-40e0-908e-ba8930064eba/manifest,https://iiif-images.library.upenn.edu/iiif/2/73c84814-f0eb-4a0e-b4e9-33e481aadaa3
obj780,Their First Commencement.,American Hebrew,New York,"June 14, 1894",14-Jun,,1894,"https://iiif-images.library.upenn.edu/iiif/2/6a21ff91-f0f5-46ac-b358-dd9739ab9a13/full/!200,200/0/default.jpg","https://iiif-images.library.upenn.edu/iiif/2/6a21ff91-f0f5-46ac-b358-dd9739ab9a13/full/3500,/0/default.jpg",466,https://iiif-images.library.upenn.edu/iiif/3/6a21ff91-f0f5-46ac-b358-dd9739ab9a13/info.json,"American Hebrew|Blumenthal, Joseph|Hertz, Joseph H.|Herz, Joseph (see Hertz, Joseph H.):|Jewish Theological Seminary|Mendes, H. Pereira|Speaker, Henry D.|Wittenberg, David H.",794,https://digitalrepository.library.upenn.edu/iiif/2/items/dc71c7fc-63d6-40e0-908e-ba8930064eba/manifest,https://iiif-images.library.upenn.edu/iiif/2/6a21ff91-f0f5-46ac-b358-dd9739ab9a13
obj781,Tributes of Affection.,American Hebrew,New York,"July 6, 1894",6-Jul,,1894,"https://iiif-images.library.upenn.edu/iiif/2/a9d29680-86a0-4f4c-89f9-1c57eb4f2439/full/!200,200/0/default.jpg","https://iiif-images.library.upenn.edu/iiif/2/a9d29680-86a0-4f4c-89f9-1c57eb4f2439/full/3500,/0/default.jpg",467,https://iiif-images.library.upenn.edu/iiif/3/a9d29680-86a0-4f4c-89f9-1c57eb4f2439/info.json,"American Hebrew|Blumenthal, Joseph|History of the Jews|Guinsburg, Theodore|Hertz, Joseph H.|Herz, Joseph (see Hertz, Joseph H.):|Jewish Theological Seminary|Kohut, Dr. Alexander|Schmid, Anton",795,https://digitalrepository.library.upenn.edu/iiif/2/items/dc71c7fc-63d6-40e0-908e-ba8930064eba/manifest,https://iiif-images.library.upenn.edu/iiif/2/a9d29680-86a0-4f4c-89f9-1c57eb4f2439
obj782,Italian Hebrew Literature. I. Zelman. II. Almanzi,The Jewish Messenger,Philadelphia,"September 28, 1894",28-Sep,,1894,"https://iiif-images.library.upenn.edu/iiif/2/a5aea974-3e58-402b-b15e-d7e2eeec282c/full/!200,200/0/default.jpg","https://iiif-images.library.upenn.edu/iiif/2/a5aea974-3e58-402b-b15e-d7e2eeec282c/full/3500,/0/default.jpg",468,https://iiif-images.library.upenn.edu/iiif/3/a5aea974-3e58-402b-b15e-d7e2eeec282c/info.json,"Almansi|Cantoni, Lelio|Castiglioni, Victor|Formiggini, Saul|Ghirondi, Marco S.|Jewish Messenger|Lolli, S. V.|Luzzatto, Philoxene|Reggio, Isaac Samuel|Tedeschi (of Trieste), Moses|Treves, Sabato Graziado|Trieste|Zambelli, Dr.|Zelman, Samuel V.",796,https://digitalrepository.library.upenn.edu/iiif/2/items/dc71c7fc-63d6-40e0-908e-ba8930064eba/manifest,https://iiif-images.library.upenn.edu/iiif/2/a5aea974-3e58-402b-b15e-d7e2eeec282c
obj783,Italian Hebrew Literature. III. Rachel Morpurgo.,The Jewish Messenger,Philadelphia,"October 5, 1894",5-Oct,,1894,"https://iiif-images.library.upenn.edu/iiif/2/a5aea974-3e58-402b-b15e-d7e2eeec282c/full/!200,200/0/default.jpg","https://iiif-images.library.upenn.edu/iiif/2/a5aea974-3e58-402b-b15e-d7e2eeec282c/full/3500,/0/default.jpg",468,https://iiif-images.library.upenn.edu/iiif/3/a5aea974-3e58-402b-b15e-d7e2eeec282c/info.json,"Alliance IsraA?lite Universelle|Cochebe Yizchak|Emek Achor|Frankl, Ludwig A.|Jewish Messenger|Luzzatto family|Morpurgo, Rachel|Stern, Mandel|Torre (of Luneo), Lelllio Della|Ugav Rachel",797,https://digitalrepository.library.upenn.edu/iiif/2/items/dc71c7fc-63d6-40e0-908e-ba8930064eba/manifest,https://iiif-images.library.upenn.edu/iiif/2/a5aea974-3e58-402b-b15e-d7e2eeec282c
obj784,"The Jewish Question. A Sermon Delivered on Kippur-Eve. By Dr. S. Morais, Philadelphia.",American Hebrew,New York,"October 19, 1894",19-Oct,,1894,"https://iiif-images.library.upenn.edu/iiif/2/132cff8b-a40a-478d-9678-e62d79c66bd3/full/!200,200/0/default.jpg","https://iiif-images.library.upenn.edu/iiif/2/132cff8b-a40a-478d-9678-e62d79c66bd3/full/3500,/0/default.jpg",469,https://iiif-images.library.upenn.edu/iiif/3/132cff8b-a40a-478d-9678-e62d79c66bd3/info.json,"American Hebrew|Hebrew Bible|Oriental|Ruskay, Esther J.|Yom Kippur",798,https://digitalrepository.library.upenn.edu/iiif/2/items/dc71c7fc-63d6-40e0-908e-ba8930064eba/manifest,https://iiif-images.library.upenn.edu/iiif/2/132cff8b-a40a-478d-9678-e62d79c66bd3
obj785,The Condition of the Jewish Poor. By Dr. S. Morais.,The Jewish Exponent,Philadelphia,"October 19, 1894",19-Oct,,1894,"https://iiif-images.library.upenn.edu/iiif/2/ba4cb39d-0624-4ece-9c31-5c3befea5760/full/!200,200/0/default.jpg","https://iiif-images.library.upenn.edu/iiif/2/ba4cb39d-0624-4ece-9c31-5c3befea5760/full/3500,/0/default.jpg",470,https://iiif-images.library.upenn.edu/iiif/3/ba4cb39d-0624-4ece-9c31-5c3befea5760/info.json,"Jewish Exponent (Philadelphia)|O?Reilly, May A.|Poor Jews|Public Ledger, The|Sweating System|Yom Kippur",799,https://digitalrepository.library.upenn.edu/iiif/2/items/dc71c7fc-63d6-40e0-908e-ba8930064eba/manifest,https://iiif-images.library.upenn.edu/iiif/2/ba4cb39d-0624-4ece-9c31-5c3befea5760
obj786,"Rev. Dr. S. Morais's burning invective against the sweating system, [...].",The Jewish Exponent,Philadelphia,"October 19, 1894",19-Oct,,1894,"https://iiif-images.library.upenn.edu/iiif/2/ba4cb39d-0624-4ece-9c31-5c3befea5760/full/!200,200/0/default.jpg","https://iiif-images.library.upenn.edu/iiif/2/ba4cb39d-0624-4ece-9c31-5c3befea5760/full/3500,/0/default.jpg",470,https://iiif-images.library.upenn.edu/iiif/3/ba4cb39d-0624-4ece-9c31-5c3befea5760/info.json,Jewish Exponent (Philadelphia)|Sweating System,800,https://digitalrepository.library.upenn.edu/iiif/2/items/dc71c7fc-63d6-40e0-908e-ba8930064eba/manifest,https://iiif-images.library.upenn.edu/iiif/2/ba4cb39d-0624-4ece-9c31-5c3befea5760
obj787,"Dignified, Clear and Correct. From Rev. Dr. S. Morais, President of the Faculty of the Jewish Theological Seminary. [Letter] To the American Hebrew: [...].",American Hebrew,New York,"November 9, 1894",9-Nov,,1894,"https://iiif-images.library.upenn.edu/iiif/2/ba4cb39d-0624-4ece-9c31-5c3befea5760/full/!200,200/0/default.jpg","https://iiif-images.library.upenn.edu/iiif/2/ba4cb39d-0624-4ece-9c31-5c3befea5760/full/3500,/0/default.jpg",470,https://iiif-images.library.upenn.edu/iiif/3/ba4cb39d-0624-4ece-9c31-5c3befea5760/info.json,"American Hebrew|Hertz, Joseph H.|Herz, Joseph (see Hertz, Joseph H.):",801,https://digitalrepository.library.upenn.edu/iiif/2/items/dc71c7fc-63d6-40e0-908e-ba8930064eba/manifest,https://iiif-images.library.upenn.edu/iiif/2/ba4cb39d-0624-4ece-9c31-5c3befea5760
obj788,The Shechitah Question. A Review. By S. Morais.,The Jewish Exponent,Philadelphia,"November 9, 1894",9-Nov,,1894,"https://iiif-images.library.upenn.edu/iiif/2/b95eee76-517d-415a-be5b-65ada5031327/full/!200,200/0/default.jpg","https://iiif-images.library.upenn.edu/iiif/2/b95eee76-517d-415a-be5b-65ada5031327/full/3500,/0/default.jpg",471,https://iiif-images.library.upenn.edu/iiif/3/b95eee76-517d-415a-be5b-65ada5031327/info.json,"Hertz, Joseph H.|Herz, Joseph (see Hertz, Joseph H.):|Jewish Exponent (Philadelphia)|and Ritual Slaughter|Preyer, Prof.|Reymond, Emil du Bois|The Jewish Method of Slaughter, Compared with other Methods, from the Sanitarian Hygienic and Economic Points of View|Virchow, Rudolph",802,https://digitalrepository.library.upenn.edu/iiif/2/items/dc71c7fc-63d6-40e0-908e-ba8930064eba/manifest,https://iiif-images.library.upenn.edu/iiif/2/b95eee76-517d-415a-be5b-65ada5031327
obj789,The Shechitah Criticized. Objections to the Jewish Method of Slaughtering Animals.,The Jewish Exponent,Philadelphia,"November 16, 1894",16-Nov,,1894,"https://iiif-images.library.upenn.edu/iiif/2/eaaabb3a-2367-4f90-bcb8-cfc9fd8c546d/full/!200,200/0/default.jpg","https://iiif-images.library.upenn.edu/iiif/2/eaaabb3a-2367-4f90-bcb8-cfc9fd8c546d/full/3500,/0/default.jpg",472,https://iiif-images.library.upenn.edu/iiif/3/eaaabb3a-2367-4f90-bcb8-cfc9fd8c546d/info.json,"Dembo, J. A.|Jewish Exponent (Philadelphia)|Society for the Prevention of Cruelty to Animals|White, Caroline Earle",803,https://digitalrepository.library.upenn.edu/iiif/2/items/dc71c7fc-63d6-40e0-908e-ba8930064eba/manifest,https://iiif-images.library.upenn.edu/iiif/2/eaaabb3a-2367-4f90-bcb8-cfc9fd8c546d
obj790,A Thanksgiving Address. By S. Morais.,The Jewish Exponent,Philadelphia,"December 7, 1894",7-Dec,,1894,"https://iiif-images.library.upenn.edu/iiif/2/eaaabb3a-2367-4f90-bcb8-cfc9fd8c546d/full/!200,200/0/default.jpg","https://iiif-images.library.upenn.edu/iiif/2/eaaabb3a-2367-4f90-bcb8-cfc9fd8c546d/full/3500,/0/default.jpg",472,https://iiif-images.library.upenn.edu/iiif/3/eaaabb3a-2367-4f90-bcb8-cfc9fd8c546d/info.json,"Jewish Exponent (Philadelphia)|Muhr, Simon|Sylva, Carmen|Thanksgiving",804,https://digitalrepository.library.upenn.edu/iiif/2/items/dc71c7fc-63d6-40e0-908e-ba8930064eba/manifest,https://iiif-images.library.upenn.edu/iiif/2/eaaabb3a-2367-4f90-bcb8-cfc9fd8c546d
obj791,"Philanthropy Praised. Words Spoken over the Remains of Simon Muhr, by S. Morais.",,,,,,,"https://iiif-images.library.upenn.edu/iiif/2/38c20869-fac2-440f-ad14-80ac15b0c42a/full/!200,200/0/default.jpg","https://iiif-images.library.upenn.edu/iiif/2/38c20869-fac2-440f-ad14-80ac15b0c42a/full/3500,/0/default.jpg",473,https://iiif-images.library.upenn.edu/iiif/3/38c20869-fac2-440f-ad14-80ac15b0c42a/info.json,"Muhr, Simon",805,https://digitalrepository.library.upenn.edu/iiif/2/items/dc71c7fc-63d6-40e0-908e-ba8930064eba/manifest,https://iiif-images.library.upenn.edu/iiif/2/38c20869-fac2-440f-ad14-80ac15b0c42a
obj792,Mikve Israel. Annual Meeting of the Congregation and Election of Officers.,[n.p.],[n.d.],,,,,"https://iiif-images.library.upenn.edu/iiif/2/577f95b2-f0d1-4902-ae52-b4a846d4a926/full/!200,200/0/default.jpg","https://iiif-images.library.upenn.edu/iiif/2/577f95b2-f0d1-4902-ae52-b4a846d4a926/full/3500,/0/default.jpg",474,https://iiif-images.library.upenn.edu/iiif/3/577f95b2-f0d1-4902-ae52-b4a846d4a926/info.json,Gratz College,806,https://digitalrepository.library.upenn.edu/iiif/2/items/dc71c7fc-63d6-40e0-908e-ba8930064eba/manifest,https://iiif-images.library.upenn.edu/iiif/2/577f95b2-f0d1-4902-ae52-b4a846d4a926
obj793,Jewish Theological Seminary. Tenth Annual Meeting of the Philadelphia Board.,[n.p.],[n.d.],,,,,"https://iiif-images.library.upenn.edu/iiif/2/577f95b2-f0d1-4902-ae52-b4a846d4a926/full/!200,200/0/default.jpg","https://iiif-images.library.upenn.edu/iiif/2/577f95b2-f0d1-4902-ae52-b4a846d4a926/full/3500,/0/default.jpg",474,https://iiif-images.library.upenn.edu/iiif/3/577f95b2-f0d1-4902-ae52-b4a846d4a926/info.json,"Friedman, Emil|Hertz, Joseph H.|Herz, Joseph (see Hertz, Joseph H.):|Jewish Theological Seminary|Speaker, Henry D.|Wittenberg, David H.",807,https://digitalrepository.library.upenn.edu/iiif/2/items/dc71c7fc-63d6-40e0-908e-ba8930064eba/manifest,https://iiif-images.library.upenn.edu/iiif/2/577f95b2-f0d1-4902-ae52-b4a846d4a926
obj794,Abundant Prosperity for All. To the Editor of The Press.,The Press,[n.d.],,,,,"https://iiif-images.library.upenn.edu/iiif/2/a108aca9-00a2-406a-877f-0f3e5d9912fc/full/!200,200/0/default.jpg","https://iiif-images.library.upenn.edu/iiif/2/a108aca9-00a2-406a-877f-0f3e5d9912fc/full/3500,/0/default.jpg",475,https://iiif-images.library.upenn.edu/iiif/3/a108aca9-00a2-406a-877f-0f3e5d9912fc/info.json,Civic patriotism|Criminality in,808,https://digitalrepository.library.upenn.edu/iiif/2/items/dc71c7fc-63d6-40e0-908e-ba8930064eba/manifest,https://iiif-images.library.upenn.edu/iiif/2/a108aca9-00a2-406a-877f-0f3e5d9912fc
obj795,Our National Well-Being. Substance of a Thanksgiving Address by Dr. S. Morais.,The Jewish Exponent,Philadelphia,"December 4, 1896",4-Dec,,1896,"https://iiif-images.library.upenn.edu/iiif/2/a108aca9-00a2-406a-877f-0f3e5d9912fc/full/!200,200/0/default.jpg","https://iiif-images.library.upenn.edu/iiif/2/a108aca9-00a2-406a-877f-0f3e5d9912fc/full/3500,/0/default.jpg",475,https://iiif-images.library.upenn.edu/iiif/3/a108aca9-00a2-406a-877f-0f3e5d9912fc/info.json,Jewish Exponent (Philadelphia)|Thanksgiving,809,https://digitalrepository.library.upenn.edu/iiif/2/items/dc71c7fc-63d6-40e0-908e-ba8930064eba/manifest,https://iiif-images.library.upenn.edu/iiif/2/a108aca9-00a2-406a-877f-0f3e5d9912fc
obj796,Philadelphia City News. Dr. Morais Sends a Message. Unable to Be at His Post,[n.p.],[n.d.],,,,,"https://iiif-images.library.upenn.edu/iiif/2/278dc6cb-f9f3-4b27-9ece-999684a8f0b8/full/!200,200/0/default.jpg","https://iiif-images.library.upenn.edu/iiif/2/278dc6cb-f9f3-4b27-9ece-999684a8f0b8/full/3500,/0/default.jpg",476,https://iiif-images.library.upenn.edu/iiif/3/278dc6cb-f9f3-4b27-9ece-999684a8f0b8/info.json,Rosh Hashanah,810,https://digitalrepository.library.upenn.edu/iiif/2/items/dc71c7fc-63d6-40e0-908e-ba8930064eba/manifest,https://iiif-images.library.upenn.edu/iiif/2/278dc6cb-f9f3-4b27-9ece-999684a8f0b8
obj797,Summer Assembly.,[n.p.],[n.d.],,,,,"https://iiif-images.library.upenn.edu/iiif/2/278dc6cb-f9f3-4b27-9ece-999684a8f0b8/full/!200,200/0/default.jpg","https://iiif-images.library.upenn.edu/iiif/2/278dc6cb-f9f3-4b27-9ece-999684a8f0b8/full/3500,/0/default.jpg",476,https://iiif-images.library.upenn.edu/iiif/3/278dc6cb-f9f3-4b27-9ece-999684a8f0b8/info.json,"Cohen, Henry|Frankel, Lee K.|Griggs, Governor|Hoffman, Senator|Leipziger, Henry M.|Salzburg, Dr.|Vincent, John H.",811,https://digitalrepository.library.upenn.edu/iiif/2/items/dc71c7fc-63d6-40e0-908e-ba8930064eba/manifest,https://iiif-images.library.upenn.edu/iiif/2/278dc6cb-f9f3-4b27-9ece-999684a8f0b8
obj798,The Observance of the Sabbath. By Rev. Dr. S. Morais,American Hebrew,New York,"January 10, 1896",10-Jan,,1896,"https://iiif-images.library.upenn.edu/iiif/2/051c21be-b876-419c-83db-ac7fcde298e7/full/!200,200/0/default.jpg","https://iiif-images.library.upenn.edu/iiif/2/051c21be-b876-419c-83db-ac7fcde298e7/full/3500,/0/default.jpg",477,https://iiif-images.library.upenn.edu/iiif/3/051c21be-b876-419c-83db-ac7fcde298e7/info.json,American Hebrew|Sabbath Observance Association,812,https://digitalrepository.library.upenn.edu/iiif/2/items/dc71c7fc-63d6-40e0-908e-ba8930064eba/manifest,https://iiif-images.library.upenn.edu/iiif/2/051c21be-b876-419c-83db-ac7fcde298e7
obj799,Shearith Israel. By Rev. Dr. S. Morais,American Hebrew,New York,"[n.d.],  [n.d.]",[n.d.],,[n.d.],"https://iiif-images.library.upenn.edu/iiif/2/f553e424-0a2b-4bb2-9891-2a766347d602/full/!200,200/0/default.jpg","https://iiif-images.library.upenn.edu/iiif/2/f553e424-0a2b-4bb2-9891-2a766347d602/full/3500,/0/default.jpg",478,https://iiif-images.library.upenn.edu/iiif/3/f553e424-0a2b-4bb2-9891-2a766347d602/info.json,American Hebrew|Spanish and Portuguese synagogue in New York (Shearith Israel),813,https://digitalrepository.library.upenn.edu/iiif/2/items/dc71c7fc-63d6-40e0-908e-ba8930064eba/manifest,https://iiif-images.library.upenn.edu/iiif/2/f553e424-0a2b-4bb2-9891-2a766347d602
obj800,Claude Montefiore's Bible.,American Hebrew: pp. 247-249,New York,"[n.d.],  [n.d.]",[n.d.],,[n.d.],"https://iiif-images.library.upenn.edu/iiif/2/d38e3ca9-e208-4c5a-b68f-479e6dc01c58/full/!200,200/0/default.jpg","https://iiif-images.library.upenn.edu/iiif/2/d38e3ca9-e208-4c5a-b68f-479e6dc01c58/full/3500,/0/default.jpg","480,480c,480d","https://iiif-images.library.upenn.edu/iiif/3/d38e3ca9-e208-4c5a-b68f-479e6dc01c58/info.json, https://iiif-images.library.upenn.edu/iiif/3/23771597-c510-4cd0-9ace-843ba0853df8/info.json, https://iiif-images.library.upenn.edu/iiif/3/8f3a42e3-1b2f-4630-a892-a763a124c6ac/info.json",American Hebrew|The Bible for Home Reading,814,https://digitalrepository.library.upenn.edu/iiif/2/items/dc71c7fc-63d6-40e0-908e-ba8930064eba/manifest,https://iiif-images.library.upenn.edu/iiif/2/d38e3ca9-e208-4c5a-b68f-479e6dc01c58|https://iiif-images.library.upenn.edu/iiif/2/23771597-c510-4cd0-9ace-843ba0853df8|https://iiif-images.library.upenn.edu/iiif/2/8f3a42e3-1b2f-4630-a892-a763a124c6ac
obj801,The Great Sabbath. The Rev. Dr. Morais Preaches on the Religious Significance of the Passover.,[n.p.],,"April 12, 1897",12-Apr,,1897,"https://iiif-images.library.upenn.edu/iiif/2/41a530b5-8184-4466-8e93-9e5d856f32da/full/!200,200/0/default.jpg","https://iiif-images.library.upenn.edu/iiif/2/41a530b5-8184-4466-8e93-9e5d856f32da/full/3500,/0/default.jpg",481,https://iiif-images.library.upenn.edu/iiif/3/41a530b5-8184-4466-8e93-9e5d856f32da/info.json,Passover|Shabbat Hagadol|Sabbath observance,815,https://digitalrepository.library.upenn.edu/iiif/2/items/dc71c7fc-63d6-40e0-908e-ba8930064eba/manifest,https://iiif-images.library.upenn.edu/iiif/2/41a530b5-8184-4466-8e93-9e5d856f32da
obj802,Rapoport. Rev. Dr. Morais Gives an Interesting Account of the Scholar's Life and Works.,[n.p.],[n.d.],,,,,"https://iiif-images.library.upenn.edu/iiif/2/41a530b5-8184-4466-8e93-9e5d856f32da/full/!200,200/0/default.jpg","https://iiif-images.library.upenn.edu/iiif/2/41a530b5-8184-4466-8e93-9e5d856f32da/full/3500,/0/default.jpg",481,https://iiif-images.library.upenn.edu/iiif/3/41a530b5-8184-4466-8e93-9e5d856f32da/info.json,"Bikkurei Ha-Ittim|Erekh Millin|Jellinek, Dr. Adolph|Kerem Chemed|Rapoport, S.L.|Schmid, Anton",816,https://digitalrepository.library.upenn.edu/iiif/2/items/dc71c7fc-63d6-40e0-908e-ba8930064eba/manifest,https://iiif-images.library.upenn.edu/iiif/2/41a530b5-8184-4466-8e93-9e5d856f32da
obj803,Be Faithful Guardians. By Rev. Dr. S. Morais.,American Hebrew,New York,"[n.d.],  [n.d.]",[n.d.],,[n.d.],"https://iiif-images.library.upenn.edu/iiif/2/7b42460b-de5a-47af-b280-2213889c7538/full/!200,200/0/default.jpg","https://iiif-images.library.upenn.edu/iiif/2/7b42460b-de5a-47af-b280-2213889c7538/full/3500,/0/default.jpg",482,https://iiif-images.library.upenn.edu/iiif/3/7b42460b-de5a-47af-b280-2213889c7538/info.json,"American Hebrew|Friedman, Emil|Hertz, Joseph H.|Herz, Joseph (see Hertz, Joseph H.):|Jewish Theological Seminary|Speaker, Henry D.|Wittenberg, David H.",817,https://digitalrepository.library.upenn.edu/iiif/2/items/dc71c7fc-63d6-40e0-908e-ba8930064eba/manifest,https://iiif-images.library.upenn.edu/iiif/2/7b42460b-de5a-47af-b280-2213889c7538
obj804,Be Faithful Guardians. By Rev. Dr. S. Morais. [Concluded].,American Hebrew,New York,"[n.d.],  [n.d.]",[n.d.],,[n.d.],"https://iiif-images.library.upenn.edu/iiif/2/57c4da6e-945c-4ca5-b6f7-c67b7d7d9afa/full/!200,200/0/default.jpg","https://iiif-images.library.upenn.edu/iiif/2/57c4da6e-945c-4ca5-b6f7-c67b7d7d9afa/full/3500,/0/default.jpg",483,https://iiif-images.library.upenn.edu/iiif/3/57c4da6e-945c-4ca5-b6f7-c67b7d7d9afa/info.json,American Hebrew|Cantarini Family,818,https://digitalrepository.library.upenn.edu/iiif/2/items/dc71c7fc-63d6-40e0-908e-ba8930064eba/manifest,https://iiif-images.library.upenn.edu/iiif/2/57c4da6e-945c-4ca5-b6f7-c67b7d7d9afa
obj805,The Zionist Movement. As Viewed by Rev. Dr. S. Morais [and others.] Restoration to Zion. By Rev. Dr. S. Morais.,[n.p.],,"June 4, 1897",4-Jun,,1897,"https://iiif-images.library.upenn.edu/iiif/2/f1828c6a-4183-4da7-b30c-3c500101ed9c/full/!200,200/0/default.jpg","https://iiif-images.library.upenn.edu/iiif/2/f1828c6a-4183-4da7-b30c-3c500101ed9c/full/3500,/0/default.jpg",484,https://iiif-images.library.upenn.edu/iiif/3/f1828c6a-4183-4da7-b30c-3c500101ed9c/info.json,"Baroway, S.|Felsenthal, Bernhard (Rabbi)|Josephson, J.|Klein, Moses|Levy, J. Leonard|Zionism",819,https://digitalrepository.library.upenn.edu/iiif/2/items/dc71c7fc-63d6-40e0-908e-ba8930064eba/manifest,https://iiif-images.library.upenn.edu/iiif/2/f1828c6a-4183-4da7-b30c-3c500101ed9c
obj806,Three-Score-and-Ten.,American Hebrew,,,,,,"https://iiif-images.library.upenn.edu/iiif/2/4f550c6f-395b-420d-83a4-0d629f245280/full/!200,200/0/default.jpg","https://iiif-images.library.upenn.edu/iiif/2/4f550c6f-395b-420d-83a4-0d629f245280/full/3500,/0/default.jpg",496,https://iiif-images.library.upenn.edu/iiif/3/4f550c6f-395b-420d-83a4-0d629f245280/info.json,American Hebrew|Morais Library|70th Birthday,820,https://digitalrepository.library.upenn.edu/iiif/2/items/dc71c7fc-63d6-40e0-908e-ba8930064eba/manifest,https://iiif-images.library.upenn.edu/iiif/2/4f550c6f-395b-420d-83a4-0d629f245280
obj807,"The services at the Jewish Theological Seminary tomorrow afternoon, [...].",[n.p.],,,,,,"https://iiif-images.library.upenn.edu/iiif/2/4f550c6f-395b-420d-83a4-0d629f245280/full/!200,200/0/default.jpg","https://iiif-images.library.upenn.edu/iiif/2/4f550c6f-395b-420d-83a4-0d629f245280/full/3500,/0/default.jpg",496,https://iiif-images.library.upenn.edu/iiif/3/4f550c6f-395b-420d-83a4-0d629f245280/info.json,70th Birthday,821,https://digitalrepository.library.upenn.edu/iiif/2/items/dc71c7fc-63d6-40e0-908e-ba8930064eba/manifest,https://iiif-images.library.upenn.edu/iiif/2/4f550c6f-395b-420d-83a4-0d629f245280
obj808,Which We Cordially Endorse.,[n.p.],,,,,,"https://iiif-images.library.upenn.edu/iiif/2/4f550c6f-395b-420d-83a4-0d629f245280/full/!200,200/0/default.jpg","https://iiif-images.library.upenn.edu/iiif/2/4f550c6f-395b-420d-83a4-0d629f245280/full/3500,/0/default.jpg",496,https://iiif-images.library.upenn.edu/iiif/3/4f550c6f-395b-420d-83a4-0d629f245280/info.json,70th Birthday,822,https://digitalrepository.library.upenn.edu/iiif/2/items/dc71c7fc-63d6-40e0-908e-ba8930064eba/manifest,https://iiif-images.library.upenn.edu/iiif/2/4f550c6f-395b-420d-83a4-0d629f245280
obj809,There is one thought in Dr. Morais's address [...].,The Jewish Exponent,[n.d.],,,,,"https://iiif-images.library.upenn.edu/iiif/2/4f550c6f-395b-420d-83a4-0d629f245280/full/!200,200/0/default.jpg","https://iiif-images.library.upenn.edu/iiif/2/4f550c6f-395b-420d-83a4-0d629f245280/full/3500,/0/default.jpg",496,https://iiif-images.library.upenn.edu/iiif/3/4f550c6f-395b-420d-83a4-0d629f245280/info.json,Jewish Exponent (Philadelphia)|70th Birthday,823,https://digitalrepository.library.upenn.edu/iiif/2/items/dc71c7fc-63d6-40e0-908e-ba8930064eba/manifest,https://iiif-images.library.upenn.edu/iiif/2/4f550c6f-395b-420d-83a4-0d629f245280
obj810,Forty years in one position [...].,The Jewish Exponent,,,,,,"https://iiif-images.library.upenn.edu/iiif/2/4f550c6f-395b-420d-83a4-0d629f245280/full/!200,200/0/default.jpg","https://iiif-images.library.upenn.edu/iiif/2/4f550c6f-395b-420d-83a4-0d629f245280/full/3500,/0/default.jpg",496,https://iiif-images.library.upenn.edu/iiif/3/4f550c6f-395b-420d-83a4-0d629f245280/info.json,Jewish Exponent (Philadelphia)|70th Birthday,824,https://digitalrepository.library.upenn.edu/iiif/2/items/dc71c7fc-63d6-40e0-908e-ba8930064eba/manifest,https://iiif-images.library.upenn.edu/iiif/2/4f550c6f-395b-420d-83a4-0d629f245280
obj811,The seventy years of existence [...].,The Jewish Exponent,,,,,,"https://iiif-images.library.upenn.edu/iiif/2/7ed26edb-3c85-43f4-824e-ac437c4d150c/full/!200,200/0/default.jpg","https://iiif-images.library.upenn.edu/iiif/2/7ed26edb-3c85-43f4-824e-ac437c4d150c/full/3500,/0/default.jpg",497,https://iiif-images.library.upenn.edu/iiif/3/7ed26edb-3c85-43f4-824e-ac437c4d150c/info.json,Jewish Exponent (Philadelphia)|Morais Library|70th Birthday,825,https://digitalrepository.library.upenn.edu/iiif/2/items/dc71c7fc-63d6-40e0-908e-ba8930064eba/manifest,https://iiif-images.library.upenn.edu/iiif/2/7ed26edb-3c85-43f4-824e-ac437c4d150c
obj812,"Rev. S. Morais, L.L.D., of Philadelphia completed on Saturday, his fortieth year [...].",[Jewish Messenger?],,,,,,"https://iiif-images.library.upenn.edu/iiif/2/7ed26edb-3c85-43f4-824e-ac437c4d150c/full/!200,200/0/default.jpg","https://iiif-images.library.upenn.edu/iiif/2/7ed26edb-3c85-43f4-824e-ac437c4d150c/full/3500,/0/default.jpg",497,https://iiif-images.library.upenn.edu/iiif/3/7ed26edb-3c85-43f4-824e-ac437c4d150c/info.json,Jewish Messenger|70th Birthday,826,https://digitalrepository.library.upenn.edu/iiif/2/items/dc71c7fc-63d6-40e0-908e-ba8930064eba/manifest,https://iiif-images.library.upenn.edu/iiif/2/7ed26edb-3c85-43f4-824e-ac437c4d150c
obj813,"The Seventieth birthday of Rev. Dr. Morais, of Philadelphia [...].","[n.p.], 1893",,,,,,"https://iiif-images.library.upenn.edu/iiif/2/7ed26edb-3c85-43f4-824e-ac437c4d150c/full/!200,200/0/default.jpg","https://iiif-images.library.upenn.edu/iiif/2/7ed26edb-3c85-43f4-824e-ac437c4d150c/full/3500,/0/default.jpg",497,https://iiif-images.library.upenn.edu/iiif/3/7ed26edb-3c85-43f4-824e-ac437c4d150c/info.json,70th Birthday,827,https://digitalrepository.library.upenn.edu/iiif/2/items/dc71c7fc-63d6-40e0-908e-ba8930064eba/manifest,https://iiif-images.library.upenn.edu/iiif/2/7ed26edb-3c85-43f4-824e-ac437c4d150c
obj814,Dr. Morais is favourably known [...].,[n.p.],[n.d.],,,,,"https://iiif-images.library.upenn.edu/iiif/2/7ed26edb-3c85-43f4-824e-ac437c4d150c/full/!200,200/0/default.jpg","https://iiif-images.library.upenn.edu/iiif/2/7ed26edb-3c85-43f4-824e-ac437c4d150c/full/3500,/0/default.jpg",497,https://iiif-images.library.upenn.edu/iiif/3/7ed26edb-3c85-43f4-824e-ac437c4d150c/info.json,70th Birthday,828,https://digitalrepository.library.upenn.edu/iiif/2/items/dc71c7fc-63d6-40e0-908e-ba8930064eba/manifest,https://iiif-images.library.upenn.edu/iiif/2/7ed26edb-3c85-43f4-824e-ac437c4d150c
obj815,Dr. Morais? Anniversary.,The Jewish Exponent,Philadelphia,"[n.d.],  [n.d.]",[n.d.],,[n.d.],"https://iiif-images.library.upenn.edu/iiif/2/7ed26edb-3c85-43f4-824e-ac437c4d150c/full/!200,200/0/default.jpg","https://iiif-images.library.upenn.edu/iiif/2/7ed26edb-3c85-43f4-824e-ac437c4d150c/full/3500,/0/default.jpg",497,https://iiif-images.library.upenn.edu/iiif/3/7ed26edb-3c85-43f4-824e-ac437c4d150c/info.json,Jewish Exponent (Philadelphia)|70th Birthday,829,https://digitalrepository.library.upenn.edu/iiif/2/items/dc71c7fc-63d6-40e0-908e-ba8930064eba/manifest,https://iiif-images.library.upenn.edu/iiif/2/7ed26edb-3c85-43f4-824e-ac437c4d150c
obj816,Dr. Morais on Washington. The Venerable Rabbi Extols the Memory of the Great Patriot.,[n.p.],[n.d.],,,,,"https://iiif-images.library.upenn.edu/iiif/2/0aae6497-a0d0-445f-b345-9e85d4dc51a3/full/!200,200/0/default.jpg","https://iiif-images.library.upenn.edu/iiif/2/0aae6497-a0d0-445f-b345-9e85d4dc51a3/full/3500,/0/default.jpg",501,https://iiif-images.library.upenn.edu/iiif/3/0aae6497-a0d0-445f-b345-9e85d4dc51a3/info.json,"Lincoln, Abraham|Washington, George",830,https://digitalrepository.library.upenn.edu/iiif/2/items/dc71c7fc-63d6-40e0-908e-ba8930064eba/manifest,https://iiif-images.library.upenn.edu/iiif/2/0aae6497-a0d0-445f-b345-9e85d4dc51a3
obj817,The Chinese Exclusion Law. [Letter] To the Editor of The Public Ledger: [...].,The Public Ledger,Philadelphia,"[n.d.],  [n.d.]",[n.d.],,[n.d.],"https://iiif-images.library.upenn.edu/iiif/2/7ed26edb-3c85-43f4-824e-ac437c4d150c/full/!200,200/0/default.jpg","https://iiif-images.library.upenn.edu/iiif/2/7ed26edb-3c85-43f4-824e-ac437c4d150c/full/3500,/0/default.jpg",497,https://iiif-images.library.upenn.edu/iiif/3/7ed26edb-3c85-43f4-824e-ac437c4d150c/info.json,"Chinese Exclusion Act|Public Ledger, The",831,https://digitalrepository.library.upenn.edu/iiif/2/items/dc71c7fc-63d6-40e0-908e-ba8930064eba/manifest,https://iiif-images.library.upenn.edu/iiif/2/7ed26edb-3c85-43f4-824e-ac437c4d150c
obj818,The Chinese Exclusion Act. [Letter] To the Editor of The Public Ledger: [...].,The Public Ledger,Philadelphia,"[n.d.],  [n.d.]",[n.d.],,[n.d.],"https://iiif-images.library.upenn.edu/iiif/2/7ed26edb-3c85-43f4-824e-ac437c4d150c/full/!200,200/0/default.jpg","https://iiif-images.library.upenn.edu/iiif/2/7ed26edb-3c85-43f4-824e-ac437c4d150c/full/3500,/0/default.jpg",497,https://iiif-images.library.upenn.edu/iiif/3/7ed26edb-3c85-43f4-824e-ac437c4d150c/info.json,"Chinese Exclusion Act|City of Brotherly Love|Public Ledger, The",832,https://digitalrepository.library.upenn.edu/iiif/2/items/dc71c7fc-63d6-40e0-908e-ba8930064eba/manifest,https://iiif-images.library.upenn.edu/iiif/2/7ed26edb-3c85-43f4-824e-ac437c4d150c
obj819,We send our greetings and best wishes [...].,The Jewish Voice,,,,,,"https://iiif-images.library.upenn.edu/iiif/2/7ed26edb-3c85-43f4-824e-ac437c4d150c/full/!200,200/0/default.jpg","https://iiif-images.library.upenn.edu/iiif/2/7ed26edb-3c85-43f4-824e-ac437c4d150c/full/3500,/0/default.jpg",497,https://iiif-images.library.upenn.edu/iiif/3/7ed26edb-3c85-43f4-824e-ac437c4d150c/info.json,70th Birthday,833,https://digitalrepository.library.upenn.edu/iiif/2/items/dc71c7fc-63d6-40e0-908e-ba8930064eba/manifest,https://iiif-images.library.upenn.edu/iiif/2/7ed26edb-3c85-43f4-824e-ac437c4d150c
obj820,"The Rev. Dr. Sabato Morais. The Eminent Rabbi, Theologian and Scholar Congratulated on His Birthday.",Public Ledger,,,,,,"https://iiif-images.library.upenn.edu/iiif/2/7ed26edb-3c85-43f4-824e-ac437c4d150c/full/!200,200/0/default.jpg","https://iiif-images.library.upenn.edu/iiif/2/7ed26edb-3c85-43f4-824e-ac437c4d150c/full/3500,/0/default.jpg",497,https://iiif-images.library.upenn.edu/iiif/3/7ed26edb-3c85-43f4-824e-ac437c4d150c/info.json,"Blumenthal, Joseph|Drachman, Dr. Bernhard|Hertz, Joseph H.|Herz, Joseph (see Hertz, Joseph H.):|Jacobs, Henry S.|Kohut, Dr. Alexander|Maisner, Moses|Mendes, Dr. F. De Solla|Mendes, H. Pereira|Morais Library|70th Birthday|Public Ledger, The",834,https://digitalrepository.library.upenn.edu/iiif/2/items/dc71c7fc-63d6-40e0-908e-ba8930064eba/manifest,https://iiif-images.library.upenn.edu/iiif/2/7ed26edb-3c85-43f4-824e-ac437c4d150c
obj821,There is not an Israelite in the United States [...].,Public Ledger,,,,,,"https://iiif-images.library.upenn.edu/iiif/2/7ed26edb-3c85-43f4-824e-ac437c4d150c/full/!200,200/0/default.jpg","https://iiif-images.library.upenn.edu/iiif/2/7ed26edb-3c85-43f4-824e-ac437c4d150c/full/3500,/0/default.jpg",497,https://iiif-images.library.upenn.edu/iiif/3/7ed26edb-3c85-43f4-824e-ac437c4d150c/info.json,"Abolitionism|70th Birthday|Public Ledger, The",835,https://digitalrepository.library.upenn.edu/iiif/2/items/dc71c7fc-63d6-40e0-908e-ba8930064eba/manifest,https://iiif-images.library.upenn.edu/iiif/2/7ed26edb-3c85-43f4-824e-ac437c4d150c
obj822,Rev. Dr. S. Morais will apparently allow no concession in his interpretation of Judaism. [...].,The Jewish Messenger,Philadelphia,"[n.d.],  [n.d.]",[n.d.],,[n.d.],"https://iiif-images.library.upenn.edu/iiif/2/7ed26edb-3c85-43f4-824e-ac437c4d150c/full/!200,200/0/default.jpg","https://iiif-images.library.upenn.edu/iiif/2/7ed26edb-3c85-43f4-824e-ac437c4d150c/full/3500,/0/default.jpg",497,https://iiif-images.library.upenn.edu/iiif/3/7ed26edb-3c85-43f4-824e-ac437c4d150c/info.json,Jewish Messenger|Jewish Theological Seminary,836,https://digitalrepository.library.upenn.edu/iiif/2/items/dc71c7fc-63d6-40e0-908e-ba8930064eba/manifest,https://iiif-images.library.upenn.edu/iiif/2/7ed26edb-3c85-43f4-824e-ac437c4d150c
obj823,"Dr. Morais, who celebrated his seventieth birthday last week, [...].",The Hebrew Standard,New York,"April 28, 1893",28-Apr,,1893,"https://iiif-images.library.upenn.edu/iiif/2/038d2a1f-76d1-47a2-a870-d1d5593d710b/full/!200,200/0/default.jpg","https://iiif-images.library.upenn.edu/iiif/2/038d2a1f-76d1-47a2-a870-d1d5593d710b/full/3500,/0/default.jpg",498,https://iiif-images.library.upenn.edu/iiif/3/038d2a1f-76d1-47a2-a870-d1d5593d710b/info.json,70th Birthday,837,https://digitalrepository.library.upenn.edu/iiif/2/items/dc71c7fc-63d6-40e0-908e-ba8930064eba/manifest,https://iiif-images.library.upenn.edu/iiif/2/038d2a1f-76d1-47a2-a870-d1d5593d710b
obj824,"We extend our most cordial congratulations, in behalf of our coreligionists of this city, [...].",The Hebrew Journal,New York,"[n.d.],  [n.d.]",[n.d.],,[n.d.],"https://iiif-images.library.upenn.edu/iiif/2/038d2a1f-76d1-47a2-a870-d1d5593d710b/full/!200,200/0/default.jpg","https://iiif-images.library.upenn.edu/iiif/2/038d2a1f-76d1-47a2-a870-d1d5593d710b/full/3500,/0/default.jpg",498,https://iiif-images.library.upenn.edu/iiif/3/038d2a1f-76d1-47a2-a870-d1d5593d710b/info.json,Jewish Theological Seminary|Mikveh Israel|Fortieth anniversary,838,https://digitalrepository.library.upenn.edu/iiif/2/items/dc71c7fc-63d6-40e0-908e-ba8930064eba/manifest,https://iiif-images.library.upenn.edu/iiif/2/038d2a1f-76d1-47a2-a870-d1d5593d710b
obj825,In another column we publish by request [...].,The Jewish Messenger,Philadelphia,"[n.d.],  [n.d.]",[n.d.],,[n.d.],"https://iiif-images.library.upenn.edu/iiif/2/038d2a1f-76d1-47a2-a870-d1d5593d710b/full/!200,200/0/default.jpg","https://iiif-images.library.upenn.edu/iiif/2/038d2a1f-76d1-47a2-a870-d1d5593d710b/full/3500,/0/default.jpg",498,https://iiif-images.library.upenn.edu/iiif/3/038d2a1f-76d1-47a2-a870-d1d5593d710b/info.json,Jewish Messenger|Jewish Theological Seminary|70th Birthday,839,https://digitalrepository.library.upenn.edu/iiif/2/items/dc71c7fc-63d6-40e0-908e-ba8930064eba/manifest,https://iiif-images.library.upenn.edu/iiif/2/038d2a1f-76d1-47a2-a870-d1d5593d710b
obj826,During the forty years in which Dr. Sabato Morais [...].,American Hebrew,New York,"April 10, 1891",10-Apr,,1891,"https://iiif-images.library.upenn.edu/iiif/2/038d2a1f-76d1-47a2-a870-d1d5593d710b/full/!200,200/0/default.jpg","https://iiif-images.library.upenn.edu/iiif/2/038d2a1f-76d1-47a2-a870-d1d5593d710b/full/3500,/0/default.jpg",498,https://iiif-images.library.upenn.edu/iiif/3/038d2a1f-76d1-47a2-a870-d1d5593d710b/info.json,American Hebrew|Mikveh Israel|Fortieth anniversary,840,https://digitalrepository.library.upenn.edu/iiif/2/items/dc71c7fc-63d6-40e0-908e-ba8930064eba/manifest,https://iiif-images.library.upenn.edu/iiif/2/038d2a1f-76d1-47a2-a870-d1d5593d710b
obj827,Rev. Dr. Morais Honored. The Distinguished Rabbi Celebrates His Seventieth Birthday Anniversary. A Morais Library at the Theological Seminary.,The Hebrew Exponent,New York,"[n.d.],  [n.d.]",[n.d.],,[n.d.],"https://iiif-images.library.upenn.edu/iiif/2/483f7dd3-0108-4092-8721-e391147ae66d/full/!200,200/0/default.jpg","https://iiif-images.library.upenn.edu/iiif/2/483f7dd3-0108-4092-8721-e391147ae66d/full/3500,/0/default.jpg",499,https://iiif-images.library.upenn.edu/iiif/3/483f7dd3-0108-4092-8721-e391147ae66d/info.json,"Abolitionism|Blumenthal, Joseph|Drachman, Dr. Bernhard|Jacobs, Henry S.|Kohut, Dr. Alexander|Maisner, Moses|Mendes, Dr. F. De Solla|Mendes, H. Pereira|Morais Library|70th Birthday",841,https://digitalrepository.library.upenn.edu/iiif/2/items/dc71c7fc-63d6-40e0-908e-ba8930064eba/manifest,https://iiif-images.library.upenn.edu/iiif/2/483f7dd3-0108-4092-8721-e391147ae66d
obj828,An Honored Rabbi,The Hebrew Journal,New York,"[n.d.],  [n.d.]",[n.d.],,[n.d.],"https://iiif-images.library.upenn.edu/iiif/2/483f7dd3-0108-4092-8721-e391147ae66d/full/!200,200/0/default.jpg","https://iiif-images.library.upenn.edu/iiif/2/483f7dd3-0108-4092-8721-e391147ae66d/full/3500,/0/default.jpg",499,https://iiif-images.library.upenn.edu/iiif/3/483f7dd3-0108-4092-8721-e391147ae66d/info.json,Jewish Theological Seminary|Morais Library|70th Birthday,842,https://digitalrepository.library.upenn.edu/iiif/2/items/dc71c7fc-63d6-40e0-908e-ba8930064eba/manifest,https://iiif-images.library.upenn.edu/iiif/2/483f7dd3-0108-4092-8721-e391147ae66d
obj829,"Dr. Morais's Forty Years. His connection with the Mickve Israel, which Honors Him.",The Jewish Exponent,,,,,,"https://iiif-images.library.upenn.edu/iiif/2/483f7dd3-0108-4092-8721-e391147ae66d/full/!200,200/0/default.jpg","https://iiif-images.library.upenn.edu/iiif/2/483f7dd3-0108-4092-8721-e391147ae66d/full/3500,/0/default.jpg",499,https://iiif-images.library.upenn.edu/iiif/3/483f7dd3-0108-4092-8721-e391147ae66d/info.json,"Feinberg, Isaac|Fleischman, Rev. S. M.|Gans, Solomon|Hunt, Isaac|Hyneman, Samuel|Illowizi, Henry|Jewish Exponent (Philadelphia)|Jewish Theological Seminary|Mastbaum, Levi|Mayer, Lazarus|Morris, William|Solis, David|Fortieth anniversary",843,https://digitalrepository.library.upenn.edu/iiif/2/items/dc71c7fc-63d6-40e0-908e-ba8930064eba/manifest,https://iiif-images.library.upenn.edu/iiif/2/483f7dd3-0108-4092-8721-e391147ae66d
obj830,Mickve Israel.,Public Ledger,Philadelphia,"September 28, 1897",28-Sep,,1897,"https://iiif-images.library.upenn.edu/iiif/2/eb103dfc-e463-4726-9d5a-6d14ed5205b0/full/!200,200/0/default.jpg","https://iiif-images.library.upenn.edu/iiif/2/eb103dfc-e463-4726-9d5a-6d14ed5205b0/full/3500,/0/default.jpg",500,https://iiif-images.library.upenn.edu/iiif/3/eb103dfc-e463-4726-9d5a-6d14ed5205b0/info.json,Mikveh Israel|Rosh Hashanah|Religious education|Temperance,844,https://digitalrepository.library.upenn.edu/iiif/2/items/dc71c7fc-63d6-40e0-908e-ba8930064eba/manifest,https://iiif-images.library.upenn.edu/iiif/2/eb103dfc-e463-4726-9d5a-6d14ed5205b0
obj831,Dr. Morais on Washington. The Venerable Rabbi Extols the Memory of the Great Patriot.,[n.p.],[n.d.],,,,,"https://iiif-images.library.upenn.edu/iiif/2/0aae6497-a0d0-445f-b345-9e85d4dc51a3/full/!200,200/0/default.jpg","https://iiif-images.library.upenn.edu/iiif/2/0aae6497-a0d0-445f-b345-9e85d4dc51a3/full/3500,/0/default.jpg",501,https://iiif-images.library.upenn.edu/iiif/3/0aae6497-a0d0-445f-b345-9e85d4dc51a3/info.json,"Lincoln, Abraham|Public Ledger, The|Washington, George",845,https://digitalrepository.library.upenn.edu/iiif/2/items/dc71c7fc-63d6-40e0-908e-ba8930064eba/manifest,https://iiif-images.library.upenn.edu/iiif/2/0aae6497-a0d0-445f-b345-9e85d4dc51a3
